project_id,file,line,name,value_expr,value_num,category,#,confidence,basis
evt-v003-iap,CH32V003/EVT/EXAM/USART_IAP/CH32V003_IAP/User/iap.c,26,isp_cmd_t,((isp_cmd  *)EP2_Rx_Buffer),,misc,#,single-source,evt:CH32V003/EVT/EXAM/USART_IAP/CH32V003_IAP/User/iap.c(L26)
evt-v003-iap,CH32V003/EVT/EXAM/USART_IAP/CH32V003_IAP/User/iap.h,18,USBD_DATA_SIZE,64,64,size,#,single-source,evt:CH32V003/EVT/EXAM/USART_IAP/CH32V003_IAP/User/iap.h(L18)
evt-v003-iap,CH32V003/EVT/EXAM/USART_IAP/CH32V003_IAP/User/iap.h,19,FLASH_Base,0x08000000,134217728,address,#,single-source,evt:CH32V003/EVT/EXAM/USART_IAP/CH32V003_IAP/User/iap.h(L19)
evt-v003-iap,CH32V003/EVT/EXAM/USART_IAP/CH32V003_IAP/User/iap.h,21,Uart_Sync_Head1,0xaa,170,protocol,#,single-source,evt:CH32V003/EVT/EXAM/USART_IAP/CH32V003_IAP/User/iap.h(L21)
evt-v003-iap,CH32V003/EVT/EXAM/USART_IAP/CH32V003_IAP/User/iap.h,22,Uart_Sync_Head2,0x55,85,protocol,#,single-source,evt:CH32V003/EVT/EXAM/USART_IAP/CH32V003_IAP/User/iap.h(L22)
evt-v003-iap,CH32V003/EVT/EXAM/USART_IAP/CH32V003_IAP/User/iap.h,24,CMD_IAP_PROM,0x80,128,protocol,#,single-source,evt:CH32V003/EVT/EXAM/USART_IAP/CH32V003_IAP/User/iap.h(L24)
evt-v003-iap,CH32V003/EVT/EXAM/USART_IAP/CH32V003_IAP/User/iap.h,25,CMD_IAP_ERASE,0x81,129,protocol,#,single-source,evt:CH32V003/EVT/EXAM/USART_IAP/CH32V003_IAP/User/iap.h(L25)
evt-v003-iap,CH32V003/EVT/EXAM/USART_IAP/CH32V003_IAP/User/iap.h,26,CMD_IAP_VERIFY,0x82,130,protocol,#,single-source,evt:CH32V003/EVT/EXAM/USART_IAP/CH32V003_IAP/User/iap.h(L26)
evt-v003-iap,CH32V003/EVT/EXAM/USART_IAP/CH32V003_IAP/User/iap.h,27,CMD_IAP_END,0x83,131,protocol,#,single-source,evt:CH32V003/EVT/EXAM/USART_IAP/CH32V003_IAP/User/iap.h(L27)
evt-v003-iap,CH32V003/EVT/EXAM/USART_IAP/CH32V003_IAP/User/iap.h,28,CMD_JUMP_IAP,0x84,132,protocol,#,single-source,evt:CH32V003/EVT/EXAM/USART_IAP/CH32V003_IAP/User/iap.h(L28)
evt-v003-iap,CH32V003/EVT/EXAM/USART_IAP/CH32V003_IAP/User/iap.h,30,ERR_SUCCESS,0x00,0,protocol,#,single-source,evt:CH32V003/EVT/EXAM/USART_IAP/CH32V003_IAP/User/iap.h(L30)
evt-v003-iap,CH32V003/EVT/EXAM/USART_IAP/CH32V003_IAP/User/iap.h,31,ERR_ERROR,0x01,1,protocol,#,single-source,evt:CH32V003/EVT/EXAM/USART_IAP/CH32V003_IAP/User/iap.h(L31)
evt-v003-iap,CH32V003/EVT/EXAM/USART_IAP/CH32V003_IAP/User/iap.h,32,ERR_End,0x02,2,protocol,#,single-source,evt:CH32V003/EVT/EXAM/USART_IAP/CH32V003_IAP/User/iap.h(L32)
evt-v003-iap,CH32V003/EVT/EXAM/USART_IAP/CH32V003_IAP/User/iap.h,34,CalAddr,(0x08004000-4),134234108,address,#,single-source,evt:CH32V003/EVT/EXAM/USART_IAP/CH32V003_IAP/User/iap.h(L34)
evt-v003-iap,CH32V003/EVT/EXAM/USART_IAP/CH32V003_IAP/User/iap.h,35,CheckNum,(0x5aa55aa5),1520786085,address,#,single-source,evt:CH32V003/EVT/EXAM/USART_IAP/CH32V003_IAP/User/iap.h(L35)
evt-v003-iap,CH32V003/EVT/EXAM/USART_IAP/CH32V003_IAP/User/main.c,32,UPGRADE_MODE_COMMAND,0,0,misc,#,single-source,evt:CH32V003/EVT/EXAM/USART_IAP/CH32V003_IAP/User/main.c(L32)
evt-v003-iap,CH32V003/EVT/EXAM/USART_IAP/CH32V003_IAP/User/main.c,33,UPGRADE_MODE_IO,1,1,misc,#,single-source,evt:CH32V003/EVT/EXAM/USART_IAP/CH32V003_IAP/User/main.c(L33)
evt-v003-iap,CH32V003/EVT/EXAM/USART_IAP/CH32V003_IAP/User/main.c,35,UPGRADE_MODE,UPGRADE_MODE_COMMAND,,misc,#,single-source,evt:CH32V003/EVT/EXAM/USART_IAP/CH32V003_IAP/User/main.c(L35)
evt-v003-app,CH32V003/EVT/EXAM/USART_IAP/CH32V003_APP/User/iap.c,26,isp_cmd_t,((isp_cmd  *)EP2_Rx_Buffer),,misc,#,single-source,evt:CH32V003/EVT/EXAM/USART_IAP/CH32V003_APP/User/iap.c(L26)
evt-v003-app,CH32V003/EVT/EXAM/USART_IAP/CH32V003_APP/User/iap.h,18,USBD_DATA_SIZE,64,64,size,#,single-source,evt:CH32V003/EVT/EXAM/USART_IAP/CH32V003_APP/User/iap.h(L18)
evt-v003-app,CH32V003/EVT/EXAM/USART_IAP/CH32V003_APP/User/iap.h,19,FLASH_Base,0x08000000,134217728,address,#,single-source,evt:CH32V003/EVT/EXAM/USART_IAP/CH32V003_APP/User/iap.h(L19)
evt-v003-app,CH32V003/EVT/EXAM/USART_IAP/CH32V003_APP/User/iap.h,21,Uart_Sync_Head1,0xaa,170,protocol,#,single-source,evt:CH32V003/EVT/EXAM/USART_IAP/CH32V003_APP/User/iap.h(L21)
evt-v003-app,CH32V003/EVT/EXAM/USART_IAP/CH32V003_APP/User/iap.h,22,Uart_Sync_Head2,0x55,85,protocol,#,single-source,evt:CH32V003/EVT/EXAM/USART_IAP/CH32V003_APP/User/iap.h(L22)
evt-v003-app,CH32V003/EVT/EXAM/USART_IAP/CH32V003_APP/User/iap.h,24,CMD_IAP_PROM,0x80,128,protocol,#,single-source,evt:CH32V003/EVT/EXAM/USART_IAP/CH32V003_APP/User/iap.h(L24)
evt-v003-app,CH32V003/EVT/EXAM/USART_IAP/CH32V003_APP/User/iap.h,25,CMD_IAP_ERASE,0x81,129,protocol,#,single-source,evt:CH32V003/EVT/EXAM/USART_IAP/CH32V003_APP/User/iap.h(L25)
evt-v003-app,CH32V003/EVT/EXAM/USART_IAP/CH32V003_APP/User/iap.h,26,CMD_IAP_VERIFY,0x82,130,protocol,#,single-source,evt:CH32V003/EVT/EXAM/USART_IAP/CH32V003_APP/User/iap.h(L26)
evt-v003-app,CH32V003/EVT/EXAM/USART_IAP/CH32V003_APP/User/iap.h,27,CMD_IAP_END,0x83,131,protocol,#,single-source,evt:CH32V003/EVT/EXAM/USART_IAP/CH32V003_APP/User/iap.h(L27)
evt-v003-app,CH32V003/EVT/EXAM/USART_IAP/CH32V003_APP/User/iap.h,28,CMD_JUMP_IAP,0x84,132,protocol,#,single-source,evt:CH32V003/EVT/EXAM/USART_IAP/CH32V003_APP/User/iap.h(L28)
evt-v003-app,CH32V003/EVT/EXAM/USART_IAP/CH32V003_APP/User/iap.h,30,ERR_SUCCESS,0x00,0,protocol,#,single-source,evt:CH32V003/EVT/EXAM/USART_IAP/CH32V003_APP/User/iap.h(L30)
evt-v003-app,CH32V003/EVT/EXAM/USART_IAP/CH32V003_APP/User/iap.h,31,ERR_ERROR,0x01,1,protocol,#,single-source,evt:CH32V003/EVT/EXAM/USART_IAP/CH32V003_APP/User/iap.h(L31)
evt-v003-app,CH32V003/EVT/EXAM/USART_IAP/CH32V003_APP/User/iap.h,32,ERR_End,0x02,2,protocol,#,single-source,evt:CH32V003/EVT/EXAM/USART_IAP/CH32V003_APP/User/iap.h(L32)
evt-v003-app,CH32V003/EVT/EXAM/USART_IAP/CH32V003_APP/User/iap.h,34,CalAddr,(0x08004000-4),134234108,address,#,single-source,evt:CH32V003/EVT/EXAM/USART_IAP/CH32V003_APP/User/iap.h(L34)
evt-v003-app,CH32V003/EVT/EXAM/USART_IAP/CH32V003_APP/User/iap.h,35,CheckNum,(0x5aa55aa5),1520786085,address,#,single-source,evt:CH32V003/EVT/EXAM/USART_IAP/CH32V003_APP/User/iap.h(L35)
evt-v00x-iap,CH32V006/EVT/EXAM/USART_IAP/CH32V00X_IAP/User/iap.c,27,isp_cmd_t,((isp_cmd  *)EP2_Rx_Buffer),,misc,#,single-source,evt:CH32V006/EVT/EXAM/USART_IAP/CH32V00X_IAP/User/iap.c(L27)
evt-v00x-iap,CH32V006/EVT/EXAM/USART_IAP/CH32V00X_IAP/User/iap.h,18,USBD_DATA_SIZE,64,64,size,#,single-source,evt:CH32V006/EVT/EXAM/USART_IAP/CH32V00X_IAP/User/iap.h(L18)
evt-v00x-iap,CH32V006/EVT/EXAM/USART_IAP/CH32V00X_IAP/User/iap.h,19,FLASH_Base,0x08000000,134217728,address,#,single-source,evt:CH32V006/EVT/EXAM/USART_IAP/CH32V00X_IAP/User/iap.h(L19)
evt-v00x-iap,CH32V006/EVT/EXAM/USART_IAP/CH32V00X_IAP/User/iap.h,21,Uart_Sync_Head1,0xaa,170,protocol,#,single-source,evt:CH32V006/EVT/EXAM/USART_IAP/CH32V00X_IAP/User/iap.h(L21)
evt-v00x-iap,CH32V006/EVT/EXAM/USART_IAP/CH32V00X_IAP/User/iap.h,22,Uart_Sync_Head2,0x55,85,protocol,#,single-source,evt:CH32V006/EVT/EXAM/USART_IAP/CH32V00X_IAP/User/iap.h(L22)
evt-v00x-iap,CH32V006/EVT/EXAM/USART_IAP/CH32V00X_IAP/User/iap.h,24,CMD_IAP_PROM,0x80,128,protocol,#,single-source,evt:CH32V006/EVT/EXAM/USART_IAP/CH32V00X_IAP/User/iap.h(L24)
evt-v00x-iap,CH32V006/EVT/EXAM/USART_IAP/CH32V00X_IAP/User/iap.h,25,CMD_IAP_ERASE,0x81,129,protocol,#,single-source,evt:CH32V006/EVT/EXAM/USART_IAP/CH32V00X_IAP/User/iap.h(L25)
evt-v00x-iap,CH32V006/EVT/EXAM/USART_IAP/CH32V00X_IAP/User/iap.h,26,CMD_IAP_VERIFY,0x82,130,protocol,#,single-source,evt:CH32V006/EVT/EXAM/USART_IAP/CH32V00X_IAP/User/iap.h(L26)
evt-v00x-iap,CH32V006/EVT/EXAM/USART_IAP/CH32V00X_IAP/User/iap.h,27,CMD_IAP_END,0x83,131,protocol,#,single-source,evt:CH32V006/EVT/EXAM/USART_IAP/CH32V00X_IAP/User/iap.h(L27)
evt-v00x-iap,CH32V006/EVT/EXAM/USART_IAP/CH32V00X_IAP/User/iap.h,28,CMD_JUMP_IAP,0x84,132,protocol,#,single-source,evt:CH32V006/EVT/EXAM/USART_IAP/CH32V00X_IAP/User/iap.h(L28)
evt-v00x-iap,CH32V006/EVT/EXAM/USART_IAP/CH32V00X_IAP/User/iap.h,30,ERR_SUCCESS,0x00,0,protocol,#,single-source,evt:CH32V006/EVT/EXAM/USART_IAP/CH32V00X_IAP/User/iap.h(L30)
evt-v00x-iap,CH32V006/EVT/EXAM/USART_IAP/CH32V00X_IAP/User/iap.h,31,ERR_ERROR,0x01,1,protocol,#,single-source,evt:CH32V006/EVT/EXAM/USART_IAP/CH32V00X_IAP/User/iap.h(L31)
evt-v00x-iap,CH32V006/EVT/EXAM/USART_IAP/CH32V00X_IAP/User/iap.h,32,ERR_End,0x02,2,protocol,#,single-source,evt:CH32V006/EVT/EXAM/USART_IAP/CH32V00X_IAP/User/iap.h(L32)
evt-v00x-iap,CH32V006/EVT/EXAM/USART_IAP/CH32V00X_IAP/User/iap.h,34,CalAddr,(0x08004000-4),134234108,address,#,single-source,evt:CH32V006/EVT/EXAM/USART_IAP/CH32V00X_IAP/User/iap.h(L34)
evt-v00x-iap,CH32V006/EVT/EXAM/USART_IAP/CH32V00X_IAP/User/iap.h,35,CheckNum,(0x5aa55aa5),1520786085,address,#,single-source,evt:CH32V006/EVT/EXAM/USART_IAP/CH32V00X_IAP/User/iap.h(L35)
evt-v00x-iap,CH32V006/EVT/EXAM/USART_IAP/CH32V00X_IAP/User/main.c,32,UPGRADE_MODE_COMMAND,0,0,misc,#,single-source,evt:CH32V006/EVT/EXAM/USART_IAP/CH32V00X_IAP/User/main.c(L32)
evt-v00x-iap,CH32V006/EVT/EXAM/USART_IAP/CH32V00X_IAP/User/main.c,33,UPGRADE_MODE_IO,1,1,misc,#,single-source,evt:CH32V006/EVT/EXAM/USART_IAP/CH32V00X_IAP/User/main.c(L33)
evt-v00x-iap,CH32V006/EVT/EXAM/USART_IAP/CH32V00X_IAP/User/main.c,35,UPGRADE_MODE,UPGRADE_MODE_COMMAND,,misc,#,single-source,evt:CH32V006/EVT/EXAM/USART_IAP/CH32V00X_IAP/User/main.c(L35)
evt-v00x-app,CH32V006/EVT/EXAM/USART_IAP/CH32V00X_APP/User/iap.c,26,isp_cmd_t,((isp_cmd  *)EP2_Rx_Buffer),,misc,#,single-source,evt:CH32V006/EVT/EXAM/USART_IAP/CH32V00X_APP/User/iap.c(L26)
evt-v00x-app,CH32V006/EVT/EXAM/USART_IAP/CH32V00X_APP/User/iap.h,18,USBD_DATA_SIZE,64,64,size,#,single-source,evt:CH32V006/EVT/EXAM/USART_IAP/CH32V00X_APP/User/iap.h(L18)
evt-v00x-app,CH32V006/EVT/EXAM/USART_IAP/CH32V00X_APP/User/iap.h,19,FLASH_Base,0x08000000,134217728,address,#,single-source,evt:CH32V006/EVT/EXAM/USART_IAP/CH32V00X_APP/User/iap.h(L19)
evt-v00x-app,CH32V006/EVT/EXAM/USART_IAP/CH32V00X_APP/User/iap.h,21,Uart_Sync_Head1,0xaa,170,protocol,#,single-source,evt:CH32V006/EVT/EXAM/USART_IAP/CH32V00X_APP/User/iap.h(L21)
evt-v00x-app,CH32V006/EVT/EXAM/USART_IAP/CH32V00X_APP/User/iap.h,22,Uart_Sync_Head2,0x55,85,protocol,#,single-source,evt:CH32V006/EVT/EXAM/USART_IAP/CH32V00X_APP/User/iap.h(L22)
evt-v00x-app,CH32V006/EVT/EXAM/USART_IAP/CH32V00X_APP/User/iap.h,24,CMD_IAP_PROM,0x80,128,protocol,#,single-source,evt:CH32V006/EVT/EXAM/USART_IAP/CH32V00X_APP/User/iap.h(L24)
evt-v00x-app,CH32V006/EVT/EXAM/USART_IAP/CH32V00X_APP/User/iap.h,25,CMD_IAP_ERASE,0x81,129,protocol,#,single-source,evt:CH32V006/EVT/EXAM/USART_IAP/CH32V00X_APP/User/iap.h(L25)
evt-v00x-app,CH32V006/EVT/EXAM/USART_IAP/CH32V00X_APP/User/iap.h,26,CMD_IAP_VERIFY,0x82,130,protocol,#,single-source,evt:CH32V006/EVT/EXAM/USART_IAP/CH32V00X_APP/User/iap.h(L26)
evt-v00x-app,CH32V006/EVT/EXAM/USART_IAP/CH32V00X_APP/User/iap.h,27,CMD_IAP_END,0x83,131,protocol,#,single-source,evt:CH32V006/EVT/EXAM/USART_IAP/CH32V00X_APP/User/iap.h(L27)
evt-v00x-app,CH32V006/EVT/EXAM/USART_IAP/CH32V00X_APP/User/iap.h,28,CMD_JUMP_IAP,0x84,132,protocol,#,single-source,evt:CH32V006/EVT/EXAM/USART_IAP/CH32V00X_APP/User/iap.h(L28)
evt-v00x-app,CH32V006/EVT/EXAM/USART_IAP/CH32V00X_APP/User/iap.h,30,ERR_SUCCESS,0x00,0,protocol,#,single-source,evt:CH32V006/EVT/EXAM/USART_IAP/CH32V00X_APP/User/iap.h(L30)
evt-v00x-app,CH32V006/EVT/EXAM/USART_IAP/CH32V00X_APP/User/iap.h,31,ERR_ERROR,0x01,1,protocol,#,single-source,evt:CH32V006/EVT/EXAM/USART_IAP/CH32V00X_APP/User/iap.h(L31)
evt-v00x-app,CH32V006/EVT/EXAM/USART_IAP/CH32V00X_APP/User/iap.h,32,ERR_End,0x02,2,protocol,#,single-source,evt:CH32V006/EVT/EXAM/USART_IAP/CH32V00X_APP/User/iap.h(L32)
evt-v00x-app,CH32V006/EVT/EXAM/USART_IAP/CH32V00X_APP/User/iap.h,34,CalAddr,(0x08004000-4),134234108,address,#,single-source,evt:CH32V006/EVT/EXAM/USART_IAP/CH32V00X_APP/User/iap.h(L34)
evt-v00x-app,CH32V006/EVT/EXAM/USART_IAP/CH32V00X_APP/User/iap.h,35,CheckNum,(0x5aa55aa5),1520786085,address,#,single-source,evt:CH32V006/EVT/EXAM/USART_IAP/CH32V00X_APP/User/iap.h(L35)
evt-v103-iap,CH32V103/EVT/EXAM/IAP/UART_USB_IAP/CH32V103_IAP/User/iap.c,19,FLASH_Base,0x08005000,134238208,address,#,single-source,evt:CH32V103/EVT/EXAM/IAP/UART_USB_IAP/CH32V103_IAP/User/iap.c(L19)
evt-v103-iap,CH32V103/EVT/EXAM/IAP/UART_USB_IAP/CH32V103_IAP/User/iap.c,20,USBD_DATA_SIZE,64,64,size,#,single-source,evt:CH32V103/EVT/EXAM/IAP/UART_USB_IAP/CH32V103_IAP/User/iap.c(L20)
evt-v103-iap,CH32V103/EVT/EXAM/IAP/UART_USB_IAP/CH32V103_IAP/User/iap.c,30,isp_cmd_t,((isp_cmd  *)EP2_Rx_Buffer),,misc,#,single-source,evt:CH32V103/EVT/EXAM/IAP/UART_USB_IAP/CH32V103_IAP/User/iap.c(L30)
evt-v103-iap,CH32V103/EVT/EXAM/IAP/UART_USB_IAP/CH32V103_IAP/User/iap.h,18,USBD_DATA_SIZE,64,64,size,#,single-source,evt:CH32V103/EVT/EXAM/IAP/UART_USB_IAP/CH32V103_IAP/User/iap.h(L18)
evt-v103-iap,CH32V103/EVT/EXAM/IAP/UART_USB_IAP/CH32V103_IAP/User/iap.h,27,Uart_Sync_Head1,0x57,87,protocol,#,single-source,evt:CH32V103/EVT/EXAM/IAP/UART_USB_IAP/CH32V103_IAP/User/iap.h(L27)
evt-v103-iap,CH32V103/EVT/EXAM/IAP/UART_USB_IAP/CH32V103_IAP/User/iap.h,28,Uart_Sync_Head2,0xab,171,protocol,#,single-source,evt:CH32V103/EVT/EXAM/IAP/UART_USB_IAP/CH32V103_IAP/User/iap.h(L28)
evt-v103-iap,CH32V103/EVT/EXAM/IAP/UART_USB_IAP/CH32V103_IAP/User/iap.h,30,CMD_IAP_PROM,0x80,128,protocol,#,single-source,evt:CH32V103/EVT/EXAM/IAP/UART_USB_IAP/CH32V103_IAP/User/iap.h(L30)
evt-v103-iap,CH32V103/EVT/EXAM/IAP/UART_USB_IAP/CH32V103_IAP/User/iap.h,31,CMD_IAP_ERASE,0x81,129,protocol,#,single-source,evt:CH32V103/EVT/EXAM/IAP/UART_USB_IAP/CH32V103_IAP/User/iap.h(L31)
evt-v103-iap,CH32V103/EVT/EXAM/IAP/UART_USB_IAP/CH32V103_IAP/User/iap.h,32,CMD_IAP_VERIFY,0x82,130,protocol,#,single-source,evt:CH32V103/EVT/EXAM/IAP/UART_USB_IAP/CH32V103_IAP/User/iap.h(L32)
evt-v103-iap,CH32V103/EVT/EXAM/IAP/UART_USB_IAP/CH32V103_IAP/User/iap.h,33,CMD_IAP_END,0x83,131,protocol,#,single-source,evt:CH32V103/EVT/EXAM/IAP/UART_USB_IAP/CH32V103_IAP/User/iap.h(L33)
evt-v103-iap,CH32V103/EVT/EXAM/IAP/UART_USB_IAP/CH32V103_IAP/User/iap.h,35,ERR_SCUESS,0x00,0,protocol,#,single-source,evt:CH32V103/EVT/EXAM/IAP/UART_USB_IAP/CH32V103_IAP/User/iap.h(L35)
evt-v103-iap,CH32V103/EVT/EXAM/IAP/UART_USB_IAP/CH32V103_IAP/User/iap.h,36,ERR_ERROR,0x01,1,protocol,#,single-source,evt:CH32V103/EVT/EXAM/IAP/UART_USB_IAP/CH32V103_IAP/User/iap.h(L36)
evt-v103-iap,CH32V103/EVT/EXAM/IAP/UART_USB_IAP/CH32V103_IAP/User/iap.h,37,ERR_End,0x02,2,protocol,#,single-source,evt:CH32V103/EVT/EXAM/IAP/UART_USB_IAP/CH32V103_IAP/User/iap.h(L37)
evt-v103-iap,CH32V103/EVT/EXAM/IAP/UART_USB_IAP/CH32V103_IAP/User/main.c,33,DevEP0SIZE,0x40,64,size,#,single-source,evt:CH32V103/EVT/EXAM/IAP/UART_USB_IAP/CH32V103_IAP/User/main.c(L33)
evt-v103-iap,CH32V103/EVT/EXAM/IAP/UART_USB_IAP/CH32V103_IAP/User/main.c,34,Version_Num,0x0100,256,misc,#,single-source,evt:CH32V103/EVT/EXAM/IAP/UART_USB_IAP/CH32V103_IAP/User/main.c(L34)
evt-v103-iap,CH32V103/EVT/EXAM/IAP/UART_USB_IAP/CH32V103_IAP/User/main.c,35,USBD_SIZE_STRING_LANGID,4,4,size,#,single-source,evt:CH32V103/EVT/EXAM/IAP/UART_USB_IAP/CH32V103_IAP/User/main.c(L35)
evt-v103-iap,CH32V103/EVT/EXAM/IAP/UART_USB_IAP/CH32V103_IAP/User/main.c,36,USBD_SIZE_STRING_SERIAL,26,26,size,#,single-source,evt:CH32V103/EVT/EXAM/IAP/UART_USB_IAP/CH32V103_IAP/User/main.c(L36)
evt-v103-iap,CH32V103/EVT/EXAM/IAP/UART_USB_IAP/CH32V103_IAP/User/main.c,37,USB_STRING_DESCRIPTOR_TYPE,0x03,3,usb,#,single-source,evt:CH32V103/EVT/EXAM/IAP/UART_USB_IAP/CH32V103_IAP/User/main.c(L37)
evt-v205-iap,CH32V205/EVT/EXAM/IAP/USB_UART/CH32V205_IAP/User/iap.c,28,isp_cmd_t,((isp_cmd  *)IAP_Deal_Buf),,misc,#,single-source,evt:CH32V205/EVT/EXAM/IAP/USB_UART/CH32V205_IAP/User/iap.c(L28)
evt-v205-iap,CH32V205/EVT/EXAM/IAP/USB_UART/CH32V205_IAP/User/iap.c,31,Size_256B,0x100,256,size,#,single-source,evt:CH32V205/EVT/EXAM/IAP/USB_UART/CH32V205_IAP/User/iap.c(L31)
evt-v205-iap,CH32V205/EVT/EXAM/IAP/USB_UART/CH32V205_IAP/User/iap.c,32,Size_4KB,0x1000,4096,size,#,single-source,evt:CH32V205/EVT/EXAM/IAP/USB_UART/CH32V205_IAP/User/iap.c(L32)
evt-v205-iap,CH32V205/EVT/EXAM/IAP/USB_UART/CH32V205_IAP/User/iap.h,19,PRINT,0,0,misc,#,single-source,evt:CH32V205/EVT/EXAM/IAP/USB_UART/CH32V205_IAP/User/iap.h(L19)
evt-v205-iap,CH32V205/EVT/EXAM/IAP/USB_UART/CH32V205_IAP/User/iap.h,21,DEF_VERSION,0x0101,257,misc,#,single-source,evt:CH32V205/EVT/EXAM/IAP/USB_UART/CH32V205_IAP/User/iap.h(L21)
evt-v205-iap,CH32V205/EVT/EXAM/IAP/USB_UART/CH32V205_IAP/User/iap.h,23,USBD_DATA_SIZE,64,64,size,#,single-source,evt:CH32V205/EVT/EXAM/IAP/USB_UART/CH32V205_IAP/User/iap.h(L23)
evt-v205-iap,CH32V205/EVT/EXAM/IAP/USB_UART/CH32V205_IAP/User/iap.h,24,FLASH_Base,0x08005000,134238208,address,#,single-source,evt:CH32V205/EVT/EXAM/IAP/USB_UART/CH32V205_IAP/User/iap.h(L24)
evt-v205-iap,CH32V205/EVT/EXAM/IAP/USB_UART/CH32V205_IAP/User/iap.h,26,Uart_Sync_Head1,0xaa,170,protocol,#,single-source,evt:CH32V205/EVT/EXAM/IAP/USB_UART/CH32V205_IAP/User/iap.h(L26)
evt-v205-iap,CH32V205/EVT/EXAM/IAP/USB_UART/CH32V205_IAP/User/iap.h,27,Uart_Sync_Head2,0x55,85,protocol,#,single-source,evt:CH32V205/EVT/EXAM/IAP/USB_UART/CH32V205_IAP/User/iap.h(L27)
evt-v205-iap,CH32V205/EVT/EXAM/IAP/USB_UART/CH32V205_IAP/User/iap.h,29,CMD_IAP_PROM,0x80,128,protocol,#,single-source,evt:CH32V205/EVT/EXAM/IAP/USB_UART/CH32V205_IAP/User/iap.h(L29)
evt-v205-iap,CH32V205/EVT/EXAM/IAP/USB_UART/CH32V205_IAP/User/iap.h,30,CMD_IAP_ERASE,0x81,129,protocol,#,single-source,evt:CH32V205/EVT/EXAM/IAP/USB_UART/CH32V205_IAP/User/iap.h(L30)
evt-v205-iap,CH32V205/EVT/EXAM/IAP/USB_UART/CH32V205_IAP/User/iap.h,31,CMD_IAP_VERIFY,0x82,130,protocol,#,single-source,evt:CH32V205/EVT/EXAM/IAP/USB_UART/CH32V205_IAP/User/iap.h(L31)
evt-v205-iap,CH32V205/EVT/EXAM/IAP/USB_UART/CH32V205_IAP/User/iap.h,32,CMD_IAP_END,0x83,131,protocol,#,single-source,evt:CH32V205/EVT/EXAM/IAP/USB_UART/CH32V205_IAP/User/iap.h(L32)
evt-v205-iap,CH32V205/EVT/EXAM/IAP/USB_UART/CH32V205_IAP/User/iap.h,33,CMD_JUMP_IAP,0x84,132,protocol,#,single-source,evt:CH32V205/EVT/EXAM/IAP/USB_UART/CH32V205_IAP/User/iap.h(L33)
evt-v205-iap,CH32V205/EVT/EXAM/IAP/USB_UART/CH32V205_IAP/User/iap.h,35,ERR_SUCCESS,0x00,0,protocol,#,single-source,evt:CH32V205/EVT/EXAM/IAP/USB_UART/CH32V205_IAP/User/iap.h(L35)
evt-v205-iap,CH32V205/EVT/EXAM/IAP/USB_UART/CH32V205_IAP/User/iap.h,36,ERR_ERROR,0x01,1,protocol,#,single-source,evt:CH32V205/EVT/EXAM/IAP/USB_UART/CH32V205_IAP/User/iap.h(L36)
evt-v205-iap,CH32V205/EVT/EXAM/IAP/USB_UART/CH32V205_IAP/User/iap.h,37,ERR_End,0x02,2,protocol,#,single-source,evt:CH32V205/EVT/EXAM/IAP/USB_UART/CH32V205_IAP/User/iap.h(L37)
evt-v205-iap,CH32V205/EVT/EXAM/IAP/USB_UART/CH32V205_IAP/User/iap.h,39,CalAddr,(0x08040000-4),134479868,address,#,single-source,evt:CH32V205/EVT/EXAM/IAP/USB_UART/CH32V205_IAP/User/iap.h(L39)
evt-v205-iap,CH32V205/EVT/EXAM/IAP/USB_UART/CH32V205_IAP/User/iap.h,40,CheckNum,(0x5aa55aa5),1520786085,address,#,single-source,evt:CH32V205/EVT/EXAM/IAP/USB_UART/CH32V205_IAP/User/iap.h(L40)
evt-v205-iap,CH32V205/EVT/EXAM/IAP/USB_UART/CH32V205_IAP/User/main.c,30,UPGRADE_MODE_COMMAND,0,0,misc,#,single-source,evt:CH32V205/EVT/EXAM/IAP/USB_UART/CH32V205_IAP/User/main.c(L30)
evt-v205-iap,CH32V205/EVT/EXAM/IAP/USB_UART/CH32V205_IAP/User/main.c,31,UPGRADE_MODE_IO,1,1,misc,#,single-source,evt:CH32V205/EVT/EXAM/IAP/USB_UART/CH32V205_IAP/User/main.c(L31)
evt-v205-iap,CH32V205/EVT/EXAM/IAP/USB_UART/CH32V205_IAP/User/main.c,33,UPGRADE_MODE,UPGRADE_MODE_COMMAND,,misc,#,single-source,evt:CH32V205/EVT/EXAM/IAP/USB_UART/CH32V205_IAP/User/main.c(L33)
evt-v205-app,CH32V205/EVT/EXAM/IAP/USB_UART/CH32V205_APP/User/iap.c,30,isp_cmd_t,((isp_cmd  *)IAP_Deal_Buf),,misc,#,single-source,evt:CH32V205/EVT/EXAM/IAP/USB_UART/CH32V205_APP/User/iap.c(L30)
evt-v205-app,CH32V205/EVT/EXAM/IAP/USB_UART/CH32V205_APP/User/iap.c,32,Size_256B,0x100,256,size,#,single-source,evt:CH32V205/EVT/EXAM/IAP/USB_UART/CH32V205_APP/User/iap.c(L32)
evt-v205-app,CH32V205/EVT/EXAM/IAP/USB_UART/CH32V205_APP/User/iap.c,33,Size_4KB,0x1000,4096,size,#,single-source,evt:CH32V205/EVT/EXAM/IAP/USB_UART/CH32V205_APP/User/iap.c(L33)
evt-v205-app,CH32V205/EVT/EXAM/IAP/USB_UART/CH32V205_APP/User/iap.h,19,PRINT,0,0,misc,#,single-source,evt:CH32V205/EVT/EXAM/IAP/USB_UART/CH32V205_APP/User/iap.h(L19)
evt-v205-app,CH32V205/EVT/EXAM/IAP/USB_UART/CH32V205_APP/User/iap.h,21,DEF_VERSION,0x0101,257,misc,#,single-source,evt:CH32V205/EVT/EXAM/IAP/USB_UART/CH32V205_APP/User/iap.h(L21)
evt-v205-app,CH32V205/EVT/EXAM/IAP/USB_UART/CH32V205_APP/User/iap.h,23,USBD_DATA_SIZE,64,64,size,#,single-source,evt:CH32V205/EVT/EXAM/IAP/USB_UART/CH32V205_APP/User/iap.h(L23)
evt-v205-app,CH32V205/EVT/EXAM/IAP/USB_UART/CH32V205_APP/User/iap.h,24,FLASH_Base,0x08005000,134238208,address,#,single-source,evt:CH32V205/EVT/EXAM/IAP/USB_UART/CH32V205_APP/User/iap.h(L24)
evt-v205-app,CH32V205/EVT/EXAM/IAP/USB_UART/CH32V205_APP/User/iap.h,26,Uart_Sync_Head1,0xaa,170,protocol,#,single-source,evt:CH32V205/EVT/EXAM/IAP/USB_UART/CH32V205_APP/User/iap.h(L26)
evt-v205-app,CH32V205/EVT/EXAM/IAP/USB_UART/CH32V205_APP/User/iap.h,27,Uart_Sync_Head2,0x55,85,protocol,#,single-source,evt:CH32V205/EVT/EXAM/IAP/USB_UART/CH32V205_APP/User/iap.h(L27)
evt-v205-app,CH32V205/EVT/EXAM/IAP/USB_UART/CH32V205_APP/User/iap.h,29,CMD_IAP_PROM,0x80,128,protocol,#,single-source,evt:CH32V205/EVT/EXAM/IAP/USB_UART/CH32V205_APP/User/iap.h(L29)
evt-v205-app,CH32V205/EVT/EXAM/IAP/USB_UART/CH32V205_APP/User/iap.h,30,CMD_IAP_ERASE,0x81,129,protocol,#,single-source,evt:CH32V205/EVT/EXAM/IAP/USB_UART/CH32V205_APP/User/iap.h(L30)
evt-v205-app,CH32V205/EVT/EXAM/IAP/USB_UART/CH32V205_APP/User/iap.h,31,CMD_IAP_VERIFY,0x82,130,protocol,#,single-source,evt:CH32V205/EVT/EXAM/IAP/USB_UART/CH32V205_APP/User/iap.h(L31)
evt-v205-app,CH32V205/EVT/EXAM/IAP/USB_UART/CH32V205_APP/User/iap.h,32,CMD_IAP_END,0x83,131,protocol,#,single-source,evt:CH32V205/EVT/EXAM/IAP/USB_UART/CH32V205_APP/User/iap.h(L32)
evt-v205-app,CH32V205/EVT/EXAM/IAP/USB_UART/CH32V205_APP/User/iap.h,33,CMD_JUMP_IAP,0x84,132,protocol,#,single-source,evt:CH32V205/EVT/EXAM/IAP/USB_UART/CH32V205_APP/User/iap.h(L33)
evt-v205-app,CH32V205/EVT/EXAM/IAP/USB_UART/CH32V205_APP/User/iap.h,35,ERR_SUCCESS,0x00,0,protocol,#,single-source,evt:CH32V205/EVT/EXAM/IAP/USB_UART/CH32V205_APP/User/iap.h(L35)
evt-v205-app,CH32V205/EVT/EXAM/IAP/USB_UART/CH32V205_APP/User/iap.h,36,ERR_ERROR,0x01,1,protocol,#,single-source,evt:CH32V205/EVT/EXAM/IAP/USB_UART/CH32V205_APP/User/iap.h(L36)
evt-v205-app,CH32V205/EVT/EXAM/IAP/USB_UART/CH32V205_APP/User/iap.h,37,ERR_End,0x02,2,protocol,#,single-source,evt:CH32V205/EVT/EXAM/IAP/USB_UART/CH32V205_APP/User/iap.h(L37)
evt-v205-app,CH32V205/EVT/EXAM/IAP/USB_UART/CH32V205_APP/User/iap.h,39,CalAddr,(0x08040000-4),134479868,address,#,single-source,evt:CH32V205/EVT/EXAM/IAP/USB_UART/CH32V205_APP/User/iap.h(L39)
evt-v205-app,CH32V205/EVT/EXAM/IAP/USB_UART/CH32V205_APP/User/iap.h,40,CheckNum,(0x5aa55aa5),1520786085,address,#,single-source,evt:CH32V205/EVT/EXAM/IAP/USB_UART/CH32V205_APP/User/iap.h(L40)
evt-v20x-iap,CH32V20x/EVT/EXAM/IAP/USB_UART/CH32V20x_IAP/User/iap.c,29,isp_cmd_t,((isp_cmd  *)EP2_Rx_Buffer),,misc,#,single-source,evt:CH32V20x/EVT/EXAM/IAP/USB_UART/CH32V20x_IAP/User/iap.c(L29)
evt-v20x-iap,CH32V20x/EVT/EXAM/IAP/USB_UART/CH32V20x_IAP/User/iap.h,19,USBD_DATA_SIZE,64,64,size,#,single-source,evt:CH32V20x/EVT/EXAM/IAP/USB_UART/CH32V20x_IAP/User/iap.h(L19)
evt-v20x-iap,CH32V20x/EVT/EXAM/IAP/USB_UART/CH32V20x_IAP/User/iap.h,20,FLASH_Base,0x08005000,134238208,address,#,single-source,evt:CH32V20x/EVT/EXAM/IAP/USB_UART/CH32V20x_IAP/User/iap.h(L20)
evt-v20x-iap,CH32V20x/EVT/EXAM/IAP/USB_UART/CH32V20x_IAP/User/iap.h,22,Uart_Sync_Head1,0xaa,170,protocol,#,single-source,evt:CH32V20x/EVT/EXAM/IAP/USB_UART/CH32V20x_IAP/User/iap.h(L22)
evt-v20x-iap,CH32V20x/EVT/EXAM/IAP/USB_UART/CH32V20x_IAP/User/iap.h,23,Uart_Sync_Head2,0x55,85,protocol,#,single-source,evt:CH32V20x/EVT/EXAM/IAP/USB_UART/CH32V20x_IAP/User/iap.h(L23)
evt-v20x-iap,CH32V20x/EVT/EXAM/IAP/USB_UART/CH32V20x_IAP/User/iap.h,25,CMD_IAP_PROM,0x80,128,protocol,#,single-source,evt:CH32V20x/EVT/EXAM/IAP/USB_UART/CH32V20x_IAP/User/iap.h(L25)
evt-v20x-iap,CH32V20x/EVT/EXAM/IAP/USB_UART/CH32V20x_IAP/User/iap.h,26,CMD_IAP_ERASE,0x81,129,protocol,#,single-source,evt:CH32V20x/EVT/EXAM/IAP/USB_UART/CH32V20x_IAP/User/iap.h(L26)
evt-v20x-iap,CH32V20x/EVT/EXAM/IAP/USB_UART/CH32V20x_IAP/User/iap.h,27,CMD_IAP_VERIFY,0x82,130,protocol,#,single-source,evt:CH32V20x/EVT/EXAM/IAP/USB_UART/CH32V20x_IAP/User/iap.h(L27)
evt-v20x-iap,CH32V20x/EVT/EXAM/IAP/USB_UART/CH32V20x_IAP/User/iap.h,28,CMD_IAP_END,0x83,131,protocol,#,single-source,evt:CH32V20x/EVT/EXAM/IAP/USB_UART/CH32V20x_IAP/User/iap.h(L28)
evt-v20x-iap,CH32V20x/EVT/EXAM/IAP/USB_UART/CH32V20x_IAP/User/iap.h,29,CMD_JUMP_IAP,0x84,132,protocol,#,single-source,evt:CH32V20x/EVT/EXAM/IAP/USB_UART/CH32V20x_IAP/User/iap.h(L29)
evt-v20x-iap,CH32V20x/EVT/EXAM/IAP/USB_UART/CH32V20x_IAP/User/iap.h,31,ERR_SUCCESS,0x00,0,protocol,#,single-source,evt:CH32V20x/EVT/EXAM/IAP/USB_UART/CH32V20x_IAP/User/iap.h(L31)
evt-v20x-iap,CH32V20x/EVT/EXAM/IAP/USB_UART/CH32V20x_IAP/User/iap.h,32,ERR_ERROR,0x01,1,protocol,#,single-source,evt:CH32V20x/EVT/EXAM/IAP/USB_UART/CH32V20x_IAP/User/iap.h(L32)
evt-v20x-iap,CH32V20x/EVT/EXAM/IAP/USB_UART/CH32V20x_IAP/User/iap.h,33,ERR_End,0x02,2,protocol,#,single-source,evt:CH32V20x/EVT/EXAM/IAP/USB_UART/CH32V20x_IAP/User/iap.h(L33)
evt-v20x-iap,CH32V20x/EVT/EXAM/IAP/USB_UART/CH32V20x_IAP/User/iap.h,35,CalAddr,(0x08038000-4),134447100,address,#,single-source,evt:CH32V20x/EVT/EXAM/IAP/USB_UART/CH32V20x_IAP/User/iap.h(L35)
evt-v20x-iap,CH32V20x/EVT/EXAM/IAP/USB_UART/CH32V20x_IAP/User/iap.h,36,CheckNum,(0x5aa55aa5),1520786085,address,#,single-source,evt:CH32V20x/EVT/EXAM/IAP/USB_UART/CH32V20x_IAP/User/iap.h(L36)
evt-v20x-iap,CH32V20x/EVT/EXAM/IAP/USB_UART/CH32V20x_IAP/User/main.c,30,UPGRADE_MODE_COMMAND,0,0,misc,#,single-source,evt:CH32V20x/EVT/EXAM/IAP/USB_UART/CH32V20x_IAP/User/main.c(L30)
evt-v20x-iap,CH32V20x/EVT/EXAM/IAP/USB_UART/CH32V20x_IAP/User/main.c,31,UPGRADE_MODE_IO,1,1,misc,#,single-source,evt:CH32V20x/EVT/EXAM/IAP/USB_UART/CH32V20x_IAP/User/main.c(L31)
evt-v20x-iap,CH32V20x/EVT/EXAM/IAP/USB_UART/CH32V20x_IAP/User/main.c,33,UPGRADE_MODE,UPGRADE_MODE_COMMAND,,misc,#,single-source,evt:CH32V20x/EVT/EXAM/IAP/USB_UART/CH32V20x_IAP/User/main.c(L33)
evt-v20x-app,CH32V20x/EVT/EXAM/IAP/USB_UART/CH32V20x_APP/User/iap.c,20,USBD_DATA_SIZE,64,64,size,#,single-source,evt:CH32V20x/EVT/EXAM/IAP/USB_UART/CH32V20x_APP/User/iap.c(L20)
evt-v20x-app,CH32V20x/EVT/EXAM/IAP/USB_UART/CH32V20x_APP/User/iap.c,30,isp_cmd_t,((isp_cmd  *)EP2_Rx_Buffer),,misc,#,single-source,evt:CH32V20x/EVT/EXAM/IAP/USB_UART/CH32V20x_APP/User/iap.c(L30)
evt-v20x-app,CH32V20x/EVT/EXAM/IAP/USB_UART/CH32V20x_APP/User/iap.h,19,USBD_DATA_SIZE,64,64,size,#,single-source,evt:CH32V20x/EVT/EXAM/IAP/USB_UART/CH32V20x_APP/User/iap.h(L19)
evt-v20x-app,CH32V20x/EVT/EXAM/IAP/USB_UART/CH32V20x_APP/User/iap.h,20,FLASH_Base,0x08005000,134238208,address,#,single-source,evt:CH32V20x/EVT/EXAM/IAP/USB_UART/CH32V20x_APP/User/iap.h(L20)
evt-v20x-app,CH32V20x/EVT/EXAM/IAP/USB_UART/CH32V20x_APP/User/iap.h,22,Uart_Sync_Head1,0xaa,170,protocol,#,single-source,evt:CH32V20x/EVT/EXAM/IAP/USB_UART/CH32V20x_APP/User/iap.h(L22)
evt-v20x-app,CH32V20x/EVT/EXAM/IAP/USB_UART/CH32V20x_APP/User/iap.h,23,Uart_Sync_Head2,0x55,85,protocol,#,single-source,evt:CH32V20x/EVT/EXAM/IAP/USB_UART/CH32V20x_APP/User/iap.h(L23)
evt-v20x-app,CH32V20x/EVT/EXAM/IAP/USB_UART/CH32V20x_APP/User/iap.h,25,CMD_IAP_PROM,0x80,128,protocol,#,single-source,evt:CH32V20x/EVT/EXAM/IAP/USB_UART/CH32V20x_APP/User/iap.h(L25)
evt-v20x-app,CH32V20x/EVT/EXAM/IAP/USB_UART/CH32V20x_APP/User/iap.h,26,CMD_IAP_ERASE,0x81,129,protocol,#,single-source,evt:CH32V20x/EVT/EXAM/IAP/USB_UART/CH32V20x_APP/User/iap.h(L26)
evt-v20x-app,CH32V20x/EVT/EXAM/IAP/USB_UART/CH32V20x_APP/User/iap.h,27,CMD_IAP_VERIFY,0x82,130,protocol,#,single-source,evt:CH32V20x/EVT/EXAM/IAP/USB_UART/CH32V20x_APP/User/iap.h(L27)
evt-v20x-app,CH32V20x/EVT/EXAM/IAP/USB_UART/CH32V20x_APP/User/iap.h,28,CMD_IAP_END,0x83,131,protocol,#,single-source,evt:CH32V20x/EVT/EXAM/IAP/USB_UART/CH32V20x_APP/User/iap.h(L28)
evt-v20x-app,CH32V20x/EVT/EXAM/IAP/USB_UART/CH32V20x_APP/User/iap.h,29,CMD_JUMP_IAP,0x84,132,protocol,#,single-source,evt:CH32V20x/EVT/EXAM/IAP/USB_UART/CH32V20x_APP/User/iap.h(L29)
evt-v20x-app,CH32V20x/EVT/EXAM/IAP/USB_UART/CH32V20x_APP/User/iap.h,31,ERR_SUCCESS,0x00,0,protocol,#,single-source,evt:CH32V20x/EVT/EXAM/IAP/USB_UART/CH32V20x_APP/User/iap.h(L31)
evt-v20x-app,CH32V20x/EVT/EXAM/IAP/USB_UART/CH32V20x_APP/User/iap.h,32,ERR_ERROR,0x01,1,protocol,#,single-source,evt:CH32V20x/EVT/EXAM/IAP/USB_UART/CH32V20x_APP/User/iap.h(L32)
evt-v20x-app,CH32V20x/EVT/EXAM/IAP/USB_UART/CH32V20x_APP/User/iap.h,33,ERR_End,0x02,2,protocol,#,single-source,evt:CH32V20x/EVT/EXAM/IAP/USB_UART/CH32V20x_APP/User/iap.h(L33)
evt-v20x-app,CH32V20x/EVT/EXAM/IAP/USB_UART/CH32V20x_APP/User/iap.h,35,CalAddr,(0x08038000-4),134447100,address,#,single-source,evt:CH32V20x/EVT/EXAM/IAP/USB_UART/CH32V20x_APP/User/iap.h(L35)
evt-v20x-app,CH32V20x/EVT/EXAM/IAP/USB_UART/CH32V20x_APP/User/iap.h,36,CheckNum,(0x5aa55aa5),1520786085,address,#,single-source,evt:CH32V20x/EVT/EXAM/IAP/USB_UART/CH32V20x_APP/User/iap.h(L36)
evt-v30x-iap,CH32V307/EVT/EXAM/IAP/USB_UART/CHV30x_IAP/User/iap.c,28,isp_cmd_t,((isp_cmd  *)EP2_Rx_Buffer),,misc,#,single-source,evt:CH32V307/EVT/EXAM/IAP/USB_UART/CHV30x_IAP/User/iap.c(L28)
evt-v30x-iap,CH32V307/EVT/EXAM/IAP/USB_UART/CHV30x_IAP/User/iap.h,19,PRINT,0,0,misc,#,single-source,evt:CH32V307/EVT/EXAM/IAP/USB_UART/CHV30x_IAP/User/iap.h(L19)
evt-v30x-iap,CH32V307/EVT/EXAM/IAP/USB_UART/CHV30x_IAP/User/iap.h,21,USBD_DATA_SIZE,64,64,size,#,single-source,evt:CH32V307/EVT/EXAM/IAP/USB_UART/CHV30x_IAP/User/iap.h(L21)
evt-v30x-iap,CH32V307/EVT/EXAM/IAP/USB_UART/CHV30x_IAP/User/iap.h,22,FLASH_Base,0x08005000,134238208,address,#,single-source,evt:CH32V307/EVT/EXAM/IAP/USB_UART/CHV30x_IAP/User/iap.h(L22)
evt-v30x-iap,CH32V307/EVT/EXAM/IAP/USB_UART/CHV30x_IAP/User/iap.h,24,Uart_Sync_Head1,0xaa,170,protocol,#,single-source,evt:CH32V307/EVT/EXAM/IAP/USB_UART/CHV30x_IAP/User/iap.h(L24)
evt-v30x-iap,CH32V307/EVT/EXAM/IAP/USB_UART/CHV30x_IAP/User/iap.h,25,Uart_Sync_Head2,0x55,85,protocol,#,single-source,evt:CH32V307/EVT/EXAM/IAP/USB_UART/CHV30x_IAP/User/iap.h(L25)
evt-v30x-iap,CH32V307/EVT/EXAM/IAP/USB_UART/CHV30x_IAP/User/iap.h,27,CMD_IAP_PROM,0x80,128,protocol,#,single-source,evt:CH32V307/EVT/EXAM/IAP/USB_UART/CHV30x_IAP/User/iap.h(L27)
evt-v30x-iap,CH32V307/EVT/EXAM/IAP/USB_UART/CHV30x_IAP/User/iap.h,28,CMD_IAP_ERASE,0x81,129,protocol,#,single-source,evt:CH32V307/EVT/EXAM/IAP/USB_UART/CHV30x_IAP/User/iap.h(L28)
evt-v30x-iap,CH32V307/EVT/EXAM/IAP/USB_UART/CHV30x_IAP/User/iap.h,29,CMD_IAP_VERIFY,0x82,130,protocol,#,single-source,evt:CH32V307/EVT/EXAM/IAP/USB_UART/CHV30x_IAP/User/iap.h(L29)
evt-v30x-iap,CH32V307/EVT/EXAM/IAP/USB_UART/CHV30x_IAP/User/iap.h,30,CMD_IAP_END,0x83,131,protocol,#,single-source,evt:CH32V307/EVT/EXAM/IAP/USB_UART/CHV30x_IAP/User/iap.h(L30)
evt-v30x-iap,CH32V307/EVT/EXAM/IAP/USB_UART/CHV30x_IAP/User/iap.h,31,CMD_JUMP_IAP,0x84,132,protocol,#,single-source,evt:CH32V307/EVT/EXAM/IAP/USB_UART/CHV30x_IAP/User/iap.h(L31)
evt-v30x-iap,CH32V307/EVT/EXAM/IAP/USB_UART/CHV30x_IAP/User/iap.h,33,ERR_SUCCESS,0x00,0,protocol,#,single-source,evt:CH32V307/EVT/EXAM/IAP/USB_UART/CHV30x_IAP/User/iap.h(L33)
evt-v30x-iap,CH32V307/EVT/EXAM/IAP/USB_UART/CHV30x_IAP/User/iap.h,34,ERR_ERROR,0x01,1,protocol,#,single-source,evt:CH32V307/EVT/EXAM/IAP/USB_UART/CHV30x_IAP/User/iap.h(L34)
evt-v30x-iap,CH32V307/EVT/EXAM/IAP/USB_UART/CHV30x_IAP/User/iap.h,35,ERR_End,0x02,2,protocol,#,single-source,evt:CH32V307/EVT/EXAM/IAP/USB_UART/CHV30x_IAP/User/iap.h(L35)
evt-v30x-iap,CH32V307/EVT/EXAM/IAP/USB_UART/CHV30x_IAP/User/iap.h,37,CalAddr,(0x08078000-4),134709244,address,#,single-source,evt:CH32V307/EVT/EXAM/IAP/USB_UART/CHV30x_IAP/User/iap.h(L37)
evt-v30x-iap,CH32V307/EVT/EXAM/IAP/USB_UART/CHV30x_IAP/User/iap.h,38,CheckNum,(0x5aa55aa5),1520786085,address,#,single-source,evt:CH32V307/EVT/EXAM/IAP/USB_UART/CHV30x_IAP/User/iap.h(L38)
evt-v30x-iap,CH32V307/EVT/EXAM/IAP/USB_UART/CHV30x_IAP/User/main.c,28,UPGRADE_MODE_COMMAND,0,0,misc,#,single-source,evt:CH32V307/EVT/EXAM/IAP/USB_UART/CHV30x_IAP/User/main.c(L28)
evt-v30x-iap,CH32V307/EVT/EXAM/IAP/USB_UART/CHV30x_IAP/User/main.c,29,UPGRADE_MODE_IO,1,1,misc,#,single-source,evt:CH32V307/EVT/EXAM/IAP/USB_UART/CHV30x_IAP/User/main.c(L29)
evt-v30x-iap,CH32V307/EVT/EXAM/IAP/USB_UART/CHV30x_IAP/User/main.c,31,UPGRADE_MODE,UPGRADE_MODE_COMMAND,,misc,#,single-source,evt:CH32V307/EVT/EXAM/IAP/USB_UART/CHV30x_IAP/User/main.c(L31)
evt-v30x-app,CH32V307/EVT/EXAM/IAP/USB_UART/CHV30x_APP/User/iap.c,28,isp_cmd_t,((isp_cmd  *)EP2_Rx_Buffer),,misc,#,single-source,evt:CH32V307/EVT/EXAM/IAP/USB_UART/CHV30x_APP/User/iap.c(L28)
evt-v30x-app,CH32V307/EVT/EXAM/IAP/USB_UART/CHV30x_APP/User/iap.h,19,PRINT,0,0,misc,#,single-source,evt:CH32V307/EVT/EXAM/IAP/USB_UART/CHV30x_APP/User/iap.h(L19)
evt-v30x-app,CH32V307/EVT/EXAM/IAP/USB_UART/CHV30x_APP/User/iap.h,21,USBD_DATA_SIZE,64,64,size,#,single-source,evt:CH32V307/EVT/EXAM/IAP/USB_UART/CHV30x_APP/User/iap.h(L21)
evt-v30x-app,CH32V307/EVT/EXAM/IAP/USB_UART/CHV30x_APP/User/iap.h,22,FLASH_Base,0x08005000,134238208,address,#,single-source,evt:CH32V307/EVT/EXAM/IAP/USB_UART/CHV30x_APP/User/iap.h(L22)
evt-v30x-app,CH32V307/EVT/EXAM/IAP/USB_UART/CHV30x_APP/User/iap.h,24,Uart_Sync_Head1,0xaa,170,protocol,#,single-source,evt:CH32V307/EVT/EXAM/IAP/USB_UART/CHV30x_APP/User/iap.h(L24)
evt-v30x-app,CH32V307/EVT/EXAM/IAP/USB_UART/CHV30x_APP/User/iap.h,25,Uart_Sync_Head2,0x55,85,protocol,#,single-source,evt:CH32V307/EVT/EXAM/IAP/USB_UART/CHV30x_APP/User/iap.h(L25)
evt-v30x-app,CH32V307/EVT/EXAM/IAP/USB_UART/CHV30x_APP/User/iap.h,27,CMD_IAP_PROM,0x80,128,protocol,#,single-source,evt:CH32V307/EVT/EXAM/IAP/USB_UART/CHV30x_APP/User/iap.h(L27)
evt-v30x-app,CH32V307/EVT/EXAM/IAP/USB_UART/CHV30x_APP/User/iap.h,28,CMD_IAP_ERASE,0x81,129,protocol,#,single-source,evt:CH32V307/EVT/EXAM/IAP/USB_UART/CHV30x_APP/User/iap.h(L28)
evt-v30x-app,CH32V307/EVT/EXAM/IAP/USB_UART/CHV30x_APP/User/iap.h,29,CMD_IAP_VERIFY,0x82,130,protocol,#,single-source,evt:CH32V307/EVT/EXAM/IAP/USB_UART/CHV30x_APP/User/iap.h(L29)
evt-v30x-app,CH32V307/EVT/EXAM/IAP/USB_UART/CHV30x_APP/User/iap.h,30,CMD_IAP_END,0x83,131,protocol,#,single-source,evt:CH32V307/EVT/EXAM/IAP/USB_UART/CHV30x_APP/User/iap.h(L30)
evt-v30x-app,CH32V307/EVT/EXAM/IAP/USB_UART/CHV30x_APP/User/iap.h,31,CMD_JUMP_IAP,0x84,132,protocol,#,single-source,evt:CH32V307/EVT/EXAM/IAP/USB_UART/CHV30x_APP/User/iap.h(L31)
evt-v30x-app,CH32V307/EVT/EXAM/IAP/USB_UART/CHV30x_APP/User/iap.h,33,ERR_SUCCESS,0x00,0,protocol,#,single-source,evt:CH32V307/EVT/EXAM/IAP/USB_UART/CHV30x_APP/User/iap.h(L33)
evt-v30x-app,CH32V307/EVT/EXAM/IAP/USB_UART/CHV30x_APP/User/iap.h,34,ERR_ERROR,0x01,1,protocol,#,single-source,evt:CH32V307/EVT/EXAM/IAP/USB_UART/CHV30x_APP/User/iap.h(L34)
evt-v30x-app,CH32V307/EVT/EXAM/IAP/USB_UART/CHV30x_APP/User/iap.h,35,ERR_End,0x02,2,protocol,#,single-source,evt:CH32V307/EVT/EXAM/IAP/USB_UART/CHV30x_APP/User/iap.h(L35)
evt-v30x-app,CH32V307/EVT/EXAM/IAP/USB_UART/CHV30x_APP/User/iap.h,37,CalAddr,(0x08078000-4),134709244,address,#,single-source,evt:CH32V307/EVT/EXAM/IAP/USB_UART/CHV30x_APP/User/iap.h(L37)
evt-v30x-app,CH32V307/EVT/EXAM/IAP/USB_UART/CHV30x_APP/User/iap.h,38,CheckNum,(0x5aa55aa5),1520786085,address,#,single-source,evt:CH32V307/EVT/EXAM/IAP/USB_UART/CHV30x_APP/User/iap.h(L38)
evt-v407-iap,CH32V407/EVT/EXAM/IAP/USB_UART/CH32V407_IAP/User/iap.c,28,isp_cmd_t,((isp_cmd  *)IAP_Deal_Buf),,misc,#,single-source,evt:CH32V407/EVT/EXAM/IAP/USB_UART/CH32V407_IAP/User/iap.c(L28)
evt-v407-iap,CH32V407/EVT/EXAM/IAP/USB_UART/CH32V407_IAP/User/iap.c,31,Size_256B,0x100,256,size,#,single-source,evt:CH32V407/EVT/EXAM/IAP/USB_UART/CH32V407_IAP/User/iap.c(L31)
evt-v407-iap,CH32V407/EVT/EXAM/IAP/USB_UART/CH32V407_IAP/User/iap.c,32,Size_4KB,0x1000,4096,size,#,single-source,evt:CH32V407/EVT/EXAM/IAP/USB_UART/CH32V407_IAP/User/iap.c(L32)
evt-v407-iap,CH32V407/EVT/EXAM/IAP/USB_UART/CH32V407_IAP/User/iap.h,18,PRINT,0,0,misc,#,single-source,evt:CH32V407/EVT/EXAM/IAP/USB_UART/CH32V407_IAP/User/iap.h(L18)
evt-v407-iap,CH32V407/EVT/EXAM/IAP/USB_UART/CH32V407_IAP/User/iap.h,20,DEF_VERSION,0x0101,257,misc,#,single-source,evt:CH32V407/EVT/EXAM/IAP/USB_UART/CH32V407_IAP/User/iap.h(L20)
evt-v407-iap,CH32V407/EVT/EXAM/IAP/USB_UART/CH32V407_IAP/User/iap.h,22,USBD_DATA_SIZE,64,64,size,#,single-source,evt:CH32V407/EVT/EXAM/IAP/USB_UART/CH32V407_IAP/User/iap.h(L22)
evt-v407-iap,CH32V407/EVT/EXAM/IAP/USB_UART/CH32V407_IAP/User/iap.h,23,FLASH_Base,0x08005000,134238208,address,#,single-source,evt:CH32V407/EVT/EXAM/IAP/USB_UART/CH32V407_IAP/User/iap.h(L23)
evt-v407-iap,CH32V407/EVT/EXAM/IAP/USB_UART/CH32V407_IAP/User/iap.h,25,Uart_Sync_Head1,0xaa,170,protocol,#,single-source,evt:CH32V407/EVT/EXAM/IAP/USB_UART/CH32V407_IAP/User/iap.h(L25)
evt-v407-iap,CH32V407/EVT/EXAM/IAP/USB_UART/CH32V407_IAP/User/iap.h,26,Uart_Sync_Head2,0x55,85,protocol,#,single-source,evt:CH32V407/EVT/EXAM/IAP/USB_UART/CH32V407_IAP/User/iap.h(L26)
evt-v407-iap,CH32V407/EVT/EXAM/IAP/USB_UART/CH32V407_IAP/User/iap.h,28,CMD_IAP_PROM,0x80,128,protocol,#,single-source,evt:CH32V407/EVT/EXAM/IAP/USB_UART/CH32V407_IAP/User/iap.h(L28)
evt-v407-iap,CH32V407/EVT/EXAM/IAP/USB_UART/CH32V407_IAP/User/iap.h,29,CMD_IAP_ERASE,0x81,129,protocol,#,single-source,evt:CH32V407/EVT/EXAM/IAP/USB_UART/CH32V407_IAP/User/iap.h(L29)
evt-v407-iap,CH32V407/EVT/EXAM/IAP/USB_UART/CH32V407_IAP/User/iap.h,30,CMD_IAP_VERIFY,0x82,130,protocol,#,single-source,evt:CH32V407/EVT/EXAM/IAP/USB_UART/CH32V407_IAP/User/iap.h(L30)
evt-v407-iap,CH32V407/EVT/EXAM/IAP/USB_UART/CH32V407_IAP/User/iap.h,31,CMD_IAP_END,0x83,131,protocol,#,single-source,evt:CH32V407/EVT/EXAM/IAP/USB_UART/CH32V407_IAP/User/iap.h(L31)
evt-v407-iap,CH32V407/EVT/EXAM/IAP/USB_UART/CH32V407_IAP/User/iap.h,32,CMD_JUMP_IAP,0x84,132,protocol,#,single-source,evt:CH32V407/EVT/EXAM/IAP/USB_UART/CH32V407_IAP/User/iap.h(L32)
evt-v407-iap,CH32V407/EVT/EXAM/IAP/USB_UART/CH32V407_IAP/User/iap.h,34,ERR_SUCCESS,0x00,0,protocol,#,single-source,evt:CH32V407/EVT/EXAM/IAP/USB_UART/CH32V407_IAP/User/iap.h(L34)
evt-v407-iap,CH32V407/EVT/EXAM/IAP/USB_UART/CH32V407_IAP/User/iap.h,35,ERR_ERROR,0x01,1,protocol,#,single-source,evt:CH32V407/EVT/EXAM/IAP/USB_UART/CH32V407_IAP/User/iap.h(L35)
evt-v407-iap,CH32V407/EVT/EXAM/IAP/USB_UART/CH32V407_IAP/User/iap.h,36,ERR_End,0x02,2,protocol,#,single-source,evt:CH32V407/EVT/EXAM/IAP/USB_UART/CH32V407_IAP/User/iap.h(L36)
evt-v407-iap,CH32V407/EVT/EXAM/IAP/USB_UART/CH32V407_IAP/User/iap.h,38,CalAddr,(0x080F8000-4),135233532,address,#,single-source,evt:CH32V407/EVT/EXAM/IAP/USB_UART/CH32V407_IAP/User/iap.h(L38)
evt-v407-iap,CH32V407/EVT/EXAM/IAP/USB_UART/CH32V407_IAP/User/iap.h,39,CheckNum,(0x5aa55aa5),1520786085,address,#,single-source,evt:CH32V407/EVT/EXAM/IAP/USB_UART/CH32V407_IAP/User/iap.h(L39)
evt-v407-iap,CH32V407/EVT/EXAM/IAP/USB_UART/CH32V407_IAP/User/main.c,31,UPGRADE_MODE_COMMAND,0,0,misc,#,single-source,evt:CH32V407/EVT/EXAM/IAP/USB_UART/CH32V407_IAP/User/main.c(L31)
evt-v407-iap,CH32V407/EVT/EXAM/IAP/USB_UART/CH32V407_IAP/User/main.c,32,UPGRADE_MODE_IO,1,1,misc,#,single-source,evt:CH32V407/EVT/EXAM/IAP/USB_UART/CH32V407_IAP/User/main.c(L32)
evt-v407-iap,CH32V407/EVT/EXAM/IAP/USB_UART/CH32V407_IAP/User/main.c,34,UPGRADE_MODE,UPGRADE_MODE_COMMAND,,misc,#,single-source,evt:CH32V407/EVT/EXAM/IAP/USB_UART/CH32V407_IAP/User/main.c(L34)
evt-v407-app,CH32V407/EVT/EXAM/IAP/USB_UART/CH32V407_APP/User/iap.c,29,isp_cmd_t,((isp_cmd  *)IAP_Deal_Buf),,misc,#,single-source,evt:CH32V407/EVT/EXAM/IAP/USB_UART/CH32V407_APP/User/iap.c(L29)
evt-v407-app,CH32V407/EVT/EXAM/IAP/USB_UART/CH32V407_APP/User/iap.c,32,Size_256B,0x100,256,size,#,single-source,evt:CH32V407/EVT/EXAM/IAP/USB_UART/CH32V407_APP/User/iap.c(L32)
evt-v407-app,CH32V407/EVT/EXAM/IAP/USB_UART/CH32V407_APP/User/iap.c,33,Size_4KB,0x1000,4096,size,#,single-source,evt:CH32V407/EVT/EXAM/IAP/USB_UART/CH32V407_APP/User/iap.c(L33)
evt-v407-app,CH32V407/EVT/EXAM/IAP/USB_UART/CH32V407_APP/User/iap.h,18,PRINT,0,0,misc,#,single-source,evt:CH32V407/EVT/EXAM/IAP/USB_UART/CH32V407_APP/User/iap.h(L18)
evt-v407-app,CH32V407/EVT/EXAM/IAP/USB_UART/CH32V407_APP/User/iap.h,20,DEF_VERSION,0x0101,257,misc,#,single-source,evt:CH32V407/EVT/EXAM/IAP/USB_UART/CH32V407_APP/User/iap.h(L20)
evt-v407-app,CH32V407/EVT/EXAM/IAP/USB_UART/CH32V407_APP/User/iap.h,22,USBD_DATA_SIZE,64,64,size,#,single-source,evt:CH32V407/EVT/EXAM/IAP/USB_UART/CH32V407_APP/User/iap.h(L22)
evt-v407-app,CH32V407/EVT/EXAM/IAP/USB_UART/CH32V407_APP/User/iap.h,23,FLASH_Base,0x08005000,134238208,address,#,single-source,evt:CH32V407/EVT/EXAM/IAP/USB_UART/CH32V407_APP/User/iap.h(L23)
evt-v407-app,CH32V407/EVT/EXAM/IAP/USB_UART/CH32V407_APP/User/iap.h,25,Uart_Sync_Head1,0xaa,170,protocol,#,single-source,evt:CH32V407/EVT/EXAM/IAP/USB_UART/CH32V407_APP/User/iap.h(L25)
evt-v407-app,CH32V407/EVT/EXAM/IAP/USB_UART/CH32V407_APP/User/iap.h,26,Uart_Sync_Head2,0x55,85,protocol,#,single-source,evt:CH32V407/EVT/EXAM/IAP/USB_UART/CH32V407_APP/User/iap.h(L26)
evt-v407-app,CH32V407/EVT/EXAM/IAP/USB_UART/CH32V407_APP/User/iap.h,28,CMD_IAP_PROM,0x80,128,protocol,#,single-source,evt:CH32V407/EVT/EXAM/IAP/USB_UART/CH32V407_APP/User/iap.h(L28)
evt-v407-app,CH32V407/EVT/EXAM/IAP/USB_UART/CH32V407_APP/User/iap.h,29,CMD_IAP_ERASE,0x81,129,protocol,#,single-source,evt:CH32V407/EVT/EXAM/IAP/USB_UART/CH32V407_APP/User/iap.h(L29)
evt-v407-app,CH32V407/EVT/EXAM/IAP/USB_UART/CH32V407_APP/User/iap.h,30,CMD_IAP_VERIFY,0x82,130,protocol,#,single-source,evt:CH32V407/EVT/EXAM/IAP/USB_UART/CH32V407_APP/User/iap.h(L30)
evt-v407-app,CH32V407/EVT/EXAM/IAP/USB_UART/CH32V407_APP/User/iap.h,31,CMD_IAP_END,0x83,131,protocol,#,single-source,evt:CH32V407/EVT/EXAM/IAP/USB_UART/CH32V407_APP/User/iap.h(L31)
evt-v407-app,CH32V407/EVT/EXAM/IAP/USB_UART/CH32V407_APP/User/iap.h,32,CMD_JUMP_IAP,0x84,132,protocol,#,single-source,evt:CH32V407/EVT/EXAM/IAP/USB_UART/CH32V407_APP/User/iap.h(L32)
evt-v407-app,CH32V407/EVT/EXAM/IAP/USB_UART/CH32V407_APP/User/iap.h,34,ERR_SUCCESS,0x00,0,protocol,#,single-source,evt:CH32V407/EVT/EXAM/IAP/USB_UART/CH32V407_APP/User/iap.h(L34)
evt-v407-app,CH32V407/EVT/EXAM/IAP/USB_UART/CH32V407_APP/User/iap.h,35,ERR_ERROR,0x01,1,protocol,#,single-source,evt:CH32V407/EVT/EXAM/IAP/USB_UART/CH32V407_APP/User/iap.h(L35)
evt-v407-app,CH32V407/EVT/EXAM/IAP/USB_UART/CH32V407_APP/User/iap.h,36,ERR_End,0x02,2,protocol,#,single-source,evt:CH32V407/EVT/EXAM/IAP/USB_UART/CH32V407_APP/User/iap.h(L36)
evt-v407-app,CH32V407/EVT/EXAM/IAP/USB_UART/CH32V407_APP/User/iap.h,38,CalAddr,(0x080F8000-4),135233532,address,#,single-source,evt:CH32V407/EVT/EXAM/IAP/USB_UART/CH32V407_APP/User/iap.h(L38)
evt-v407-app,CH32V407/EVT/EXAM/IAP/USB_UART/CH32V407_APP/User/iap.h,39,CheckNum,(0x5aa55aa5),1520786085,address,#,single-source,evt:CH32V407/EVT/EXAM/IAP/USB_UART/CH32V407_APP/User/iap.h(L39)
evt-v407-app,CH32V407/EVT/EXAM/IAP/USB_UART/CH32V407_APP/User/main.c,30,UPGRADE_MODE_COMMAND,0,0,misc,#,single-source,evt:CH32V407/EVT/EXAM/IAP/USB_UART/CH32V407_APP/User/main.c(L30)
evt-v407-app,CH32V407/EVT/EXAM/IAP/USB_UART/CH32V407_APP/User/main.c,31,UPGRADE_MODE_IO,1,1,misc,#,single-source,evt:CH32V407/EVT/EXAM/IAP/USB_UART/CH32V407_APP/User/main.c(L31)
evt-v407-app,CH32V407/EVT/EXAM/IAP/USB_UART/CH32V407_APP/User/main.c,33,UPGRADE_MODE,UPGRADE_MODE_COMMAND,,misc,#,single-source,evt:CH32V407/EVT/EXAM/IAP/USB_UART/CH32V407_APP/User/main.c(L33)
evt-x035-iap,CH32X035/EVT/EXAM/IAP/USB_UART/CH32X035_IAP/User/iap.c,27,isp_cmd_t,((isp_cmd  *)EP2_Rx_Buffer),,misc,#,single-source,evt:CH32X035/EVT/EXAM/IAP/USB_UART/CH32X035_IAP/User/iap.c(L27)
evt-x035-iap,CH32X035/EVT/EXAM/IAP/USB_UART/CH32X035_IAP/User/iap.h,19,USBD_DATA_SIZE,64,64,size,#,single-source,evt:CH32X035/EVT/EXAM/IAP/USB_UART/CH32X035_IAP/User/iap.h(L19)
evt-x035-iap,CH32X035/EVT/EXAM/IAP/USB_UART/CH32X035_IAP/User/iap.h,20,FLASH_Base,0x08005000,134238208,address,#,single-source,evt:CH32X035/EVT/EXAM/IAP/USB_UART/CH32X035_IAP/User/iap.h(L20)
evt-x035-iap,CH32X035/EVT/EXAM/IAP/USB_UART/CH32X035_IAP/User/iap.h,22,Uart_Sync_Head1,0xaa,170,protocol,#,single-source,evt:CH32X035/EVT/EXAM/IAP/USB_UART/CH32X035_IAP/User/iap.h(L22)
evt-x035-iap,CH32X035/EVT/EXAM/IAP/USB_UART/CH32X035_IAP/User/iap.h,23,Uart_Sync_Head2,0x55,85,protocol,#,single-source,evt:CH32X035/EVT/EXAM/IAP/USB_UART/CH32X035_IAP/User/iap.h(L23)
evt-x035-iap,CH32X035/EVT/EXAM/IAP/USB_UART/CH32X035_IAP/User/iap.h,25,CMD_IAP_PROM,0x80,128,protocol,#,single-source,evt:CH32X035/EVT/EXAM/IAP/USB_UART/CH32X035_IAP/User/iap.h(L25)
evt-x035-iap,CH32X035/EVT/EXAM/IAP/USB_UART/CH32X035_IAP/User/iap.h,26,CMD_IAP_ERASE,0x81,129,protocol,#,single-source,evt:CH32X035/EVT/EXAM/IAP/USB_UART/CH32X035_IAP/User/iap.h(L26)
evt-x035-iap,CH32X035/EVT/EXAM/IAP/USB_UART/CH32X035_IAP/User/iap.h,27,CMD_IAP_VERIFY,0x82,130,protocol,#,single-source,evt:CH32X035/EVT/EXAM/IAP/USB_UART/CH32X035_IAP/User/iap.h(L27)
evt-x035-iap,CH32X035/EVT/EXAM/IAP/USB_UART/CH32X035_IAP/User/iap.h,28,CMD_IAP_END,0x83,131,protocol,#,single-source,evt:CH32X035/EVT/EXAM/IAP/USB_UART/CH32X035_IAP/User/iap.h(L28)
evt-x035-iap,CH32X035/EVT/EXAM/IAP/USB_UART/CH32X035_IAP/User/iap.h,29,CMD_JUMP_IAP,0x84,132,protocol,#,single-source,evt:CH32X035/EVT/EXAM/IAP/USB_UART/CH32X035_IAP/User/iap.h(L29)
evt-x035-iap,CH32X035/EVT/EXAM/IAP/USB_UART/CH32X035_IAP/User/iap.h,31,ERR_SUCCESS,0x00,0,protocol,#,single-source,evt:CH32X035/EVT/EXAM/IAP/USB_UART/CH32X035_IAP/User/iap.h(L31)
evt-x035-iap,CH32X035/EVT/EXAM/IAP/USB_UART/CH32X035_IAP/User/iap.h,32,ERR_ERROR,0x01,1,protocol,#,single-source,evt:CH32X035/EVT/EXAM/IAP/USB_UART/CH32X035_IAP/User/iap.h(L32)
evt-x035-iap,CH32X035/EVT/EXAM/IAP/USB_UART/CH32X035_IAP/User/iap.h,33,ERR_End,0x02,2,protocol,#,single-source,evt:CH32X035/EVT/EXAM/IAP/USB_UART/CH32X035_IAP/User/iap.h(L33)
evt-x035-iap,CH32X035/EVT/EXAM/IAP/USB_UART/CH32X035_IAP/User/iap.h,35,CalAddr,(0x0800F800-4),134281212,address,#,single-source,evt:CH32X035/EVT/EXAM/IAP/USB_UART/CH32X035_IAP/User/iap.h(L35)
evt-x035-iap,CH32X035/EVT/EXAM/IAP/USB_UART/CH32X035_IAP/User/iap.h,36,CheckNum,(0x5aa55aa5),1520786085,address,#,single-source,evt:CH32X035/EVT/EXAM/IAP/USB_UART/CH32X035_IAP/User/iap.h(L36)
evt-x035-iap,CH32X035/EVT/EXAM/IAP/USB_UART/CH32X035_IAP/User/main.c,27,UPGRADE_MODE_COMMAND,0,0,misc,#,single-source,evt:CH32X035/EVT/EXAM/IAP/USB_UART/CH32X035_IAP/User/main.c(L27)
evt-x035-iap,CH32X035/EVT/EXAM/IAP/USB_UART/CH32X035_IAP/User/main.c,28,UPGRADE_MODE_IO,1,1,misc,#,single-source,evt:CH32X035/EVT/EXAM/IAP/USB_UART/CH32X035_IAP/User/main.c(L28)
evt-x035-iap,CH32X035/EVT/EXAM/IAP/USB_UART/CH32X035_IAP/User/main.c,30,UPGRADE_MODE,UPGRADE_MODE_COMMAND,,misc,#,single-source,evt:CH32X035/EVT/EXAM/IAP/USB_UART/CH32X035_IAP/User/main.c(L30)
evt-x035-app,CH32X035/EVT/EXAM/IAP/USB_UART/CH32X035_APP/User/iap.c,28,isp_cmd_t,((isp_cmd  *)EP2_Rx_Buffer),,misc,#,single-source,evt:CH32X035/EVT/EXAM/IAP/USB_UART/CH32X035_APP/User/iap.c(L28)
evt-x035-app,CH32X035/EVT/EXAM/IAP/USB_UART/CH32X035_APP/User/iap.h,19,USBD_DATA_SIZE,64,64,size,#,single-source,evt:CH32X035/EVT/EXAM/IAP/USB_UART/CH32X035_APP/User/iap.h(L19)
evt-x035-app,CH32X035/EVT/EXAM/IAP/USB_UART/CH32X035_APP/User/iap.h,20,FLASH_Base,0x08005000,134238208,address,#,single-source,evt:CH32X035/EVT/EXAM/IAP/USB_UART/CH32X035_APP/User/iap.h(L20)
evt-x035-app,CH32X035/EVT/EXAM/IAP/USB_UART/CH32X035_APP/User/iap.h,22,Uart_Sync_Head1,0xaa,170,protocol,#,single-source,evt:CH32X035/EVT/EXAM/IAP/USB_UART/CH32X035_APP/User/iap.h(L22)
evt-x035-app,CH32X035/EVT/EXAM/IAP/USB_UART/CH32X035_APP/User/iap.h,23,Uart_Sync_Head2,0x55,85,protocol,#,single-source,evt:CH32X035/EVT/EXAM/IAP/USB_UART/CH32X035_APP/User/iap.h(L23)
evt-x035-app,CH32X035/EVT/EXAM/IAP/USB_UART/CH32X035_APP/User/iap.h,25,CMD_IAP_PROM,0x80,128,protocol,#,single-source,evt:CH32X035/EVT/EXAM/IAP/USB_UART/CH32X035_APP/User/iap.h(L25)
evt-x035-app,CH32X035/EVT/EXAM/IAP/USB_UART/CH32X035_APP/User/iap.h,26,CMD_IAP_ERASE,0x81,129,protocol,#,single-source,evt:CH32X035/EVT/EXAM/IAP/USB_UART/CH32X035_APP/User/iap.h(L26)
evt-x035-app,CH32X035/EVT/EXAM/IAP/USB_UART/CH32X035_APP/User/iap.h,27,CMD_IAP_VERIFY,0x82,130,protocol,#,single-source,evt:CH32X035/EVT/EXAM/IAP/USB_UART/CH32X035_APP/User/iap.h(L27)
evt-x035-app,CH32X035/EVT/EXAM/IAP/USB_UART/CH32X035_APP/User/iap.h,28,CMD_IAP_END,0x83,131,protocol,#,single-source,evt:CH32X035/EVT/EXAM/IAP/USB_UART/CH32X035_APP/User/iap.h(L28)
evt-x035-app,CH32X035/EVT/EXAM/IAP/USB_UART/CH32X035_APP/User/iap.h,29,CMD_JUMP_IAP,0x84,132,protocol,#,single-source,evt:CH32X035/EVT/EXAM/IAP/USB_UART/CH32X035_APP/User/iap.h(L29)
evt-x035-app,CH32X035/EVT/EXAM/IAP/USB_UART/CH32X035_APP/User/iap.h,31,ERR_SUCCESS,0x00,0,protocol,#,single-source,evt:CH32X035/EVT/EXAM/IAP/USB_UART/CH32X035_APP/User/iap.h(L31)
evt-x035-app,CH32X035/EVT/EXAM/IAP/USB_UART/CH32X035_APP/User/iap.h,32,ERR_ERROR,0x01,1,protocol,#,single-source,evt:CH32X035/EVT/EXAM/IAP/USB_UART/CH32X035_APP/User/iap.h(L32)
evt-x035-app,CH32X035/EVT/EXAM/IAP/USB_UART/CH32X035_APP/User/iap.h,33,ERR_End,0x02,2,protocol,#,single-source,evt:CH32X035/EVT/EXAM/IAP/USB_UART/CH32X035_APP/User/iap.h(L33)
evt-x035-app,CH32X035/EVT/EXAM/IAP/USB_UART/CH32X035_APP/User/iap.h,35,CalAddr,(0x0800F800-4),134281212,address,#,single-source,evt:CH32X035/EVT/EXAM/IAP/USB_UART/CH32X035_APP/User/iap.h(L35)
evt-x035-app,CH32X035/EVT/EXAM/IAP/USB_UART/CH32X035_APP/User/iap.h,36,CheckNum,(0x5aa55aa5),1520786085,address,#,single-source,evt:CH32X035/EVT/EXAM/IAP/USB_UART/CH32X035_APP/User/iap.h(L36)
evt-x315-iap,CH32X315/EVT/EXAM/IAP/USB_UART/CH32X315_IAP/User/iap.c,28,isp_cmd_t,((isp_cmd  *)IAP_Deal_Buf),,misc,#,single-source,evt:CH32X315/EVT/EXAM/IAP/USB_UART/CH32X315_IAP/User/iap.c(L28)
evt-x315-iap,CH32X315/EVT/EXAM/IAP/USB_UART/CH32X315_IAP/User/iap.c,31,Size_256B,0x100,256,size,#,single-source,evt:CH32X315/EVT/EXAM/IAP/USB_UART/CH32X315_IAP/User/iap.c(L31)
evt-x315-iap,CH32X315/EVT/EXAM/IAP/USB_UART/CH32X315_IAP/User/iap.c,32,Size_4KB,0x1000,4096,size,#,single-source,evt:CH32X315/EVT/EXAM/IAP/USB_UART/CH32X315_IAP/User/iap.c(L32)
evt-x315-iap,CH32X315/EVT/EXAM/IAP/USB_UART/CH32X315_IAP/User/iap.h,18,PRINT,0,0,misc,#,single-source,evt:CH32X315/EVT/EXAM/IAP/USB_UART/CH32X315_IAP/User/iap.h(L18)
evt-x315-iap,CH32X315/EVT/EXAM/IAP/USB_UART/CH32X315_IAP/User/iap.h,20,DEF_VERSION,0x0101,257,misc,#,single-source,evt:CH32X315/EVT/EXAM/IAP/USB_UART/CH32X315_IAP/User/iap.h(L20)
evt-x315-iap,CH32X315/EVT/EXAM/IAP/USB_UART/CH32X315_IAP/User/iap.h,22,USBD_DATA_SIZE,64,64,size,#,single-source,evt:CH32X315/EVT/EXAM/IAP/USB_UART/CH32X315_IAP/User/iap.h(L22)
evt-x315-iap,CH32X315/EVT/EXAM/IAP/USB_UART/CH32X315_IAP/User/iap.h,23,FLASH_Base,0x08005000,134238208,address,#,single-source,evt:CH32X315/EVT/EXAM/IAP/USB_UART/CH32X315_IAP/User/iap.h(L23)
evt-x315-iap,CH32X315/EVT/EXAM/IAP/USB_UART/CH32X315_IAP/User/iap.h,25,Uart_Sync_Head1,0xaa,170,protocol,#,single-source,evt:CH32X315/EVT/EXAM/IAP/USB_UART/CH32X315_IAP/User/iap.h(L25)
evt-x315-iap,CH32X315/EVT/EXAM/IAP/USB_UART/CH32X315_IAP/User/iap.h,26,Uart_Sync_Head2,0x55,85,protocol,#,single-source,evt:CH32X315/EVT/EXAM/IAP/USB_UART/CH32X315_IAP/User/iap.h(L26)
evt-x315-iap,CH32X315/EVT/EXAM/IAP/USB_UART/CH32X315_IAP/User/iap.h,28,CMD_IAP_PROM,0x80,128,protocol,#,single-source,evt:CH32X315/EVT/EXAM/IAP/USB_UART/CH32X315_IAP/User/iap.h(L28)
evt-x315-iap,CH32X315/EVT/EXAM/IAP/USB_UART/CH32X315_IAP/User/iap.h,29,CMD_IAP_ERASE,0x81,129,protocol,#,single-source,evt:CH32X315/EVT/EXAM/IAP/USB_UART/CH32X315_IAP/User/iap.h(L29)
evt-x315-iap,CH32X315/EVT/EXAM/IAP/USB_UART/CH32X315_IAP/User/iap.h,30,CMD_IAP_VERIFY,0x82,130,protocol,#,single-source,evt:CH32X315/EVT/EXAM/IAP/USB_UART/CH32X315_IAP/User/iap.h(L30)
evt-x315-iap,CH32X315/EVT/EXAM/IAP/USB_UART/CH32X315_IAP/User/iap.h,31,CMD_IAP_END,0x83,131,protocol,#,single-source,evt:CH32X315/EVT/EXAM/IAP/USB_UART/CH32X315_IAP/User/iap.h(L31)
evt-x315-iap,CH32X315/EVT/EXAM/IAP/USB_UART/CH32X315_IAP/User/iap.h,32,CMD_JUMP_IAP,0x84,132,protocol,#,single-source,evt:CH32X315/EVT/EXAM/IAP/USB_UART/CH32X315_IAP/User/iap.h(L32)
evt-x315-iap,CH32X315/EVT/EXAM/IAP/USB_UART/CH32X315_IAP/User/iap.h,34,ERR_SUCCESS,0x00,0,protocol,#,single-source,evt:CH32X315/EVT/EXAM/IAP/USB_UART/CH32X315_IAP/User/iap.h(L34)
evt-x315-iap,CH32X315/EVT/EXAM/IAP/USB_UART/CH32X315_IAP/User/iap.h,35,ERR_ERROR,0x01,1,protocol,#,single-source,evt:CH32X315/EVT/EXAM/IAP/USB_UART/CH32X315_IAP/User/iap.h(L35)
evt-x315-iap,CH32X315/EVT/EXAM/IAP/USB_UART/CH32X315_IAP/User/iap.h,36,ERR_End,0x02,2,protocol,#,single-source,evt:CH32X315/EVT/EXAM/IAP/USB_UART/CH32X315_IAP/User/iap.h(L36)
evt-x315-iap,CH32X315/EVT/EXAM/IAP/USB_UART/CH32X315_IAP/User/iap.h,38,CalAddr,(0x08038000-4),134447100,address,#,single-source,evt:CH32X315/EVT/EXAM/IAP/USB_UART/CH32X315_IAP/User/iap.h(L38)
evt-x315-iap,CH32X315/EVT/EXAM/IAP/USB_UART/CH32X315_IAP/User/iap.h,39,CheckNum,(0x5aa55aa5),1520786085,address,#,single-source,evt:CH32X315/EVT/EXAM/IAP/USB_UART/CH32X315_IAP/User/iap.h(L39)
evt-x315-iap,CH32X315/EVT/EXAM/IAP/USB_UART/CH32X315_IAP/User/main.c,31,UPGRADE_MODE_COMMAND,0,0,misc,#,single-source,evt:CH32X315/EVT/EXAM/IAP/USB_UART/CH32X315_IAP/User/main.c(L31)
evt-x315-iap,CH32X315/EVT/EXAM/IAP/USB_UART/CH32X315_IAP/User/main.c,32,UPGRADE_MODE_IO,1,1,misc,#,single-source,evt:CH32X315/EVT/EXAM/IAP/USB_UART/CH32X315_IAP/User/main.c(L32)
evt-x315-iap,CH32X315/EVT/EXAM/IAP/USB_UART/CH32X315_IAP/User/main.c,34,UPGRADE_MODE,UPGRADE_MODE_COMMAND,,misc,#,single-source,evt:CH32X315/EVT/EXAM/IAP/USB_UART/CH32X315_IAP/User/main.c(L34)
evt-x315-app,CH32X315/EVT/EXAM/IAP/USB_UART/CH32X315_APP/User/iap.c,29,isp_cmd_t,((isp_cmd  *)IAP_Deal_Buf),,misc,#,single-source,evt:CH32X315/EVT/EXAM/IAP/USB_UART/CH32X315_APP/User/iap.c(L29)
evt-x315-app,CH32X315/EVT/EXAM/IAP/USB_UART/CH32X315_APP/User/iap.c,32,Size_256B,0x100,256,size,#,single-source,evt:CH32X315/EVT/EXAM/IAP/USB_UART/CH32X315_APP/User/iap.c(L32)
evt-x315-app,CH32X315/EVT/EXAM/IAP/USB_UART/CH32X315_APP/User/iap.c,33,Size_4KB,0x1000,4096,size,#,single-source,evt:CH32X315/EVT/EXAM/IAP/USB_UART/CH32X315_APP/User/iap.c(L33)
evt-x315-app,CH32X315/EVT/EXAM/IAP/USB_UART/CH32X315_APP/User/iap.h,18,PRINT,0,0,misc,#,single-source,evt:CH32X315/EVT/EXAM/IAP/USB_UART/CH32X315_APP/User/iap.h(L18)
evt-x315-app,CH32X315/EVT/EXAM/IAP/USB_UART/CH32X315_APP/User/iap.h,20,DEF_VERSION,0x0101,257,misc,#,single-source,evt:CH32X315/EVT/EXAM/IAP/USB_UART/CH32X315_APP/User/iap.h(L20)
evt-x315-app,CH32X315/EVT/EXAM/IAP/USB_UART/CH32X315_APP/User/iap.h,22,USBD_DATA_SIZE,64,64,size,#,single-source,evt:CH32X315/EVT/EXAM/IAP/USB_UART/CH32X315_APP/User/iap.h(L22)
evt-x315-app,CH32X315/EVT/EXAM/IAP/USB_UART/CH32X315_APP/User/iap.h,23,FLASH_Base,0x08005000,134238208,address,#,single-source,evt:CH32X315/EVT/EXAM/IAP/USB_UART/CH32X315_APP/User/iap.h(L23)
evt-x315-app,CH32X315/EVT/EXAM/IAP/USB_UART/CH32X315_APP/User/iap.h,25,Uart_Sync_Head1,0xaa,170,protocol,#,single-source,evt:CH32X315/EVT/EXAM/IAP/USB_UART/CH32X315_APP/User/iap.h(L25)
evt-x315-app,CH32X315/EVT/EXAM/IAP/USB_UART/CH32X315_APP/User/iap.h,26,Uart_Sync_Head2,0x55,85,protocol,#,single-source,evt:CH32X315/EVT/EXAM/IAP/USB_UART/CH32X315_APP/User/iap.h(L26)
evt-x315-app,CH32X315/EVT/EXAM/IAP/USB_UART/CH32X315_APP/User/iap.h,28,CMD_IAP_PROM,0x80,128,protocol,#,single-source,evt:CH32X315/EVT/EXAM/IAP/USB_UART/CH32X315_APP/User/iap.h(L28)
evt-x315-app,CH32X315/EVT/EXAM/IAP/USB_UART/CH32X315_APP/User/iap.h,29,CMD_IAP_ERASE,0x81,129,protocol,#,single-source,evt:CH32X315/EVT/EXAM/IAP/USB_UART/CH32X315_APP/User/iap.h(L29)
evt-x315-app,CH32X315/EVT/EXAM/IAP/USB_UART/CH32X315_APP/User/iap.h,30,CMD_IAP_VERIFY,0x82,130,protocol,#,single-source,evt:CH32X315/EVT/EXAM/IAP/USB_UART/CH32X315_APP/User/iap.h(L30)
evt-x315-app,CH32X315/EVT/EXAM/IAP/USB_UART/CH32X315_APP/User/iap.h,31,CMD_IAP_END,0x83,131,protocol,#,single-source,evt:CH32X315/EVT/EXAM/IAP/USB_UART/CH32X315_APP/User/iap.h(L31)
evt-x315-app,CH32X315/EVT/EXAM/IAP/USB_UART/CH32X315_APP/User/iap.h,32,CMD_JUMP_IAP,0x84,132,protocol,#,single-source,evt:CH32X315/EVT/EXAM/IAP/USB_UART/CH32X315_APP/User/iap.h(L32)
evt-x315-app,CH32X315/EVT/EXAM/IAP/USB_UART/CH32X315_APP/User/iap.h,34,ERR_SUCCESS,0x00,0,protocol,#,single-source,evt:CH32X315/EVT/EXAM/IAP/USB_UART/CH32X315_APP/User/iap.h(L34)
evt-x315-app,CH32X315/EVT/EXAM/IAP/USB_UART/CH32X315_APP/User/iap.h,35,ERR_ERROR,0x01,1,protocol,#,single-source,evt:CH32X315/EVT/EXAM/IAP/USB_UART/CH32X315_APP/User/iap.h(L35)
evt-x315-app,CH32X315/EVT/EXAM/IAP/USB_UART/CH32X315_APP/User/iap.h,36,ERR_End,0x02,2,protocol,#,single-source,evt:CH32X315/EVT/EXAM/IAP/USB_UART/CH32X315_APP/User/iap.h(L36)
evt-x315-app,CH32X315/EVT/EXAM/IAP/USB_UART/CH32X315_APP/User/iap.h,38,CalAddr,(0x08038000-4),134447100,address,#,single-source,evt:CH32X315/EVT/EXAM/IAP/USB_UART/CH32X315_APP/User/iap.h(L38)
evt-x315-app,CH32X315/EVT/EXAM/IAP/USB_UART/CH32X315_APP/User/iap.h,39,CheckNum,(0x5aa55aa5),1520786085,address,#,single-source,evt:CH32X315/EVT/EXAM/IAP/USB_UART/CH32X315_APP/User/iap.h(L39)
evt-x315-app,CH32X315/EVT/EXAM/IAP/USB_UART/CH32X315_APP/User/main.c,30,UPGRADE_MODE_COMMAND,0,0,misc,#,single-source,evt:CH32X315/EVT/EXAM/IAP/USB_UART/CH32X315_APP/User/main.c(L30)
evt-x315-app,CH32X315/EVT/EXAM/IAP/USB_UART/CH32X315_APP/User/main.c,31,UPGRADE_MODE_IO,1,1,misc,#,single-source,evt:CH32X315/EVT/EXAM/IAP/USB_UART/CH32X315_APP/User/main.c(L31)
evt-x315-app,CH32X315/EVT/EXAM/IAP/USB_UART/CH32X315_APP/User/main.c,33,UPGRADE_MODE,UPGRADE_MODE_COMMAND,,misc,#,single-source,evt:CH32X315/EVT/EXAM/IAP/USB_UART/CH32X315_APP/User/main.c(L33)
evt-l103-iap,CH32L103/EVT/EXAM/IAP/USB_UART/CH32L103_IAP/User/iap.c,27,isp_cmd_t,((isp_cmd  *)IAP_Deal_Buf),,misc,#,single-source,evt:CH32L103/EVT/EXAM/IAP/USB_UART/CH32L103_IAP/User/iap.c(L27)
evt-l103-iap,CH32L103/EVT/EXAM/IAP/USB_UART/CH32L103_IAP/User/iap.h,19,USBD_DATA_SIZE,64,64,size,#,single-source,evt:CH32L103/EVT/EXAM/IAP/USB_UART/CH32L103_IAP/User/iap.h(L19)
evt-l103-iap,CH32L103/EVT/EXAM/IAP/USB_UART/CH32L103_IAP/User/iap.h,20,FLASH_Base,0x08005000,134238208,address,#,single-source,evt:CH32L103/EVT/EXAM/IAP/USB_UART/CH32L103_IAP/User/iap.h(L20)
evt-l103-iap,CH32L103/EVT/EXAM/IAP/USB_UART/CH32L103_IAP/User/iap.h,22,Uart_Sync_Head1,0xaa,170,protocol,#,single-source,evt:CH32L103/EVT/EXAM/IAP/USB_UART/CH32L103_IAP/User/iap.h(L22)
evt-l103-iap,CH32L103/EVT/EXAM/IAP/USB_UART/CH32L103_IAP/User/iap.h,23,Uart_Sync_Head2,0x55,85,protocol,#,single-source,evt:CH32L103/EVT/EXAM/IAP/USB_UART/CH32L103_IAP/User/iap.h(L23)
evt-l103-iap,CH32L103/EVT/EXAM/IAP/USB_UART/CH32L103_IAP/User/iap.h,25,CMD_IAP_PROM,0x80,128,protocol,#,single-source,evt:CH32L103/EVT/EXAM/IAP/USB_UART/CH32L103_IAP/User/iap.h(L25)
evt-l103-iap,CH32L103/EVT/EXAM/IAP/USB_UART/CH32L103_IAP/User/iap.h,26,CMD_IAP_ERASE,0x81,129,protocol,#,single-source,evt:CH32L103/EVT/EXAM/IAP/USB_UART/CH32L103_IAP/User/iap.h(L26)
evt-l103-iap,CH32L103/EVT/EXAM/IAP/USB_UART/CH32L103_IAP/User/iap.h,27,CMD_IAP_VERIFY,0x82,130,protocol,#,single-source,evt:CH32L103/EVT/EXAM/IAP/USB_UART/CH32L103_IAP/User/iap.h(L27)
evt-l103-iap,CH32L103/EVT/EXAM/IAP/USB_UART/CH32L103_IAP/User/iap.h,28,CMD_IAP_END,0x83,131,protocol,#,single-source,evt:CH32L103/EVT/EXAM/IAP/USB_UART/CH32L103_IAP/User/iap.h(L28)
evt-l103-iap,CH32L103/EVT/EXAM/IAP/USB_UART/CH32L103_IAP/User/iap.h,29,CMD_JUMP_IAP,0x84,132,protocol,#,single-source,evt:CH32L103/EVT/EXAM/IAP/USB_UART/CH32L103_IAP/User/iap.h(L29)
evt-l103-iap,CH32L103/EVT/EXAM/IAP/USB_UART/CH32L103_IAP/User/iap.h,31,ERR_SUCCESS,0x00,0,protocol,#,single-source,evt:CH32L103/EVT/EXAM/IAP/USB_UART/CH32L103_IAP/User/iap.h(L31)
evt-l103-iap,CH32L103/EVT/EXAM/IAP/USB_UART/CH32L103_IAP/User/iap.h,32,ERR_ERROR,0x01,1,protocol,#,single-source,evt:CH32L103/EVT/EXAM/IAP/USB_UART/CH32L103_IAP/User/iap.h(L32)
evt-l103-iap,CH32L103/EVT/EXAM/IAP/USB_UART/CH32L103_IAP/User/iap.h,33,ERR_End,0x02,2,protocol,#,single-source,evt:CH32L103/EVT/EXAM/IAP/USB_UART/CH32L103_IAP/User/iap.h(L33)
evt-l103-iap,CH32L103/EVT/EXAM/IAP/USB_UART/CH32L103_IAP/User/iap.h,35,CalAddr,(0x08010000-4),134283260,address,#,single-source,evt:CH32L103/EVT/EXAM/IAP/USB_UART/CH32L103_IAP/User/iap.h(L35)
evt-l103-iap,CH32L103/EVT/EXAM/IAP/USB_UART/CH32L103_IAP/User/iap.h,36,CheckNum,(0x5aa55aa5),1520786085,address,#,single-source,evt:CH32L103/EVT/EXAM/IAP/USB_UART/CH32L103_IAP/User/iap.h(L36)
evt-l103-iap,CH32L103/EVT/EXAM/IAP/USB_UART/CH32L103_IAP/User/main.c,27,UPGRADE_MODE_COMMAND,0,0,misc,#,single-source,evt:CH32L103/EVT/EXAM/IAP/USB_UART/CH32L103_IAP/User/main.c(L27)
evt-l103-iap,CH32L103/EVT/EXAM/IAP/USB_UART/CH32L103_IAP/User/main.c,28,UPGRADE_MODE_IO,1,1,misc,#,single-source,evt:CH32L103/EVT/EXAM/IAP/USB_UART/CH32L103_IAP/User/main.c(L28)
evt-l103-iap,CH32L103/EVT/EXAM/IAP/USB_UART/CH32L103_IAP/User/main.c,30,UPGRADE_MODE,UPGRADE_MODE_COMMAND,,misc,#,single-source,evt:CH32L103/EVT/EXAM/IAP/USB_UART/CH32L103_IAP/User/main.c(L30)
evt-l103-app,CH32L103/EVT/EXAM/IAP/USB_UART/CH32L103_APP/User/iap.c,28,isp_cmd_t,((isp_cmd  *)IAP_Deal_Buf),,misc,#,single-source,evt:CH32L103/EVT/EXAM/IAP/USB_UART/CH32L103_APP/User/iap.c(L28)
evt-l103-app,CH32L103/EVT/EXAM/IAP/USB_UART/CH32L103_APP/User/iap.h,19,USBD_DATA_SIZE,64,64,size,#,single-source,evt:CH32L103/EVT/EXAM/IAP/USB_UART/CH32L103_APP/User/iap.h(L19)
evt-l103-app,CH32L103/EVT/EXAM/IAP/USB_UART/CH32L103_APP/User/iap.h,20,FLASH_Base,0x08005000,134238208,address,#,single-source,evt:CH32L103/EVT/EXAM/IAP/USB_UART/CH32L103_APP/User/iap.h(L20)
evt-l103-app,CH32L103/EVT/EXAM/IAP/USB_UART/CH32L103_APP/User/iap.h,22,Uart_Sync_Head1,0xaa,170,protocol,#,single-source,evt:CH32L103/EVT/EXAM/IAP/USB_UART/CH32L103_APP/User/iap.h(L22)
evt-l103-app,CH32L103/EVT/EXAM/IAP/USB_UART/CH32L103_APP/User/iap.h,23,Uart_Sync_Head2,0x55,85,protocol,#,single-source,evt:CH32L103/EVT/EXAM/IAP/USB_UART/CH32L103_APP/User/iap.h(L23)
evt-l103-app,CH32L103/EVT/EXAM/IAP/USB_UART/CH32L103_APP/User/iap.h,25,CMD_IAP_PROM,0x80,128,protocol,#,single-source,evt:CH32L103/EVT/EXAM/IAP/USB_UART/CH32L103_APP/User/iap.h(L25)
evt-l103-app,CH32L103/EVT/EXAM/IAP/USB_UART/CH32L103_APP/User/iap.h,26,CMD_IAP_ERASE,0x81,129,protocol,#,single-source,evt:CH32L103/EVT/EXAM/IAP/USB_UART/CH32L103_APP/User/iap.h(L26)
evt-l103-app,CH32L103/EVT/EXAM/IAP/USB_UART/CH32L103_APP/User/iap.h,27,CMD_IAP_VERIFY,0x82,130,protocol,#,single-source,evt:CH32L103/EVT/EXAM/IAP/USB_UART/CH32L103_APP/User/iap.h(L27)
evt-l103-app,CH32L103/EVT/EXAM/IAP/USB_UART/CH32L103_APP/User/iap.h,28,CMD_IAP_END,0x83,131,protocol,#,single-source,evt:CH32L103/EVT/EXAM/IAP/USB_UART/CH32L103_APP/User/iap.h(L28)
evt-l103-app,CH32L103/EVT/EXAM/IAP/USB_UART/CH32L103_APP/User/iap.h,29,CMD_JUMP_IAP,0x84,132,protocol,#,single-source,evt:CH32L103/EVT/EXAM/IAP/USB_UART/CH32L103_APP/User/iap.h(L29)
evt-l103-app,CH32L103/EVT/EXAM/IAP/USB_UART/CH32L103_APP/User/iap.h,31,ERR_SUCCESS,0x00,0,protocol,#,single-source,evt:CH32L103/EVT/EXAM/IAP/USB_UART/CH32L103_APP/User/iap.h(L31)
evt-l103-app,CH32L103/EVT/EXAM/IAP/USB_UART/CH32L103_APP/User/iap.h,32,ERR_ERROR,0x01,1,protocol,#,single-source,evt:CH32L103/EVT/EXAM/IAP/USB_UART/CH32L103_APP/User/iap.h(L32)
evt-l103-app,CH32L103/EVT/EXAM/IAP/USB_UART/CH32L103_APP/User/iap.h,33,ERR_End,0x02,2,protocol,#,single-source,evt:CH32L103/EVT/EXAM/IAP/USB_UART/CH32L103_APP/User/iap.h(L33)
evt-l103-app,CH32L103/EVT/EXAM/IAP/USB_UART/CH32L103_APP/User/iap.h,35,CalAddr,(0x08010000-4),134283260,address,#,single-source,evt:CH32L103/EVT/EXAM/IAP/USB_UART/CH32L103_APP/User/iap.h(L35)
evt-l103-app,CH32L103/EVT/EXAM/IAP/USB_UART/CH32L103_APP/User/iap.h,36,CheckNum,(0x5aa55aa5),1520786085,address,#,single-source,evt:CH32L103/EVT/EXAM/IAP/USB_UART/CH32L103_APP/User/iap.h(L36)
evt-m030-iap,CH32M030/EVT/EXAM/IAP/UART_USB_IAP/CH32M030_IAP/User/iap.c,27,isp_cmd_t,((isp_cmd  *)EP2_Rx_Buffer),,misc,#,single-source,evt:CH32M030/EVT/EXAM/IAP/UART_USB_IAP/CH32M030_IAP/User/iap.c(L27)
evt-m030-iap,CH32M030/EVT/EXAM/IAP/UART_USB_IAP/CH32M030_IAP/User/iap.h,19,USBD_DATA_SIZE,64,64,size,#,single-source,evt:CH32M030/EVT/EXAM/IAP/UART_USB_IAP/CH32M030_IAP/User/iap.h(L19)
evt-m030-iap,CH32M030/EVT/EXAM/IAP/UART_USB_IAP/CH32M030_IAP/User/iap.h,20,FLASH_Base,0x08005000,134238208,address,#,single-source,evt:CH32M030/EVT/EXAM/IAP/UART_USB_IAP/CH32M030_IAP/User/iap.h(L20)
evt-m030-iap,CH32M030/EVT/EXAM/IAP/UART_USB_IAP/CH32M030_IAP/User/iap.h,22,Uart_Sync_Head1,0xaa,170,protocol,#,single-source,evt:CH32M030/EVT/EXAM/IAP/UART_USB_IAP/CH32M030_IAP/User/iap.h(L22)
evt-m030-iap,CH32M030/EVT/EXAM/IAP/UART_USB_IAP/CH32M030_IAP/User/iap.h,23,Uart_Sync_Head2,0x55,85,protocol,#,single-source,evt:CH32M030/EVT/EXAM/IAP/UART_USB_IAP/CH32M030_IAP/User/iap.h(L23)
evt-m030-iap,CH32M030/EVT/EXAM/IAP/UART_USB_IAP/CH32M030_IAP/User/iap.h,25,CMD_IAP_PROM,0x80,128,protocol,#,single-source,evt:CH32M030/EVT/EXAM/IAP/UART_USB_IAP/CH32M030_IAP/User/iap.h(L25)
evt-m030-iap,CH32M030/EVT/EXAM/IAP/UART_USB_IAP/CH32M030_IAP/User/iap.h,26,CMD_IAP_ERASE,0x81,129,protocol,#,single-source,evt:CH32M030/EVT/EXAM/IAP/UART_USB_IAP/CH32M030_IAP/User/iap.h(L26)
evt-m030-iap,CH32M030/EVT/EXAM/IAP/UART_USB_IAP/CH32M030_IAP/User/iap.h,27,CMD_IAP_VERIFY,0x82,130,protocol,#,single-source,evt:CH32M030/EVT/EXAM/IAP/UART_USB_IAP/CH32M030_IAP/User/iap.h(L27)
evt-m030-iap,CH32M030/EVT/EXAM/IAP/UART_USB_IAP/CH32M030_IAP/User/iap.h,28,CMD_IAP_END,0x83,131,protocol,#,single-source,evt:CH32M030/EVT/EXAM/IAP/UART_USB_IAP/CH32M030_IAP/User/iap.h(L28)
evt-m030-iap,CH32M030/EVT/EXAM/IAP/UART_USB_IAP/CH32M030_IAP/User/iap.h,29,CMD_JUMP_IAP,0x84,132,protocol,#,single-source,evt:CH32M030/EVT/EXAM/IAP/UART_USB_IAP/CH32M030_IAP/User/iap.h(L29)
evt-m030-iap,CH32M030/EVT/EXAM/IAP/UART_USB_IAP/CH32M030_IAP/User/iap.h,31,ERR_SUCCESS,0x00,0,protocol,#,single-source,evt:CH32M030/EVT/EXAM/IAP/UART_USB_IAP/CH32M030_IAP/User/iap.h(L31)
evt-m030-iap,CH32M030/EVT/EXAM/IAP/UART_USB_IAP/CH32M030_IAP/User/iap.h,32,ERR_ERROR,0x01,1,protocol,#,single-source,evt:CH32M030/EVT/EXAM/IAP/UART_USB_IAP/CH32M030_IAP/User/iap.h(L32)
evt-m030-iap,CH32M030/EVT/EXAM/IAP/UART_USB_IAP/CH32M030_IAP/User/iap.h,33,ERR_End,0x02,2,protocol,#,single-source,evt:CH32M030/EVT/EXAM/IAP/UART_USB_IAP/CH32M030_IAP/User/iap.h(L33)
evt-m030-iap,CH32M030/EVT/EXAM/IAP/UART_USB_IAP/CH32M030_IAP/User/iap.h,35,CalAddr,(0x08010000-4),134283260,address,#,single-source,evt:CH32M030/EVT/EXAM/IAP/UART_USB_IAP/CH32M030_IAP/User/iap.h(L35)
evt-m030-iap,CH32M030/EVT/EXAM/IAP/UART_USB_IAP/CH32M030_IAP/User/iap.h,36,CheckNum,(0x5aa55aa5),1520786085,address,#,single-source,evt:CH32M030/EVT/EXAM/IAP/UART_USB_IAP/CH32M030_IAP/User/iap.h(L36)
evt-m030-iap,CH32M030/EVT/EXAM/IAP/UART_USB_IAP/CH32M030_IAP/User/main.c,26,UPGRADE_MODE_COMMAND,0,0,misc,#,single-source,evt:CH32M030/EVT/EXAM/IAP/UART_USB_IAP/CH32M030_IAP/User/main.c(L26)
evt-m030-iap,CH32M030/EVT/EXAM/IAP/UART_USB_IAP/CH32M030_IAP/User/main.c,27,UPGRADE_MODE_IO,1,1,misc,#,single-source,evt:CH32M030/EVT/EXAM/IAP/UART_USB_IAP/CH32M030_IAP/User/main.c(L27)
evt-m030-iap,CH32M030/EVT/EXAM/IAP/UART_USB_IAP/CH32M030_IAP/User/main.c,29,UPGRADE_MODE,UPGRADE_MODE_COMMAND,,misc,#,single-source,evt:CH32M030/EVT/EXAM/IAP/UART_USB_IAP/CH32M030_IAP/User/main.c(L29)
evt-m030-app,CH32M030/EVT/EXAM/IAP/UART_USB_IAP/CH32M030_APP/User/iap.c,18,USBD_DATA_SIZE,64,64,size,#,single-source,evt:CH32M030/EVT/EXAM/IAP/UART_USB_IAP/CH32M030_APP/User/iap.c(L18)
evt-m030-app,CH32M030/EVT/EXAM/IAP/UART_USB_IAP/CH32M030_APP/User/iap.c,29,isp_cmd_t,((isp_cmd  *)EP2_Rx_Buffer),,misc,#,single-source,evt:CH32M030/EVT/EXAM/IAP/UART_USB_IAP/CH32M030_APP/User/iap.c(L29)
evt-m030-app,CH32M030/EVT/EXAM/IAP/UART_USB_IAP/CH32M030_APP/User/iap.h,19,USBD_DATA_SIZE,64,64,size,#,single-source,evt:CH32M030/EVT/EXAM/IAP/UART_USB_IAP/CH32M030_APP/User/iap.h(L19)
evt-m030-app,CH32M030/EVT/EXAM/IAP/UART_USB_IAP/CH32M030_APP/User/iap.h,20,FLASH_Base,0x08005000,134238208,address,#,single-source,evt:CH32M030/EVT/EXAM/IAP/UART_USB_IAP/CH32M030_APP/User/iap.h(L20)
evt-m030-app,CH32M030/EVT/EXAM/IAP/UART_USB_IAP/CH32M030_APP/User/iap.h,22,Uart_Sync_Head1,0xaa,170,protocol,#,single-source,evt:CH32M030/EVT/EXAM/IAP/UART_USB_IAP/CH32M030_APP/User/iap.h(L22)
evt-m030-app,CH32M030/EVT/EXAM/IAP/UART_USB_IAP/CH32M030_APP/User/iap.h,23,Uart_Sync_Head2,0x55,85,protocol,#,single-source,evt:CH32M030/EVT/EXAM/IAP/UART_USB_IAP/CH32M030_APP/User/iap.h(L23)
evt-m030-app,CH32M030/EVT/EXAM/IAP/UART_USB_IAP/CH32M030_APP/User/iap.h,25,CMD_IAP_PROM,0x80,128,protocol,#,single-source,evt:CH32M030/EVT/EXAM/IAP/UART_USB_IAP/CH32M030_APP/User/iap.h(L25)
evt-m030-app,CH32M030/EVT/EXAM/IAP/UART_USB_IAP/CH32M030_APP/User/iap.h,26,CMD_IAP_ERASE,0x81,129,protocol,#,single-source,evt:CH32M030/EVT/EXAM/IAP/UART_USB_IAP/CH32M030_APP/User/iap.h(L26)
evt-m030-app,CH32M030/EVT/EXAM/IAP/UART_USB_IAP/CH32M030_APP/User/iap.h,27,CMD_IAP_VERIFY,0x82,130,protocol,#,single-source,evt:CH32M030/EVT/EXAM/IAP/UART_USB_IAP/CH32M030_APP/User/iap.h(L27)
evt-m030-app,CH32M030/EVT/EXAM/IAP/UART_USB_IAP/CH32M030_APP/User/iap.h,28,CMD_IAP_END,0x83,131,protocol,#,single-source,evt:CH32M030/EVT/EXAM/IAP/UART_USB_IAP/CH32M030_APP/User/iap.h(L28)
evt-m030-app,CH32M030/EVT/EXAM/IAP/UART_USB_IAP/CH32M030_APP/User/iap.h,29,CMD_JUMP_IAP,0x84,132,protocol,#,single-source,evt:CH32M030/EVT/EXAM/IAP/UART_USB_IAP/CH32M030_APP/User/iap.h(L29)
evt-m030-app,CH32M030/EVT/EXAM/IAP/UART_USB_IAP/CH32M030_APP/User/iap.h,31,ERR_SUCCESS,0x00,0,protocol,#,single-source,evt:CH32M030/EVT/EXAM/IAP/UART_USB_IAP/CH32M030_APP/User/iap.h(L31)
evt-m030-app,CH32M030/EVT/EXAM/IAP/UART_USB_IAP/CH32M030_APP/User/iap.h,32,ERR_ERROR,0x01,1,protocol,#,single-source,evt:CH32M030/EVT/EXAM/IAP/UART_USB_IAP/CH32M030_APP/User/iap.h(L32)
evt-m030-app,CH32M030/EVT/EXAM/IAP/UART_USB_IAP/CH32M030_APP/User/iap.h,33,ERR_End,0x02,2,protocol,#,single-source,evt:CH32M030/EVT/EXAM/IAP/UART_USB_IAP/CH32M030_APP/User/iap.h(L33)
evt-m030-app,CH32M030/EVT/EXAM/IAP/UART_USB_IAP/CH32M030_APP/User/iap.h,35,CalAddr,(0x08010000-4),134283260,address,#,single-source,evt:CH32M030/EVT/EXAM/IAP/UART_USB_IAP/CH32M030_APP/User/iap.h(L35)
evt-m030-app,CH32M030/EVT/EXAM/IAP/UART_USB_IAP/CH32M030_APP/User/iap.h,36,CheckNum,(0x5aa55aa5),1520786085,address,#,single-source,evt:CH32M030/EVT/EXAM/IAP/UART_USB_IAP/CH32M030_APP/User/iap.h(L36)
evt-h417-v3f-iap,CH32H417/EVT/EXAM/IAP/USB_UART/CH32H417_IAP/Common/hardware.c,30,UPGRADE_MODE_COMMAND,0,0,misc,#,single-source,evt:CH32H417/EVT/EXAM/IAP/USB_UART/CH32H417_IAP/Common/hardware.c(L30)
evt-h417-v3f-iap,CH32H417/EVT/EXAM/IAP/USB_UART/CH32H417_IAP/Common/hardware.c,31,UPGRADE_MODE_IO,1,1,misc,#,single-source,evt:CH32H417/EVT/EXAM/IAP/USB_UART/CH32H417_IAP/Common/hardware.c(L31)
evt-h417-v3f-iap,CH32H417/EVT/EXAM/IAP/USB_UART/CH32H417_IAP/Common/hardware.c,33,UPGRADE_MODE,UPGRADE_MODE_COMMAND,,misc,#,single-source,evt:CH32H417/EVT/EXAM/IAP/USB_UART/CH32H417_IAP/Common/hardware.c(L33)
evt-h417-v3f-iap,CH32H417/EVT/EXAM/IAP/USB_UART/CH32H417_IAP/Common/iap.c,28,isp_cmd_t,((isp_cmd  *)IAP_Deal_Buf),,misc,#,single-source,evt:CH32H417/EVT/EXAM/IAP/USB_UART/CH32H417_IAP/Common/iap.c(L28)
evt-h417-v3f-iap,CH32H417/EVT/EXAM/IAP/USB_UART/CH32H417_IAP/Common/iap.c,29,Size_256B,0x100,256,size,#,single-source,evt:CH32H417/EVT/EXAM/IAP/USB_UART/CH32H417_IAP/Common/iap.c(L29)
evt-h417-v3f-iap,CH32H417/EVT/EXAM/IAP/USB_UART/CH32H417_IAP/Common/iap.c,30,Size_4KB,0x1000,4096,size,#,single-source,evt:CH32H417/EVT/EXAM/IAP/USB_UART/CH32H417_IAP/Common/iap.c(L30)
evt-h417-v3f-iap,CH32H417/EVT/EXAM/IAP/USB_UART/CH32H417_IAP/Common/iap.c,31,Size_8KB,0x2000,8192,size,#,single-source,evt:CH32H417/EVT/EXAM/IAP/USB_UART/CH32H417_IAP/Common/iap.c(L31)
evt-h417-v3f-iap,CH32H417/EVT/EXAM/IAP/USB_UART/CH32H417_IAP/Common/iap.h,19,PRINT,0,0,misc,#,single-source,evt:CH32H417/EVT/EXAM/IAP/USB_UART/CH32H417_IAP/Common/iap.h(L19)
evt-h417-v3f-iap,CH32H417/EVT/EXAM/IAP/USB_UART/CH32H417_IAP/Common/iap.h,21,USBD_DATA_SIZE,64,64,size,#,single-source,evt:CH32H417/EVT/EXAM/IAP/USB_UART/CH32H417_IAP/Common/iap.h(L21)
evt-h417-v3f-iap,CH32H417/EVT/EXAM/IAP/USB_UART/CH32H417_IAP/Common/iap.h,22,FLASH_Base,0x08006000,134242304,address,#,single-source,evt:CH32H417/EVT/EXAM/IAP/USB_UART/CH32H417_IAP/Common/iap.h(L22)
evt-h417-v3f-iap,CH32H417/EVT/EXAM/IAP/USB_UART/CH32H417_IAP/Common/iap.h,24,Uart_Sync_Head1,0xaa,170,protocol,#,single-source,evt:CH32H417/EVT/EXAM/IAP/USB_UART/CH32H417_IAP/Common/iap.h(L24)
evt-h417-v3f-iap,CH32H417/EVT/EXAM/IAP/USB_UART/CH32H417_IAP/Common/iap.h,25,Uart_Sync_Head2,0x55,85,protocol,#,single-source,evt:CH32H417/EVT/EXAM/IAP/USB_UART/CH32H417_IAP/Common/iap.h(L25)
evt-h417-v3f-iap,CH32H417/EVT/EXAM/IAP/USB_UART/CH32H417_IAP/Common/iap.h,27,CMD_IAP_PROM,0x80,128,protocol,#,single-source,evt:CH32H417/EVT/EXAM/IAP/USB_UART/CH32H417_IAP/Common/iap.h(L27)
evt-h417-v3f-iap,CH32H417/EVT/EXAM/IAP/USB_UART/CH32H417_IAP/Common/iap.h,28,CMD_IAP_ERASE,0x81,129,protocol,#,single-source,evt:CH32H417/EVT/EXAM/IAP/USB_UART/CH32H417_IAP/Common/iap.h(L28)
evt-h417-v3f-iap,CH32H417/EVT/EXAM/IAP/USB_UART/CH32H417_IAP/Common/iap.h,29,CMD_IAP_VERIFY,0x82,130,protocol,#,single-source,evt:CH32H417/EVT/EXAM/IAP/USB_UART/CH32H417_IAP/Common/iap.h(L29)
evt-h417-v3f-iap,CH32H417/EVT/EXAM/IAP/USB_UART/CH32H417_IAP/Common/iap.h,30,CMD_IAP_END,0x83,131,protocol,#,single-source,evt:CH32H417/EVT/EXAM/IAP/USB_UART/CH32H417_IAP/Common/iap.h(L30)
evt-h417-v3f-iap,CH32H417/EVT/EXAM/IAP/USB_UART/CH32H417_IAP/Common/iap.h,31,CMD_JUMP_IAP,0x84,132,protocol,#,single-source,evt:CH32H417/EVT/EXAM/IAP/USB_UART/CH32H417_IAP/Common/iap.h(L31)
evt-h417-v3f-iap,CH32H417/EVT/EXAM/IAP/USB_UART/CH32H417_IAP/Common/iap.h,33,ERR_SUCCESS,0x00,0,protocol,#,single-source,evt:CH32H417/EVT/EXAM/IAP/USB_UART/CH32H417_IAP/Common/iap.h(L33)
evt-h417-v3f-iap,CH32H417/EVT/EXAM/IAP/USB_UART/CH32H417_IAP/Common/iap.h,34,ERR_ERROR,0x01,1,protocol,#,single-source,evt:CH32H417/EVT/EXAM/IAP/USB_UART/CH32H417_IAP/Common/iap.h(L34)
evt-h417-v3f-iap,CH32H417/EVT/EXAM/IAP/USB_UART/CH32H417_IAP/Common/iap.h,35,ERR_End,0x02,2,protocol,#,single-source,evt:CH32H417/EVT/EXAM/IAP/USB_UART/CH32H417_IAP/Common/iap.h(L35)
evt-h417-v3f-iap,CH32H417/EVT/EXAM/IAP/USB_UART/CH32H417_IAP/Common/iap.h,37,CalAddr,(0x08078000-4),134709244,address,#,single-source,evt:CH32H417/EVT/EXAM/IAP/USB_UART/CH32H417_IAP/Common/iap.h(L37)
evt-h417-v3f-iap,CH32H417/EVT/EXAM/IAP/USB_UART/CH32H417_IAP/Common/iap.h,38,CheckNum,(0x5aa55aa5),1520786085,address,#,single-source,evt:CH32H417/EVT/EXAM/IAP/USB_UART/CH32H417_IAP/Common/iap.h(L38)
evt-h417-v3f-app,CH32H417/EVT/EXAM/IAP/USB_UART/CH32H417_APP/Common/hardware.c,30,Size_256B,0x100,256,size,#,single-source,evt:CH32H417/EVT/EXAM/IAP/USB_UART/CH32H417_APP/Common/hardware.c(L30)
evt-h417-v3f-app,CH32H417/EVT/EXAM/IAP/USB_UART/CH32H417_APP/Common/hardware.c,31,Size_4KB,0x1000,4096,size,#,single-source,evt:CH32H417/EVT/EXAM/IAP/USB_UART/CH32H417_APP/Common/hardware.c(L31)
evt-h417-v3f-app,CH32H417/EVT/EXAM/IAP/USB_UART/CH32H417_APP/Common/hardware.c,32,Size_8KB,0x2000,8192,size,#,single-source,evt:CH32H417/EVT/EXAM/IAP/USB_UART/CH32H417_APP/Common/hardware.c(L32)
evt-h417-v3f-app,CH32H417/EVT/EXAM/IAP/USB_UART/CH32H417_APP/Common/iap.c,28,isp_cmd_t,((isp_cmd  *)IAP_Deal_Buf),,misc,#,single-source,evt:CH32H417/EVT/EXAM/IAP/USB_UART/CH32H417_APP/Common/iap.c(L28)
evt-h417-v3f-app,CH32H417/EVT/EXAM/IAP/USB_UART/CH32H417_APP/Common/iap.c,29,Size_256B,0x100,256,size,#,single-source,evt:CH32H417/EVT/EXAM/IAP/USB_UART/CH32H417_APP/Common/iap.c(L29)
evt-h417-v3f-app,CH32H417/EVT/EXAM/IAP/USB_UART/CH32H417_APP/Common/iap.c,30,Size_4KB,0x1000,4096,size,#,single-source,evt:CH32H417/EVT/EXAM/IAP/USB_UART/CH32H417_APP/Common/iap.c(L30)
evt-h417-v3f-app,CH32H417/EVT/EXAM/IAP/USB_UART/CH32H417_APP/Common/iap.c,31,Size_8KB,0x2000,8192,size,#,single-source,evt:CH32H417/EVT/EXAM/IAP/USB_UART/CH32H417_APP/Common/iap.c(L31)
evt-h417-v3f-app,CH32H417/EVT/EXAM/IAP/USB_UART/CH32H417_APP/Common/iap.h,19,PRINT,0,0,misc,#,single-source,evt:CH32H417/EVT/EXAM/IAP/USB_UART/CH32H417_APP/Common/iap.h(L19)
evt-h417-v3f-app,CH32H417/EVT/EXAM/IAP/USB_UART/CH32H417_APP/Common/iap.h,21,USBD_DATA_SIZE,64,64,size,#,single-source,evt:CH32H417/EVT/EXAM/IAP/USB_UART/CH32H417_APP/Common/iap.h(L21)
evt-h417-v3f-app,CH32H417/EVT/EXAM/IAP/USB_UART/CH32H417_APP/Common/iap.h,22,FLASH_Base,0x08006000,134242304,address,#,single-source,evt:CH32H417/EVT/EXAM/IAP/USB_UART/CH32H417_APP/Common/iap.h(L22)
evt-h417-v3f-app,CH32H417/EVT/EXAM/IAP/USB_UART/CH32H417_APP/Common/iap.h,24,Uart_Sync_Head1,0xaa,170,protocol,#,single-source,evt:CH32H417/EVT/EXAM/IAP/USB_UART/CH32H417_APP/Common/iap.h(L24)
evt-h417-v3f-app,CH32H417/EVT/EXAM/IAP/USB_UART/CH32H417_APP/Common/iap.h,25,Uart_Sync_Head2,0x55,85,protocol,#,single-source,evt:CH32H417/EVT/EXAM/IAP/USB_UART/CH32H417_APP/Common/iap.h(L25)
evt-h417-v3f-app,CH32H417/EVT/EXAM/IAP/USB_UART/CH32H417_APP/Common/iap.h,27,CMD_IAP_PROM,0x80,128,protocol,#,single-source,evt:CH32H417/EVT/EXAM/IAP/USB_UART/CH32H417_APP/Common/iap.h(L27)
evt-h417-v3f-app,CH32H417/EVT/EXAM/IAP/USB_UART/CH32H417_APP/Common/iap.h,28,CMD_IAP_ERASE,0x81,129,protocol,#,single-source,evt:CH32H417/EVT/EXAM/IAP/USB_UART/CH32H417_APP/Common/iap.h(L28)
evt-h417-v3f-app,CH32H417/EVT/EXAM/IAP/USB_UART/CH32H417_APP/Common/iap.h,29,CMD_IAP_VERIFY,0x82,130,protocol,#,single-source,evt:CH32H417/EVT/EXAM/IAP/USB_UART/CH32H417_APP/Common/iap.h(L29)
evt-h417-v3f-app,CH32H417/EVT/EXAM/IAP/USB_UART/CH32H417_APP/Common/iap.h,30,CMD_IAP_END,0x83,131,protocol,#,single-source,evt:CH32H417/EVT/EXAM/IAP/USB_UART/CH32H417_APP/Common/iap.h(L30)
evt-h417-v3f-app,CH32H417/EVT/EXAM/IAP/USB_UART/CH32H417_APP/Common/iap.h,31,CMD_JUMP_IAP,0x84,132,protocol,#,single-source,evt:CH32H417/EVT/EXAM/IAP/USB_UART/CH32H417_APP/Common/iap.h(L31)
evt-h417-v3f-app,CH32H417/EVT/EXAM/IAP/USB_UART/CH32H417_APP/Common/iap.h,33,ERR_SUCCESS,0x00,0,protocol,#,single-source,evt:CH32H417/EVT/EXAM/IAP/USB_UART/CH32H417_APP/Common/iap.h(L33)
evt-h417-v3f-app,CH32H417/EVT/EXAM/IAP/USB_UART/CH32H417_APP/Common/iap.h,34,ERR_ERROR,0x01,1,protocol,#,single-source,evt:CH32H417/EVT/EXAM/IAP/USB_UART/CH32H417_APP/Common/iap.h(L34)
evt-h417-v3f-app,CH32H417/EVT/EXAM/IAP/USB_UART/CH32H417_APP/Common/iap.h,35,ERR_End,0x02,2,protocol,#,single-source,evt:CH32H417/EVT/EXAM/IAP/USB_UART/CH32H417_APP/Common/iap.h(L35)
evt-h417-v3f-app,CH32H417/EVT/EXAM/IAP/USB_UART/CH32H417_APP/Common/iap.h,37,CalAddr,(0x08078000-4),134709244,address,#,single-source,evt:CH32H417/EVT/EXAM/IAP/USB_UART/CH32H417_APP/Common/iap.h(L37)
evt-h417-v3f-app,CH32H417/EVT/EXAM/IAP/USB_UART/CH32H417_APP/Common/iap.h,38,CheckNum,(0x5aa55aa5),1520786085,address,#,single-source,evt:CH32H417/EVT/EXAM/IAP/USB_UART/CH32H417_APP/Common/iap.h(L38)
evt-h417-v5f-iap,CH32H417/EVT/EXAM/IAP/USB_UART/CH32H417_IAP/Common/hardware.c,30,UPGRADE_MODE_COMMAND,0,0,misc,#,single-source,evt:CH32H417/EVT/EXAM/IAP/USB_UART/CH32H417_IAP/Common/hardware.c(L30)
evt-h417-v5f-iap,CH32H417/EVT/EXAM/IAP/USB_UART/CH32H417_IAP/Common/hardware.c,31,UPGRADE_MODE_IO,1,1,misc,#,single-source,evt:CH32H417/EVT/EXAM/IAP/USB_UART/CH32H417_IAP/Common/hardware.c(L31)
evt-h417-v5f-iap,CH32H417/EVT/EXAM/IAP/USB_UART/CH32H417_IAP/Common/hardware.c,33,UPGRADE_MODE,UPGRADE_MODE_COMMAND,,misc,#,single-source,evt:CH32H417/EVT/EXAM/IAP/USB_UART/CH32H417_IAP/Common/hardware.c(L33)
evt-h417-v5f-iap,CH32H417/EVT/EXAM/IAP/USB_UART/CH32H417_IAP/Common/iap.c,28,isp_cmd_t,((isp_cmd  *)IAP_Deal_Buf),,misc,#,single-source,evt:CH32H417/EVT/EXAM/IAP/USB_UART/CH32H417_IAP/Common/iap.c(L28)
evt-h417-v5f-iap,CH32H417/EVT/EXAM/IAP/USB_UART/CH32H417_IAP/Common/iap.c,29,Size_256B,0x100,256,size,#,single-source,evt:CH32H417/EVT/EXAM/IAP/USB_UART/CH32H417_IAP/Common/iap.c(L29)
evt-h417-v5f-iap,CH32H417/EVT/EXAM/IAP/USB_UART/CH32H417_IAP/Common/iap.c,30,Size_4KB,0x1000,4096,size,#,single-source,evt:CH32H417/EVT/EXAM/IAP/USB_UART/CH32H417_IAP/Common/iap.c(L30)
evt-h417-v5f-iap,CH32H417/EVT/EXAM/IAP/USB_UART/CH32H417_IAP/Common/iap.c,31,Size_8KB,0x2000,8192,size,#,single-source,evt:CH32H417/EVT/EXAM/IAP/USB_UART/CH32H417_IAP/Common/iap.c(L31)
evt-h417-v5f-iap,CH32H417/EVT/EXAM/IAP/USB_UART/CH32H417_IAP/Common/iap.h,19,PRINT,0,0,misc,#,single-source,evt:CH32H417/EVT/EXAM/IAP/USB_UART/CH32H417_IAP/Common/iap.h(L19)
evt-h417-v5f-iap,CH32H417/EVT/EXAM/IAP/USB_UART/CH32H417_IAP/Common/iap.h,21,USBD_DATA_SIZE,64,64,size,#,single-source,evt:CH32H417/EVT/EXAM/IAP/USB_UART/CH32H417_IAP/Common/iap.h(L21)
evt-h417-v5f-iap,CH32H417/EVT/EXAM/IAP/USB_UART/CH32H417_IAP/Common/iap.h,22,FLASH_Base,0x08006000,134242304,address,#,single-source,evt:CH32H417/EVT/EXAM/IAP/USB_UART/CH32H417_IAP/Common/iap.h(L22)
evt-h417-v5f-iap,CH32H417/EVT/EXAM/IAP/USB_UART/CH32H417_IAP/Common/iap.h,24,Uart_Sync_Head1,0xaa,170,protocol,#,single-source,evt:CH32H417/EVT/EXAM/IAP/USB_UART/CH32H417_IAP/Common/iap.h(L24)
evt-h417-v5f-iap,CH32H417/EVT/EXAM/IAP/USB_UART/CH32H417_IAP/Common/iap.h,25,Uart_Sync_Head2,0x55,85,protocol,#,single-source,evt:CH32H417/EVT/EXAM/IAP/USB_UART/CH32H417_IAP/Common/iap.h(L25)
evt-h417-v5f-iap,CH32H417/EVT/EXAM/IAP/USB_UART/CH32H417_IAP/Common/iap.h,27,CMD_IAP_PROM,0x80,128,protocol,#,single-source,evt:CH32H417/EVT/EXAM/IAP/USB_UART/CH32H417_IAP/Common/iap.h(L27)
evt-h417-v5f-iap,CH32H417/EVT/EXAM/IAP/USB_UART/CH32H417_IAP/Common/iap.h,28,CMD_IAP_ERASE,0x81,129,protocol,#,single-source,evt:CH32H417/EVT/EXAM/IAP/USB_UART/CH32H417_IAP/Common/iap.h(L28)
evt-h417-v5f-iap,CH32H417/EVT/EXAM/IAP/USB_UART/CH32H417_IAP/Common/iap.h,29,CMD_IAP_VERIFY,0x82,130,protocol,#,single-source,evt:CH32H417/EVT/EXAM/IAP/USB_UART/CH32H417_IAP/Common/iap.h(L29)
evt-h417-v5f-iap,CH32H417/EVT/EXAM/IAP/USB_UART/CH32H417_IAP/Common/iap.h,30,CMD_IAP_END,0x83,131,protocol,#,single-source,evt:CH32H417/EVT/EXAM/IAP/USB_UART/CH32H417_IAP/Common/iap.h(L30)
evt-h417-v5f-iap,CH32H417/EVT/EXAM/IAP/USB_UART/CH32H417_IAP/Common/iap.h,31,CMD_JUMP_IAP,0x84,132,protocol,#,single-source,evt:CH32H417/EVT/EXAM/IAP/USB_UART/CH32H417_IAP/Common/iap.h(L31)
evt-h417-v5f-iap,CH32H417/EVT/EXAM/IAP/USB_UART/CH32H417_IAP/Common/iap.h,33,ERR_SUCCESS,0x00,0,protocol,#,single-source,evt:CH32H417/EVT/EXAM/IAP/USB_UART/CH32H417_IAP/Common/iap.h(L33)
evt-h417-v5f-iap,CH32H417/EVT/EXAM/IAP/USB_UART/CH32H417_IAP/Common/iap.h,34,ERR_ERROR,0x01,1,protocol,#,single-source,evt:CH32H417/EVT/EXAM/IAP/USB_UART/CH32H417_IAP/Common/iap.h(L34)
evt-h417-v5f-iap,CH32H417/EVT/EXAM/IAP/USB_UART/CH32H417_IAP/Common/iap.h,35,ERR_End,0x02,2,protocol,#,single-source,evt:CH32H417/EVT/EXAM/IAP/USB_UART/CH32H417_IAP/Common/iap.h(L35)
evt-h417-v5f-iap,CH32H417/EVT/EXAM/IAP/USB_UART/CH32H417_IAP/Common/iap.h,37,CalAddr,(0x08078000-4),134709244,address,#,single-source,evt:CH32H417/EVT/EXAM/IAP/USB_UART/CH32H417_IAP/Common/iap.h(L37)
evt-h417-v5f-iap,CH32H417/EVT/EXAM/IAP/USB_UART/CH32H417_IAP/Common/iap.h,38,CheckNum,(0x5aa55aa5),1520786085,address,#,single-source,evt:CH32H417/EVT/EXAM/IAP/USB_UART/CH32H417_IAP/Common/iap.h(L38)
evt-h417-v5f-app,CH32H417/EVT/EXAM/IAP/USB_UART/CH32H417_APP/Common/hardware.c,30,Size_256B,0x100,256,size,#,single-source,evt:CH32H417/EVT/EXAM/IAP/USB_UART/CH32H417_APP/Common/hardware.c(L30)
evt-h417-v5f-app,CH32H417/EVT/EXAM/IAP/USB_UART/CH32H417_APP/Common/hardware.c,31,Size_4KB,0x1000,4096,size,#,single-source,evt:CH32H417/EVT/EXAM/IAP/USB_UART/CH32H417_APP/Common/hardware.c(L31)
evt-h417-v5f-app,CH32H417/EVT/EXAM/IAP/USB_UART/CH32H417_APP/Common/hardware.c,32,Size_8KB,0x2000,8192,size,#,single-source,evt:CH32H417/EVT/EXAM/IAP/USB_UART/CH32H417_APP/Common/hardware.c(L32)
evt-h417-v5f-app,CH32H417/EVT/EXAM/IAP/USB_UART/CH32H417_APP/Common/iap.c,28,isp_cmd_t,((isp_cmd  *)IAP_Deal_Buf),,misc,#,single-source,evt:CH32H417/EVT/EXAM/IAP/USB_UART/CH32H417_APP/Common/iap.c(L28)
evt-h417-v5f-app,CH32H417/EVT/EXAM/IAP/USB_UART/CH32H417_APP/Common/iap.c,29,Size_256B,0x100,256,size,#,single-source,evt:CH32H417/EVT/EXAM/IAP/USB_UART/CH32H417_APP/Common/iap.c(L29)
evt-h417-v5f-app,CH32H417/EVT/EXAM/IAP/USB_UART/CH32H417_APP/Common/iap.c,30,Size_4KB,0x1000,4096,size,#,single-source,evt:CH32H417/EVT/EXAM/IAP/USB_UART/CH32H417_APP/Common/iap.c(L30)
evt-h417-v5f-app,CH32H417/EVT/EXAM/IAP/USB_UART/CH32H417_APP/Common/iap.c,31,Size_8KB,0x2000,8192,size,#,single-source,evt:CH32H417/EVT/EXAM/IAP/USB_UART/CH32H417_APP/Common/iap.c(L31)
evt-h417-v5f-app,CH32H417/EVT/EXAM/IAP/USB_UART/CH32H417_APP/Common/iap.h,19,PRINT,0,0,misc,#,single-source,evt:CH32H417/EVT/EXAM/IAP/USB_UART/CH32H417_APP/Common/iap.h(L19)
evt-h417-v5f-app,CH32H417/EVT/EXAM/IAP/USB_UART/CH32H417_APP/Common/iap.h,21,USBD_DATA_SIZE,64,64,size,#,single-source,evt:CH32H417/EVT/EXAM/IAP/USB_UART/CH32H417_APP/Common/iap.h(L21)
evt-h417-v5f-app,CH32H417/EVT/EXAM/IAP/USB_UART/CH32H417_APP/Common/iap.h,22,FLASH_Base,0x08006000,134242304,address,#,single-source,evt:CH32H417/EVT/EXAM/IAP/USB_UART/CH32H417_APP/Common/iap.h(L22)
evt-h417-v5f-app,CH32H417/EVT/EXAM/IAP/USB_UART/CH32H417_APP/Common/iap.h,24,Uart_Sync_Head1,0xaa,170,protocol,#,single-source,evt:CH32H417/EVT/EXAM/IAP/USB_UART/CH32H417_APP/Common/iap.h(L24)
evt-h417-v5f-app,CH32H417/EVT/EXAM/IAP/USB_UART/CH32H417_APP/Common/iap.h,25,Uart_Sync_Head2,0x55,85,protocol,#,single-source,evt:CH32H417/EVT/EXAM/IAP/USB_UART/CH32H417_APP/Common/iap.h(L25)
evt-h417-v5f-app,CH32H417/EVT/EXAM/IAP/USB_UART/CH32H417_APP/Common/iap.h,27,CMD_IAP_PROM,0x80,128,protocol,#,single-source,evt:CH32H417/EVT/EXAM/IAP/USB_UART/CH32H417_APP/Common/iap.h(L27)
evt-h417-v5f-app,CH32H417/EVT/EXAM/IAP/USB_UART/CH32H417_APP/Common/iap.h,28,CMD_IAP_ERASE,0x81,129,protocol,#,single-source,evt:CH32H417/EVT/EXAM/IAP/USB_UART/CH32H417_APP/Common/iap.h(L28)
evt-h417-v5f-app,CH32H417/EVT/EXAM/IAP/USB_UART/CH32H417_APP/Common/iap.h,29,CMD_IAP_VERIFY,0x82,130,protocol,#,single-source,evt:CH32H417/EVT/EXAM/IAP/USB_UART/CH32H417_APP/Common/iap.h(L29)
evt-h417-v5f-app,CH32H417/EVT/EXAM/IAP/USB_UART/CH32H417_APP/Common/iap.h,30,CMD_IAP_END,0x83,131,protocol,#,single-source,evt:CH32H417/EVT/EXAM/IAP/USB_UART/CH32H417_APP/Common/iap.h(L30)
evt-h417-v5f-app,CH32H417/EVT/EXAM/IAP/USB_UART/CH32H417_APP/Common/iap.h,31,CMD_JUMP_IAP,0x84,132,protocol,#,single-source,evt:CH32H417/EVT/EXAM/IAP/USB_UART/CH32H417_APP/Common/iap.h(L31)
evt-h417-v5f-app,CH32H417/EVT/EXAM/IAP/USB_UART/CH32H417_APP/Common/iap.h,33,ERR_SUCCESS,0x00,0,protocol,#,single-source,evt:CH32H417/EVT/EXAM/IAP/USB_UART/CH32H417_APP/Common/iap.h(L33)
evt-h417-v5f-app,CH32H417/EVT/EXAM/IAP/USB_UART/CH32H417_APP/Common/iap.h,34,ERR_ERROR,0x01,1,protocol,#,single-source,evt:CH32H417/EVT/EXAM/IAP/USB_UART/CH32H417_APP/Common/iap.h(L34)
evt-h417-v5f-app,CH32H417/EVT/EXAM/IAP/USB_UART/CH32H417_APP/Common/iap.h,35,ERR_End,0x02,2,protocol,#,single-source,evt:CH32H417/EVT/EXAM/IAP/USB_UART/CH32H417_APP/Common/iap.h(L35)
evt-h417-v5f-app,CH32H417/EVT/EXAM/IAP/USB_UART/CH32H417_APP/Common/iap.h,37,CalAddr,(0x08078000-4),134709244,address,#,single-source,evt:CH32H417/EVT/EXAM/IAP/USB_UART/CH32H417_APP/Common/iap.h(L37)
evt-h417-v5f-app,CH32H417/EVT/EXAM/IAP/USB_UART/CH32H417_APP/Common/iap.h,38,CheckNum,(0x5aa55aa5),1520786085,address,#,single-source,evt:CH32H417/EVT/EXAM/IAP/USB_UART/CH32H417_APP/Common/iap.h(L38)
oss-rv003usb-bl,rv003usb/bootloader/bootloader.c,2,SYSTEM_CORE_CLOCK,48000000,48000000,clock,#,single-source,evt:rv003usb/bootloader/bootloader.c(L2)
oss-rv003usb-bl,rv003usb/bootloader/bootloader.c,13,PORTIDA,0,0,misc,#,single-source,evt:rv003usb/bootloader/bootloader.c(L13)
oss-rv003usb-bl,rv003usb/bootloader/bootloader.c,14,PORTIDC,2,2,misc,#,single-source,evt:rv003usb/bootloader/bootloader.c(L14)
oss-rv003usb-bl,rv003usb/bootloader/bootloader.c,15,PORTIDD,3,3,misc,#,single-source,evt:rv003usb/bootloader/bootloader.c(L15)
oss-rv003usb-bl,rv003usb/bootloader/bootloader.c,43,BOOTLOADER_TIMEOUT_PWR,7,7,timing,#,single-source,evt:rv003usb/bootloader/bootloader.c(L43)
oss-rv003usb-bl,rv003usb/bootloader/bootloader.c,47,BOOTLOADER_TIMEOUT_USB,0,0,timing,#,single-source,evt:rv003usb/bootloader/bootloader.c(L47)
oss-rv003usb-bl,rv003usb/bootloader/bootloader.c,51,BOOTLOADER_TIMEOUT_BASE,-0x40000,-262144,address,#,single-source,evt:rv003usb/bootloader/bootloader.c(L51)
oss-rv003usb-bl,rv003usb/bootloader/bootloader.c,68,SCRATCHPAD_SIZE,128,128,size,#,single-source,evt:rv003usb/bootloader/bootloader.c(L68)
oss-rv003usb-bl,rv003usb/bootloader/bootloader.c,327,ENDPOINT0_SIZE,8,8,size,#,single-source,evt:rv003usb/bootloader/bootloader.c(L327)
oss-rv003usb-bl,rv003usb/bootloader/configurebootloader/funconfig.h,4,FUNCONF_TINYVECTOR,1,1,misc,#,single-source,evt:rv003usb/bootloader/configurebootloader/funconfig.h(L4)
oss-rv003usb-bl,rv003usb/bootloader/configurebootloader/funconfig.h,5,CH32V003,1,1,misc,#,single-source,evt:rv003usb/bootloader/configurebootloader/funconfig.h(L5)
oss-rv003usb-bl,rv003usb/bootloader/funconfig.h,4,FUNCONF_USE_DEBUGPRINTF,0,0,misc,#,single-source,evt:rv003usb/bootloader/funconfig.h(L4)
oss-rv003usb-bl,rv003usb/bootloader/funconfig.h,5,CH32V003,1,1,misc,#,single-source,evt:rv003usb/bootloader/funconfig.h(L5)
oss-rv003usb-bl,rv003usb/bootloader/funconfig.h,6,FUNCONF_SYSTICK_USE_HCLK,1,1,clock,#,single-source,evt:rv003usb/bootloader/funconfig.h(L6)
oss-rv003usb-bl,rv003usb/bootloader/testblink/funconfig.h,4,FUNCONF_USE_DEBUGPRINTF,0,0,misc,#,single-source,evt:rv003usb/bootloader/testblink/funconfig.h(L4)
oss-rv003usb-bl,rv003usb/bootloader/testblink/funconfig.h,5,CH32V003,1,1,misc,#,single-source,evt:rv003usb/bootloader/testblink/funconfig.h(L5)
oss-rv003usb-bl,rv003usb/bootloader/testblink/funconfig.h,6,FUNCONF_SYSTICK_USE_HCLK,1,1,clock,#,single-source,evt:rv003usb/bootloader/testblink/funconfig.h(L6)
oss-rv003usb-bl,rv003usb/bootloader/usb_config.h,5,ENDPOINTS,2,2,misc,#,single-source,evt:rv003usb/bootloader/usb_config.h(L5)
oss-rv003usb-bl,rv003usb/bootloader/usb_config.h,19,USB_PORT,D,,usb,#,single-source,evt:rv003usb/bootloader/usb_config.h(L19)
oss-rv003usb-bl,rv003usb/bootloader/usb_config.h,20,USB_PIN_DP,3,3,usb,#,single-source,evt:rv003usb/bootloader/usb_config.h(L20)
oss-rv003usb-bl,rv003usb/bootloader/usb_config.h,21,USB_PIN_DM,4,4,usb,#,single-source,evt:rv003usb/bootloader/usb_config.h(L21)
oss-rv003usb-bl,rv003usb/bootloader/usb_config.h,25,RV003USB_OPTIMIZE_FLASH,1,1,misc,#,single-source,evt:rv003usb/bootloader/usb_config.h(L25)
oss-rv003usb-bl,rv003usb/bootloader/usb_config.h,109,STR_MANUFACTURER,"u""""",,misc,#,single-source,evt:rv003usb/bootloader/usb_config.h(L109)
oss-rv003usb-bl,rv003usb/bootloader/usb_config.h,110,STR_PRODUCT,"u""32V003""",,misc,#,single-source,evt:rv003usb/bootloader/usb_config.h(L110)
oss-rv003usb-bl,rv003usb/bootloader/usb_config.h,111,STR_SERIAL,"u""""",,misc,#,single-source,evt:rv003usb/bootloader/usb_config.h(L111)
oss-rv003usb-bl,rv003usb/bootloader/usb_config.h,156,DESCRIPTOR_LIST_ENTRIES,((sizeof(descriptor_list))/(sizeof(struct descriptor_list_struct)) ),,misc,#,single-source,evt:rv003usb/bootloader/usb_config.h(L156)
oss-ch32fun-bl,ch32fun/examples_usb/bootloader/bootloader.c,7,BOOTLOADER_LED_PIN,PA15,,pin,#,single-source,evt:ch32fun/examples_usb/bootloader/bootloader.c(L7)
oss-ch32fun-bl,ch32fun/examples_usb/bootloader/bootloader.c,8,BOOTLOADER_LED_POLARITY,1,1,misc,#,single-source,evt:ch32fun/examples_usb/bootloader/bootloader.c(L8)
oss-ch32fun-bl,ch32fun/examples_usb/bootloader/bootloader.c,10,CHECK_RESET_REASON,(!(R8_RESET_STATUS & 0x7)),,misc,#,single-source,evt:ch32fun/examples_usb/bootloader/bootloader.c(L10)
oss-ch32fun-bl,ch32fun/examples_usb/bootloader/bootloader.c,11,SYSTICK_CNT,(SysTick->CNT),,misc,#,single-source,evt:ch32fun/examples_usb/bootloader/bootloader.c(L11)
oss-ch32fun-bl,ch32fun/examples_usb/bootloader/bootloader.c,12,BOOTLOADER_LED_PIN,PA7,,pin,#,single-source,evt:ch32fun/examples_usb/bootloader/bootloader.c(L12)
oss-ch32fun-bl,ch32fun/examples_usb/bootloader/bootloader.c,13,BOOTLOADER_LED_POLARITY,0,0,misc,#,single-source,evt:ch32fun/examples_usb/bootloader/bootloader.c(L13)
oss-ch32fun-bl,ch32fun/examples_usb/bootloader/bootloader.c,14,BOOTLOADER_BTN_PIN,0,0,pin,#,single-source,evt:ch32fun/examples_usb/bootloader/bootloader.c(L14)
oss-ch32fun-bl,ch32fun/examples_usb/bootloader/bootloader.c,16,CHECK_RESET_REASON,(!(R8_RESET_STATUS & 0x7)),,misc,#,single-source,evt:ch32fun/examples_usb/bootloader/bootloader.c(L16)
oss-ch32fun-bl,ch32fun/examples_usb/bootloader/bootloader.c,17,SYSTICK_CNT,(SysTick->CNTL),,misc,#,single-source,evt:ch32fun/examples_usb/bootloader/bootloader.c(L17)
oss-ch32fun-bl,ch32fun/examples_usb/bootloader/bootloader.c,18,BOOTLOADER_LED_PIN,PA8,,pin,#,single-source,evt:ch32fun/examples_usb/bootloader/bootloader.c(L18)
oss-ch32fun-bl,ch32fun/examples_usb/bootloader/bootloader.c,19,BOOTLOADER_LED_POLARITY,0,0,misc,#,single-source,evt:ch32fun/examples_usb/bootloader/bootloader.c(L19)
oss-ch32fun-bl,ch32fun/examples_usb/bootloader/bootloader.c,21,BOOTLOADER_LED_PIN,PC8,,pin,#,single-source,evt:ch32fun/examples_usb/bootloader/bootloader.c(L21)
oss-ch32fun-bl,ch32fun/examples_usb/bootloader/bootloader.c,22,BOOTLOADER_LED_POLARITY,0,0,misc,#,single-source,evt:ch32fun/examples_usb/bootloader/bootloader.c(L22)
oss-ch32fun-bl,ch32fun/examples_usb/bootloader/bootloader.c,24,CHECK_RESET_REASON,(RCC->RSTSCKR == 0x10000000),,misc,#,single-source,evt:ch32fun/examples_usb/bootloader/bootloader.c(L24)
oss-ch32fun-bl,ch32fun/examples_usb/bootloader/bootloader.c,25,SYSTICK_CNT,(SysTick->CNTL),,misc,#,single-source,evt:ch32fun/examples_usb/bootloader/bootloader.c(L25)
oss-ch32fun-bl,ch32fun/examples_usb/bootloader/bootloader.c,26,BOOTLOADER_LED_PIN,PB12,,pin,#,single-source,evt:ch32fun/examples_usb/bootloader/bootloader.c(L26)
oss-ch32fun-bl,ch32fun/examples_usb/bootloader/bootloader.c,27,BOOTLOADER_LED_POLARITY,1,1,misc,#,single-source,evt:ch32fun/examples_usb/bootloader/bootloader.c(L27)
oss-ch32fun-bl,ch32fun/examples_usb/bootloader/bootloader.c,30,BOOTLOADER_BTN_PC17,1,1,misc,#,single-source,evt:ch32fun/examples_usb/bootloader/bootloader.c(L30)
oss-ch32fun-bl,ch32fun/examples_usb/bootloader/bootloader.c,31,BOOTLOADER_BTN_CHECK,(GPIOC->INDR&(1<<17)),,misc,#,single-source,evt:ch32fun/examples_usb/bootloader/bootloader.c(L31)
oss-ch32fun-bl,ch32fun/examples_usb/bootloader/bootloader.c,33,CHECK_RESET_REASON,0,0,misc,#,single-source,evt:ch32fun/examples_usb/bootloader/bootloader.c(L33)
oss-ch32fun-bl,ch32fun/examples_usb/bootloader/bootloader.c,34,BOOTLOADER_LED_PIN,PB2,,pin,#,single-source,evt:ch32fun/examples_usb/bootloader/bootloader.c(L34)
oss-ch32fun-bl,ch32fun/examples_usb/bootloader/bootloader.c,35,BOOTLOADER_LED_POLARITY,1,1,misc,#,single-source,evt:ch32fun/examples_usb/bootloader/bootloader.c(L35)
oss-ch32fun-bl,ch32fun/examples_usb/bootloader/bootloader.c,36,BOOTLOADER_BTN_PIN,0,0,pin,#,single-source,evt:ch32fun/examples_usb/bootloader/bootloader.c(L36)
oss-ch32fun-bl,ch32fun/examples_usb/bootloader/bootloader.c,37,BOOTLOADER_BTN_TRIG_LEVEL,0,0,misc,#,single-source,evt:ch32fun/examples_usb/bootloader/bootloader.c(L37)
oss-ch32fun-bl,ch32fun/examples_usb/bootloader/bootloader.c,38,BOOTLOADER_BTN_PULL,1,1,misc,#,single-source,evt:ch32fun/examples_usb/bootloader/bootloader.c(L38)
oss-ch32fun-bl,ch32fun/examples_usb/bootloader/bootloader.c,43,DISABLE_BOOTLOAD,0,0,misc,#,single-source,evt:ch32fun/examples_usb/bootloader/bootloader.c(L43)
oss-ch32fun-bl,ch32fun/examples_usb/bootloader/bootloader.c,57,BOOTLOADER_BTN_CHECK,funDigitalRead(BOOTLOADER_BTN_PIN),,misc,#,single-source,evt:ch32fun/examples_usb/bootloader/bootloader.c(L57)
oss-ch32fun-bl,ch32fun/examples_usb/bootloader/bootloader.c,59,BOOTLOADER_BTN_CHECK,!funDigitalRead(BOOTLOADER_BTN_PIN),,misc,#,single-source,evt:ch32fun/examples_usb/bootloader/bootloader.c(L59)
oss-ch32fun-bl,ch32fun/examples_usb/bootloader/bootloader.c,64,BOOTLOADER_TIMEOUT_PWR_MS,5000,5000,timing,#,single-source,evt:ch32fun/examples_usb/bootloader/bootloader.c(L64)
oss-ch32fun-bl,ch32fun/examples_usb/bootloader/bootloader.c,66,BOOTLOADER_TIMEOUT_BASE,4294967295 - Ticks_from_Ms(BOOTLOADER_TIMEOUT_PWR_MS),,address,#,single-source,evt:ch32fun/examples_usb/bootloader/bootloader.c(L66)
oss-ch32fun-bl,ch32fun/examples_usb/bootloader/bootloader.c,79,DATA_SIZE,6144,6144,size,#,single-source,evt:ch32fun/examples_usb/bootloader/bootloader.c(L79)
oss-ch32fun-bl,ch32fun/examples_usb/bootloader/bootloader.c,81,SCRATCHPAD_SIZE,DATA_SIZE+128,,size,#,single-source,evt:ch32fun/examples_usb/bootloader/bootloader.c(L81)
oss-ch32fun-bl,ch32fun/examples_usb/bootloader/funconfig.h,4,FUNCONF_USE_DEBUGPRINTF,0,0,misc,#,single-source,evt:ch32fun/examples_usb/bootloader/funconfig.h(L4)
oss-ch32fun-bl,ch32fun/examples_usb/bootloader/funconfig.h,5,FUNCONF_USE_UARTPRINTF,0,0,misc,#,single-source,evt:ch32fun/examples_usb/bootloader/funconfig.h(L5)
oss-ch32fun-bl,ch32fun/examples_usb/bootloader/funconfig.h,6,FUNCONF_ENABLE_HPE,0,0,misc,#,single-source,evt:ch32fun/examples_usb/bootloader/funconfig.h(L6)
oss-ch32fun-bl,ch32fun/examples_usb/bootloader/funconfig.h,7,FUNCONF_SYSTICK_USE_HCLK,1,1,clock,#,single-source,evt:ch32fun/examples_usb/bootloader/funconfig.h(L7)
oss-ch32fun-bl,ch32fun/examples_usb/bootloader/funconfig.h,10,FUNCONF_USE_HSI,1,1,misc,#,single-source,evt:ch32fun/examples_usb/bootloader/funconfig.h(L10)
oss-ch32fun-bl,ch32fun/examples_usb/bootloader/funconfig.h,11,FUNCONF_USE_5V_VDD,0,0,misc,#,single-source,evt:ch32fun/examples_usb/bootloader/funconfig.h(L11)
oss-ch32fun-bl,ch32fun/examples_usb/bootloader/funconfig.h,13,FUNCONF_ISR_IN_RAM,1,1,misc,#,single-source,evt:ch32fun/examples_usb/bootloader/funconfig.h(L13)
oss-ch32fun-bl,ch32fun/examples_usb/bootloader/funconfig.h,14,FUNCONF_USE_HSI,0,0,misc,#,single-source,evt:ch32fun/examples_usb/bootloader/funconfig.h(L14)
oss-ch32fun-bl,ch32fun/examples_usb/bootloader/funconfig.h,15,CLK_SOURCE_CH5XX,CLK_SOURCE_PLL_24MHz,,clock,#,single-source,evt:ch32fun/examples_usb/bootloader/funconfig.h(L15)
oss-ch32fun-bl,ch32fun/examples_usb/bootloader/funconfig.h,16,FUNCONF_SYSTEM_CORE_CLOCK,24 * 1000 * 1000,24000000,clock,#,single-source,evt:ch32fun/examples_usb/bootloader/funconfig.h(L16)
oss-ch32fun-bl,ch32fun/examples_usb/bootloader/funconfig.h,17,FUNCONF_USE_CLK_SEC,0,0,clock,#,single-source,evt:ch32fun/examples_usb/bootloader/funconfig.h(L17)
oss-ch32fun-bl,ch32fun/examples_usb/bootloader/funconfig.h,19,FUNCONF_USE_HSI,0,0,misc,#,single-source,evt:ch32fun/examples_usb/bootloader/funconfig.h(L19)
oss-ch32fun-bl,ch32fun/examples_usb/bootloader/funconfig.h,20,FUNCONF_USE_HSE,1,1,misc,#,single-source,evt:ch32fun/examples_usb/bootloader/funconfig.h(L20)
oss-ch32fun-bl,ch32fun/examples_usb/bootloader/funconfig.h,23,FUNCONF_DEBUG_HARDFAULT,1,1,misc,#,single-source,evt:ch32fun/examples_usb/bootloader/funconfig.h(L23)
oss-ch32fun-bl,ch32fun/examples_usb/bootloader/usb_config.h,7,FUSB_BUFFERS_NUMBER,2,2,misc,#,single-source,evt:ch32fun/examples_usb/bootloader/usb_config.h(L7)
oss-ch32fun-bl,ch32fun/examples_usb/bootloader/usb_config.h,8,FUSB_EP1_MODE,USBFS_EP_MODE_TX,,misc,#,single-source,evt:ch32fun/examples_usb/bootloader/usb_config.h(L8)
oss-ch32fun-bl,ch32fun/examples_usb/bootloader/usb_config.h,9,FUSB_SUPPORTS_SLEEP,0,0,misc,#,single-source,evt:ch32fun/examples_usb/bootloader/usb_config.h(L9)
oss-ch32fun-bl,ch32fun/examples_usb/bootloader/usb_config.h,10,FUSB_HID_INTERFACES,8,8,misc,#,single-source,evt:ch32fun/examples_usb/bootloader/usb_config.h(L10)
oss-ch32fun-bl,ch32fun/examples_usb/bootloader/usb_config.h,11,FUSB_CURSED_TURBO_DMA,0,0,misc,#,single-source,evt:ch32fun/examples_usb/bootloader/usb_config.h(L11)
oss-ch32fun-bl,ch32fun/examples_usb/bootloader/usb_config.h,12,FUSB_HID_USER_REPORTS,1,1,misc,#,single-source,evt:ch32fun/examples_usb/bootloader/usb_config.h(L12)
oss-ch32fun-bl,ch32fun/examples_usb/bootloader/usb_config.h,13,FUSB_IO_PROFILE,0,0,misc,#,single-source,evt:ch32fun/examples_usb/bootloader/usb_config.h(L13)
oss-ch32fun-bl,ch32fun/examples_usb/bootloader/usb_config.h,14,FUSB_USE_HPE,0,0,misc,#,single-source,evt:ch32fun/examples_usb/bootloader/usb_config.h(L14)
oss-ch32fun-bl,ch32fun/examples_usb/bootloader/usb_config.h,15,FUSB_USER_HANDLERS,0,0,misc,#,single-source,evt:ch32fun/examples_usb/bootloader/usb_config.h(L15)
oss-ch32fun-bl,ch32fun/examples_usb/bootloader/usb_config.h,16,FUSB_USE_DMA7_COPY,0,0,misc,#,single-source,evt:ch32fun/examples_usb/bootloader/usb_config.h(L16)
oss-ch32fun-bl,ch32fun/examples_usb/bootloader/usb_config.h,17,FUSB_VDD_5V,FUNCONF_USE_5V_VDD,,misc,#,single-source,evt:ch32fun/examples_usb/bootloader/usb_config.h(L17)
oss-ch32fun-bl,ch32fun/examples_usb/bootloader/usb_config.h,19,FUSB_FROM_RAM,1,1,misc,#,single-source,evt:ch32fun/examples_usb/bootloader/usb_config.h(L19)
oss-ch32fun-bl,ch32fun/examples_usb/bootloader/usb_config.h,21,FUSB_FROM_RAM,0,0,misc,#,single-source,evt:ch32fun/examples_usb/bootloader/usb_config.h(L21)
oss-ch32fun-bl,ch32fun/examples_usb/bootloader/usb_config.h,26,FUSB_USB_VID,0x1209,4617,usb,#,single-source,evt:ch32fun/examples_usb/bootloader/usb_config.h(L26)
oss-ch32fun-bl,ch32fun/examples_usb/bootloader/usb_config.h,27,FUSB_USB_PID,0xb003,45059,usb,#,single-source,evt:ch32fun/examples_usb/bootloader/usb_config.h(L27)
oss-ch32fun-bl,ch32fun/examples_usb/bootloader/usb_config.h,28,FUSB_USB_REV,0x0007,7,misc,#,single-source,evt:ch32fun/examples_usb/bootloader/usb_config.h(L28)
oss-ch32fun-bl,ch32fun/examples_usb/bootloader/usb_config.h,29,FUSB_STR_MANUFACTURER,"u""ch32fun""",,misc,#,single-source,evt:ch32fun/examples_usb/bootloader/usb_config.h(L29)
oss-ch32fun-bl,ch32fun/examples_usb/bootloader/usb_config.h,30,FUSB_STR_PRODUCT,"u""bootloader""",,misc,#,single-source,evt:ch32fun/examples_usb/bootloader/usb_config.h(L30)
oss-ch32fun-bl,ch32fun/examples_usb/bootloader/usb_config.h,32,FUSB_STR_SERIAL,"u""BOOT""",,misc,#,single-source,evt:ch32fun/examples_usb/bootloader/usb_config.h(L32)
oss-ch32fun-bl,ch32fun/examples_usb/bootloader/usb_config.h,180,DESCRIPTOR_LIST_ENTRIES,((sizeof(descriptor_list))/(sizeof(struct descriptor_list_struct)) ),,misc,#,single-source,evt:ch32fun/examples_usb/bootloader/usb_config.h(L180)
oss-uiap-flasher,ch32_user_bootloader_flasher/flasher.c,9,BACKUP_ADDR,0x08003800,134232064,address,#,single-source,evt:ch32_user_bootloader_flasher/flasher.c(L9)
oss-uiap-flasher,ch32_user_bootloader_flasher/flasher.c,10,BOOTLOAD_ADDR,0x1FFFF000,536866816,address,#,single-source,evt:ch32_user_bootloader_flasher/flasher.c(L10)
oss-uiap-flasher,ch32_user_bootloader_flasher/funconfig.h,4,FUNCONF_USE_DEBUGPRINTF,1,1,misc,#,single-source,evt:ch32_user_bootloader_flasher/funconfig.h(L4)
oss-uiap-flasher,ch32_user_bootloader_flasher/funconfig.h,5,CH32V003,1,1,misc,#,single-source,evt:ch32_user_bootloader_flasher/funconfig.h(L5)
oss-uiap-flasher,ch32_user_bootloader_flasher/funconfig.h,6,FUNCONF_SYSTICK_USE_HCLK,1,1,clock,#,single-source,evt:ch32_user_bootloader_flasher/funconfig.h(L6)
oss-uiap-flasher,ch32_user_bootloader_flasher/swio.h,3,MAX_IN_TIMEOUT,1000,1000,timing,#,single-source,evt:ch32_user_bootloader_flasher/swio.h(L3)
oss-uiap-flasher,ch32_user_bootloader_flasher/swio.h,4,T1COEFF,2,2,misc,#,single-source,evt:ch32_user_bootloader_flasher/swio.h(L4)
oss-uiap-flasher,ch32_user_bootloader_flasher/swio.h,6,DMCONTROL,0x10,16,misc,#,single-source,evt:ch32_user_bootloader_flasher/swio.h(L6)
oss-uiap-flasher,ch32_user_bootloader_flasher/swio.h,7,DMSTATUS,0x11,17,misc,#,single-source,evt:ch32_user_bootloader_flasher/swio.h(L7)
oss-uiap-flasher,ch32_user_bootloader_flasher/swio.h,8,DMHARTINFO,0x12,18,misc,#,single-source,evt:ch32_user_bootloader_flasher/swio.h(L8)
oss-uiap-flasher,ch32_user_bootloader_flasher/swio.h,9,DMABSTRACTCS,0x16,22,misc,#,single-source,evt:ch32_user_bootloader_flasher/swio.h(L9)
oss-uiap-flasher,ch32_user_bootloader_flasher/swio.h,10,DMCOMMAND,0x17,23,misc,#,single-source,evt:ch32_user_bootloader_flasher/swio.h(L10)
oss-uiap-flasher,ch32_user_bootloader_flasher/swio.h,11,DMABSTRACTAUTO,0x18,24,misc,#,single-source,evt:ch32_user_bootloader_flasher/swio.h(L11)
oss-uiap-flasher,ch32_user_bootloader_flasher/swio.h,12,DMPROGBUF0,0x20,32,misc,#,single-source,evt:ch32_user_bootloader_flasher/swio.h(L12)
oss-uiap-flasher,ch32_user_bootloader_flasher/swio.h,13,DMPROGBUF1,0x21,33,misc,#,single-source,evt:ch32_user_bootloader_flasher/swio.h(L13)
oss-uiap-flasher,ch32_user_bootloader_flasher/swio.h,14,DMPROGBUF2,0x22,34,misc,#,single-source,evt:ch32_user_bootloader_flasher/swio.h(L14)
oss-uiap-flasher,ch32_user_bootloader_flasher/swio.h,15,DMPROGBUF3,0x23,35,misc,#,single-source,evt:ch32_user_bootloader_flasher/swio.h(L15)
oss-uiap-flasher,ch32_user_bootloader_flasher/swio.h,16,DMPROGBUF4,0x24,36,misc,#,single-source,evt:ch32_user_bootloader_flasher/swio.h(L16)
oss-uiap-flasher,ch32_user_bootloader_flasher/swio.h,17,DMPROGBUF5,0x25,37,misc,#,single-source,evt:ch32_user_bootloader_flasher/swio.h(L17)
oss-uiap-flasher,ch32_user_bootloader_flasher/swio.h,18,DMPROGBUF6,0x26,38,misc,#,single-source,evt:ch32_user_bootloader_flasher/swio.h(L18)
oss-uiap-flasher,ch32_user_bootloader_flasher/swio.h,19,DMPROGBUF7,0x27,39,misc,#,single-source,evt:ch32_user_bootloader_flasher/swio.h(L19)
oss-uiap-flasher,ch32_user_bootloader_flasher/swio.h,21,DMCPBR,0x7C,124,misc,#,single-source,evt:ch32_user_bootloader_flasher/swio.h(L21)
oss-uiap-flasher,ch32_user_bootloader_flasher/swio.h,22,DMCFGR,0x7D,125,misc,#,single-source,evt:ch32_user_bootloader_flasher/swio.h(L22)
oss-uiap-flasher,ch32_user_bootloader_flasher/swio.h,23,DMSHDWCFGR,0x7E,126,misc,#,single-source,evt:ch32_user_bootloader_flasher/swio.h(L23)
oss-uiap-flasher,ch32_user_bootloader_flasher/usb_config.h,5,ENDPOINTS,2,2,misc,#,single-source,evt:ch32_user_bootloader_flasher/usb_config.h(L5)
oss-uiap-flasher,ch32_user_bootloader_flasher/usb_config.h,7,USB_PORT,D,,usb,#,single-source,evt:ch32_user_bootloader_flasher/usb_config.h(L7)
oss-uiap-flasher,ch32_user_bootloader_flasher/usb_config.h,8,USB_PIN_DP,3,3,usb,#,single-source,evt:ch32_user_bootloader_flasher/usb_config.h(L8)
oss-uiap-flasher,ch32_user_bootloader_flasher/usb_config.h,9,USB_PIN_DM,4,4,usb,#,single-source,evt:ch32_user_bootloader_flasher/usb_config.h(L9)
oss-uiap-flasher,ch32_user_bootloader_flasher/usb_config.h,10,USB_PIN_DPU,2,2,usb,#,single-source,evt:ch32_user_bootloader_flasher/usb_config.h(L10)
oss-uiap-flasher,ch32_user_bootloader_flasher/usb_config.h,12,RV003USB_DEBUG_TIMING,0,0,misc,#,single-source,evt:ch32_user_bootloader_flasher/usb_config.h(L12)
oss-uiap-flasher,ch32_user_bootloader_flasher/usb_config.h,13,RV003USB_OPTIMIZE_FLASH,1,1,misc,#,single-source,evt:ch32_user_bootloader_flasher/usb_config.h(L13)
oss-uiap-flasher,ch32_user_bootloader_flasher/usb_config.h,14,RV003USB_EVENT_DEBUGGING,0,0,misc,#,single-source,evt:ch32_user_bootloader_flasher/usb_config.h(L14)
oss-uiap-flasher,ch32_user_bootloader_flasher/usb_config.h,15,RV003USB_HANDLE_IN_REQUEST,1,1,misc,#,single-source,evt:ch32_user_bootloader_flasher/usb_config.h(L15)
oss-uiap-flasher,ch32_user_bootloader_flasher/usb_config.h,16,RV003USB_OTHER_CONTROL,1,1,misc,#,single-source,evt:ch32_user_bootloader_flasher/usb_config.h(L16)
oss-uiap-flasher,ch32_user_bootloader_flasher/usb_config.h,17,RV003USB_HANDLE_USER_DATA,1,1,misc,#,single-source,evt:ch32_user_bootloader_flasher/usb_config.h(L17)
oss-uiap-flasher,ch32_user_bootloader_flasher/usb_config.h,18,RV003USB_HID_FEATURES,1,1,misc,#,single-source,evt:ch32_user_bootloader_flasher/usb_config.h(L18)
oss-uiap-flasher,ch32_user_bootloader_flasher/usb_config.h,102,STR_MANUFACTURER,"u""CNLohr""",,misc,#,single-source,evt:ch32_user_bootloader_flasher/usb_config.h(L102)
oss-uiap-flasher,ch32_user_bootloader_flasher/usb_config.h,103,STR_PRODUCT,"u""RV003 Custom Device""",,misc,#,single-source,evt:ch32_user_bootloader_flasher/usb_config.h(L103)
oss-uiap-flasher,ch32_user_bootloader_flasher/usb_config.h,104,STR_SERIAL,"u""CUSTOMDEVICE000""",,misc,#,single-source,evt:ch32_user_bootloader_flasher/usb_config.h(L104)
oss-uiap-flasher,ch32_user_bootloader_flasher/usb_config.h,150,DESCRIPTOR_LIST_ENTRIES,((sizeof(descriptor_list))/(sizeof(struct descriptor_list_struct)) ),,misc,#,single-source,evt:ch32_user_bootloader_flasher/usb_config.h(L150)
