project_id,repo,path,bytes,lines,sha256,role,#,confidence,basis
evt-v003-iap,CH32V003,CH32V003/EVT/EXAM/USART_IAP/CH32V003_IAP/Ld/Link.ld,4075,176,21de288882a7bbaaf98405b11bc6e1460eb0364d9446c0eb272385a9fd4e6aef,linker,#,single-source,evt:CH32V003/EVT/EXAM/USART_IAP/CH32V003_IAP/Ld/Link.ld
evt-v003-iap,CH32V003,CH32V003/EVT/EXAM/USART_IAP/CH32V003_IAP/Startup/startup_ch32v00x.S,2224,95,3cdf5f3611232a3bd2761fb3884e6fa09ea6030bc88c85044ed648885990ffba,startup,#,single-source,evt:CH32V003/EVT/EXAM/USART_IAP/CH32V003_IAP/Startup/startup_ch32v00x.S
evt-v003-iap,CH32V003,CH32V003/EVT/EXAM/USART_IAP/CH32V003_IAP/User/ch32v00x_conf.h,1221,41,806c6eaef25b9d1e8169c1324dbfbc6c6de99bd690510e5f5e283b11a2171941,support,#,single-source,evt:CH32V003/EVT/EXAM/USART_IAP/CH32V003_IAP/User/ch32v00x_conf.h
evt-v003-iap,CH32V003,CH32V003/EVT/EXAM/USART_IAP/CH32V003_IAP/User/ch32v00x_it.c,1341,47,343bf3d6cfc1f9caf335c4f295628d0e0b36f1ebe17decfd041006bcd1f0ca5f,support,#,single-source,evt:CH32V003/EVT/EXAM/USART_IAP/CH32V003_IAP/User/ch32v00x_it.c
evt-v003-iap,CH32V003,CH32V003/EVT/EXAM/USART_IAP/CH32V003_IAP/User/ch32v00x_it.h,762,21,7be5478c24f4ba6ec6b7eae7f259a3fc425931ac264b8cc5276f934be6fc45c4,support,#,single-source,evt:CH32V003/EVT/EXAM/USART_IAP/CH32V003_IAP/User/ch32v00x_it.h
evt-v003-iap,CH32V003,CH32V003/EVT/EXAM/USART_IAP/CH32V003_IAP/User/flash.c,1771,53,786547e0e06b821663d3edbb1b6ae63a1b43c937714419edb703a75f4bad33f7,flash,#,single-source,evt:CH32V003/EVT/EXAM/USART_IAP/CH32V003_IAP/User/flash.c
evt-v003-iap,CH32V003,CH32V003/EVT/EXAM/USART_IAP/CH32V003_IAP/User/flash.h,743,21,0069e5fca16cb04bb878a1e83044214883f1d962dac21488fe71b7a78c3b08c8,flash,#,single-source,evt:CH32V003/EVT/EXAM/USART_IAP/CH32V003_IAP/User/flash.h
evt-v003-iap,CH32V003,CH32V003/EVT/EXAM/USART_IAP/CH32V003_IAP/User/iap.c,8559,302,a23f3f4e8a35cffd90420d1e0e52b7cf30cdf69e5089a3211e0970be996e54bb,protocol,#,single-source,evt:CH32V003/EVT/EXAM/USART_IAP/CH32V003_IAP/User/iap.c
evt-v003-iap,CH32V003,CH32V003/EVT/EXAM/USART_IAP/CH32V003_IAP/User/iap.h,1562,64,f5770c6238869d48926fd29fed8499421f105f34404b8d999d7deb20c796ae89,protocol,#,single-source,evt:CH32V003/EVT/EXAM/USART_IAP/CH32V003_IAP/User/iap.h
evt-v003-iap,CH32V003,CH32V003/EVT/EXAM/USART_IAP/CH32V003_IAP/User/main.c,2939,96,628bf190db9cff159110f3ec6ea83c9ed059c9261553e62786fe74796376b15d,entry,#,single-source,evt:CH32V003/EVT/EXAM/USART_IAP/CH32V003_IAP/User/main.c
evt-v003-iap,CH32V003,CH32V003/EVT/EXAM/USART_IAP/CH32V003_IAP/User/system_ch32v00x.c,13373,454,25329faf5f9519fa979520c62cc0d15afbb44594d8fb23eaacc41fb75d6e28d0,startup,#,single-source,evt:CH32V003/EVT/EXAM/USART_IAP/CH32V003_IAP/User/system_ch32v00x.c
evt-v003-iap,CH32V003,CH32V003/EVT/EXAM/USART_IAP/CH32V003_IAP/User/system_ch32v00x.h,1053,33,dce30e6b3b2b4bf17c3f3493a4642ba699de0e6798e17727c8de9de61d59b249,startup,#,single-source,evt:CH32V003/EVT/EXAM/USART_IAP/CH32V003_IAP/User/system_ch32v00x.h
evt-v003-app,CH32V003,CH32V003/EVT/EXAM/USART_IAP/CH32V003_APP/User/ch32v00x_conf.h,1221,41,806c6eaef25b9d1e8169c1324dbfbc6c6de99bd690510e5f5e283b11a2171941,support,#,single-source,evt:CH32V003/EVT/EXAM/USART_IAP/CH32V003_APP/User/ch32v00x_conf.h
evt-v003-app,CH32V003,CH32V003/EVT/EXAM/USART_IAP/CH32V003_APP/User/ch32v00x_it.c,1341,47,d655c183a7f5d04abc31dbf71fe32d619386e93312c7c3a803c76901994c0411,support,#,single-source,evt:CH32V003/EVT/EXAM/USART_IAP/CH32V003_APP/User/ch32v00x_it.c
evt-v003-app,CH32V003,CH32V003/EVT/EXAM/USART_IAP/CH32V003_APP/User/ch32v00x_it.h,762,21,7be5478c24f4ba6ec6b7eae7f259a3fc425931ac264b8cc5276f934be6fc45c4,support,#,single-source,evt:CH32V003/EVT/EXAM/USART_IAP/CH32V003_APP/User/ch32v00x_it.h
evt-v003-app,CH32V003,CH32V003/EVT/EXAM/USART_IAP/CH32V003_APP/User/flash.c,1771,53,786547e0e06b821663d3edbb1b6ae63a1b43c937714419edb703a75f4bad33f7,flash,#,single-source,evt:CH32V003/EVT/EXAM/USART_IAP/CH32V003_APP/User/flash.c
evt-v003-app,CH32V003,CH32V003/EVT/EXAM/USART_IAP/CH32V003_APP/User/flash.h,743,21,0069e5fca16cb04bb878a1e83044214883f1d962dac21488fe71b7a78c3b08c8,flash,#,single-source,evt:CH32V003/EVT/EXAM/USART_IAP/CH32V003_APP/User/flash.h
evt-v003-app,CH32V003,CH32V003/EVT/EXAM/USART_IAP/CH32V003_APP/User/iap.c,6019,198,9b36a3534482e2dfd41db21e1ba980239981af1859d6b71f59ca0c98d7329d7c,protocol,#,single-source,evt:CH32V003/EVT/EXAM/USART_IAP/CH32V003_APP/User/iap.c
evt-v003-app,CH32V003,CH32V003/EVT/EXAM/USART_IAP/CH32V003_APP/User/iap.h,1543,62,b77c56f97ba320393bb2dd26a2722c70080fdb445fb75842da86f4fabbc1a2a0,protocol,#,single-source,evt:CH32V003/EVT/EXAM/USART_IAP/CH32V003_APP/User/iap.h
evt-v003-app,CH32V003,CH32V003/EVT/EXAM/USART_IAP/CH32V003_APP/User/main.c,4159,135,120ff867ccf01b9c175d8af38c0330b02c423244b4495eb9ecd939a211d5c7a3,entry,#,single-source,evt:CH32V003/EVT/EXAM/USART_IAP/CH32V003_APP/User/main.c
evt-v003-app,CH32V003,CH32V003/EVT/EXAM/USART_IAP/CH32V003_APP/User/system_ch32v00x.c,13373,454,c3ebdd8e2ff5793c8f2d4a81f26201dc4ad680395d2cd4526a989fcf232f0521,startup,#,single-source,evt:CH32V003/EVT/EXAM/USART_IAP/CH32V003_APP/User/system_ch32v00x.c
evt-v003-app,CH32V003,CH32V003/EVT/EXAM/USART_IAP/CH32V003_APP/User/system_ch32v00x.h,1053,33,dce30e6b3b2b4bf17c3f3493a4642ba699de0e6798e17727c8de9de61d59b249,startup,#,single-source,evt:CH32V003/EVT/EXAM/USART_IAP/CH32V003_APP/User/system_ch32v00x.h
evt-v00x-iap,CH32V006,CH32V006/EVT/EXAM/USART_IAP/CH32V00X_IAP/Ld/Link.ld,3741,160,501d6335f2da18d185743227e4d9fd14668f60f9d4a582b1badb0190db87d149,linker,#,single-source,evt:CH32V006/EVT/EXAM/USART_IAP/CH32V00X_IAP/Ld/Link.ld
evt-v00x-iap,CH32V006,CH32V006/EVT/EXAM/USART_IAP/CH32V00X_IAP/Startup/startup_ch32v00X_iap.S,2002,81,bf13c5eceb7eb1c74812c14c3f7144d5762660095aa0ef5088ff7a87c82e64b7,protocol,#,single-source,evt:CH32V006/EVT/EXAM/USART_IAP/CH32V00X_IAP/Startup/startup_ch32v00X_iap.S
evt-v00x-iap,CH32V006,CH32V006/EVT/EXAM/USART_IAP/CH32V00X_IAP/User/ch32v00X_conf.h,1221,41,c7876482c9c47ac8b0d59772584177253b86fd6e081e0eb9c4300d595ea8e9ad,support,#,single-source,evt:CH32V006/EVT/EXAM/USART_IAP/CH32V00X_IAP/User/ch32v00X_conf.h
evt-v00x-iap,CH32V006,CH32V006/EVT/EXAM/USART_IAP/CH32V00X_IAP/User/ch32v00X_it.c,1341,47,9b5770a9d79c90cf0fb7b899667983fe516690d2a17ed392ba4148154c549c58,support,#,single-source,evt:CH32V006/EVT/EXAM/USART_IAP/CH32V00X_IAP/User/ch32v00X_it.c
evt-v00x-iap,CH32V006,CH32V006/EVT/EXAM/USART_IAP/CH32V00X_IAP/User/ch32v00X_it.h,762,21,b399db784fe4ab53e9812ceecd01c5b7c1e9850afb32287d91260e316f99acde,support,#,single-source,evt:CH32V006/EVT/EXAM/USART_IAP/CH32V00X_IAP/User/ch32v00X_it.h
evt-v00x-iap,CH32V006,CH32V006/EVT/EXAM/USART_IAP/CH32V00X_IAP/User/flash.c,975,30,cc65bf56869297da3f9ea760397b8d4a982912ab05c660461efffee20423e276,flash,#,single-source,evt:CH32V006/EVT/EXAM/USART_IAP/CH32V00X_IAP/User/flash.c
evt-v00x-iap,CH32V006,CH32V006/EVT/EXAM/USART_IAP/CH32V00X_IAP/User/flash.h,743,21,f824f3f5bf649ca0da4ffc81b761e36cf45032d53cd0d076f8b69284ca897e13,flash,#,single-source,evt:CH32V006/EVT/EXAM/USART_IAP/CH32V00X_IAP/User/flash.h
evt-v00x-iap,CH32V006,CH32V006/EVT/EXAM/USART_IAP/CH32V00X_IAP/User/iap.c,9115,325,82395ce75fb107615e7807f5ede40fce5221bc3df302f7e357beedba03346fbc,protocol,#,single-source,evt:CH32V006/EVT/EXAM/USART_IAP/CH32V00X_IAP/User/iap.c
evt-v00x-iap,CH32V006,CH32V006/EVT/EXAM/USART_IAP/CH32V00X_IAP/User/iap.h,1558,62,99b92727c8c4db863224c87bc4609e4105c4239805950c4eaddc2334237f2ca9,protocol,#,single-source,evt:CH32V006/EVT/EXAM/USART_IAP/CH32V00X_IAP/User/iap.h
evt-v00x-iap,CH32V006,CH32V006/EVT/EXAM/USART_IAP/CH32V00X_IAP/User/main.c,2933,95,2ae51cd1e0db5b2a59a4d5e37d6e77e74a29bc215bb6a61a2af00bb94cf9fd87,entry,#,single-source,evt:CH32V006/EVT/EXAM/USART_IAP/CH32V00X_IAP/User/main.c
evt-v00x-iap,CH32V006,CH32V006/EVT/EXAM/USART_IAP/CH32V00X_IAP/User/system_ch32v00X.c,13448,457,015d6f31140e18f5f4394145b1d08de17916a4b10aa4f1bd3fd30b0dea9b6fd1,startup,#,single-source,evt:CH32V006/EVT/EXAM/USART_IAP/CH32V00X_IAP/User/system_ch32v00X.c
evt-v00x-iap,CH32V006,CH32V006/EVT/EXAM/USART_IAP/CH32V00X_IAP/User/system_ch32v00X.h,1053,33,3e94005009d704c9c5767620f9f32c21d2441f99c24b9e9c136f63aed75ceafd,startup,#,single-source,evt:CH32V006/EVT/EXAM/USART_IAP/CH32V00X_IAP/User/system_ch32v00X.h
evt-v00x-app,CH32V006,CH32V006/EVT/EXAM/USART_IAP/CH32V00X_APP/User/ch32v00X_conf.h,1221,41,c7876482c9c47ac8b0d59772584177253b86fd6e081e0eb9c4300d595ea8e9ad,support,#,single-source,evt:CH32V006/EVT/EXAM/USART_IAP/CH32V00X_APP/User/ch32v00X_conf.h
evt-v00x-app,CH32V006,CH32V006/EVT/EXAM/USART_IAP/CH32V00X_APP/User/ch32v00X_it.c,1341,47,dbbfa030d6fa9a982d273f974ff4d0ab1fcc1d61ea7360fb78652752ef1f8683,support,#,single-source,evt:CH32V006/EVT/EXAM/USART_IAP/CH32V00X_APP/User/ch32v00X_it.c
evt-v00x-app,CH32V006,CH32V006/EVT/EXAM/USART_IAP/CH32V00X_APP/User/ch32v00X_it.h,762,21,b399db784fe4ab53e9812ceecd01c5b7c1e9850afb32287d91260e316f99acde,support,#,single-source,evt:CH32V006/EVT/EXAM/USART_IAP/CH32V00X_APP/User/ch32v00X_it.h
evt-v00x-app,CH32V006,CH32V006/EVT/EXAM/USART_IAP/CH32V00X_APP/User/flash.c,973,29,c897c5c47ea6a3a32d2a6cf9b99c5fb83a5a84aafdffa3e2bca30fa193c60ef5,flash,#,single-source,evt:CH32V006/EVT/EXAM/USART_IAP/CH32V00X_APP/User/flash.c
evt-v00x-app,CH32V006,CH32V006/EVT/EXAM/USART_IAP/CH32V00X_APP/User/flash.h,743,21,f824f3f5bf649ca0da4ffc81b761e36cf45032d53cd0d076f8b69284ca897e13,flash,#,single-source,evt:CH32V006/EVT/EXAM/USART_IAP/CH32V00X_APP/User/flash.h
evt-v00x-app,CH32V006,CH32V006/EVT/EXAM/USART_IAP/CH32V00X_APP/User/iap.c,5584,179,1d687f899103c5222e687a17abe58dc32a33fdbdb91f28629e3247118dbceb11,protocol,#,single-source,evt:CH32V006/EVT/EXAM/USART_IAP/CH32V00X_APP/User/iap.c
evt-v00x-app,CH32V006,CH32V006/EVT/EXAM/USART_IAP/CH32V00X_APP/User/iap.h,1510,60,057f8f5ecaa9f7c201e0bb3f3cd100a45ed1ea97ac7a87085371efaf94fcdcbf,protocol,#,single-source,evt:CH32V006/EVT/EXAM/USART_IAP/CH32V00X_APP/User/iap.h
evt-v00x-app,CH32V006,CH32V006/EVT/EXAM/USART_IAP/CH32V00X_APP/User/main.c,4152,134,9a8a02b5253cc7ea0ddfed00e2d0327adf6a5e8555b61e3bcbed8ecf9a3f0db0,entry,#,single-source,evt:CH32V006/EVT/EXAM/USART_IAP/CH32V00X_APP/User/main.c
evt-v00x-app,CH32V006,CH32V006/EVT/EXAM/USART_IAP/CH32V00X_APP/User/system_ch32v00X.c,13448,457,01e9877e9cce89921676eea830be0a395c56b927e0a89b1b3966da6da3960cd2,startup,#,single-source,evt:CH32V006/EVT/EXAM/USART_IAP/CH32V00X_APP/User/system_ch32v00X.c
evt-v00x-app,CH32V006,CH32V006/EVT/EXAM/USART_IAP/CH32V00X_APP/User/system_ch32v00X.h,1053,33,3e94005009d704c9c5767620f9f32c21d2441f99c24b9e9c136f63aed75ceafd,startup,#,single-source,evt:CH32V006/EVT/EXAM/USART_IAP/CH32V00X_APP/User/system_ch32v00X.h
evt-v103-iap,CH32V103,CH32V103/EVT/EXAM/IAP/UART_USB_IAP/CH32V103_IAP/User/ch32v10x_conf.h,1317,38,bc7e9b817715fb95cde58fd46abf07c4d3d77491b5476dcf957ef9eb62ecde4e,support,#,single-source,evt:CH32V103/EVT/EXAM/IAP/UART_USB_IAP/CH32V103_IAP/User/ch32v10x_conf.h
evt-v103-iap,CH32V103,CH32V103/EVT/EXAM/IAP/UART_USB_IAP/CH32V103_IAP/User/ch32v10x_it.c,1724,64,5ed3ecc8e0efa7b708fcdc68ad739f164a1cfd235f31f2dc7e794821c496733c,support,#,single-source,evt:CH32V103/EVT/EXAM/IAP/UART_USB_IAP/CH32V103_IAP/User/ch32v10x_it.c
evt-v103-iap,CH32V103,CH32V103/EVT/EXAM/IAP/UART_USB_IAP/CH32V103_IAP/User/ch32v10x_it.h,759,18,fdd7daa9fb41e1492c9e2900153877d1d779e44ac5a25f546284c4a6dab6f619,support,#,single-source,evt:CH32V103/EVT/EXAM/IAP/UART_USB_IAP/CH32V103_IAP/User/ch32v10x_it.h
evt-v103-iap,CH32V103,CH32V103/EVT/EXAM/IAP/UART_USB_IAP/CH32V103_IAP/User/flash.c,2032,67,708568cb3ecf3bb52acb43bca2ad3904a196825365fe688b3e504ddf7a100015,flash,#,single-source,evt:CH32V103/EVT/EXAM/IAP/UART_USB_IAP/CH32V103_IAP/User/flash.c
evt-v103-iap,CH32V103,CH32V103/EVT/EXAM/IAP/UART_USB_IAP/CH32V103_IAP/User/flash.h,833,23,381f30991e8414f0a69fd30f45f2dd9e652397dd793c2b2b988a5c4c079ccd2b,flash,#,single-source,evt:CH32V103/EVT/EXAM/IAP/UART_USB_IAP/CH32V103_IAP/User/flash.h
evt-v103-iap,CH32V103,CH32V103/EVT/EXAM/IAP/UART_USB_IAP/CH32V103_IAP/User/iap.c,8070,299,9095d1cbe4a59c81d566e0cc4c0cb0ff3f3d6392881fa5be5059b6570026b3a6,protocol,#,single-source,evt:CH32V103/EVT/EXAM/IAP/UART_USB_IAP/CH32V103_IAP/User/iap.c
evt-v103-iap,CH32V103,CH32V103/EVT/EXAM/IAP/UART_USB_IAP/CH32V103_IAP/User/iap.h,1736,60,b1e7c2bd369bfc85f66a8b264280b86e1a7110bebf0bd91e5de14ecfe00c4368,protocol,#,single-source,evt:CH32V103/EVT/EXAM/IAP/UART_USB_IAP/CH32V103_IAP/User/iap.h
evt-v103-iap,CH32V103,CH32V103/EVT/EXAM/IAP/UART_USB_IAP/CH32V103_IAP/User/main.c,20911,659,725c93012a65a791863703f2c73ee73a72ad3a1e46473262c3bc262499906541,entry,#,single-source,evt:CH32V103/EVT/EXAM/IAP/UART_USB_IAP/CH32V103_IAP/User/main.c
evt-v103-iap,CH32V103,CH32V103/EVT/EXAM/IAP/UART_USB_IAP/CH32V103_IAP/User/system_ch32v10x.c,18932,601,c9b7a0e8b6293b42751e7d0659c506484dc3933c9fcba4e6f573e125a5ed8126,startup,#,single-source,evt:CH32V103/EVT/EXAM/IAP/UART_USB_IAP/CH32V103_IAP/User/system_ch32v10x.c
evt-v103-iap,CH32V103,CH32V103/EVT/EXAM/IAP/UART_USB_IAP/CH32V103_IAP/User/system_ch32v10x.h,1034,30,1774444534cb6c25f7287f4700727f3842373a2713cfe06dfdbb4a1b49942da8,startup,#,single-source,evt:CH32V103/EVT/EXAM/IAP/UART_USB_IAP/CH32V103_IAP/User/system_ch32v10x.h
evt-v103-app,CH32V103,CH32V103/EVT/EXAM/IAP/UART_USB_IAP/CH32V103_APP/LD/CH32V103R8T6.ld,3502,168,7f5380fee52ea2c1fcf2e463dca71bb8dbe55287e8420b1100b30a33d3840585,linker,#,single-source,evt:CH32V103/EVT/EXAM/IAP/UART_USB_IAP/CH32V103_APP/LD/CH32V103R8T6.ld
evt-v103-app,CH32V103,CH32V103/EVT/EXAM/IAP/UART_USB_IAP/CH32V103_APP/User/ch32v10x_conf.h,1326,44,7d3a1eab2a7de2f98affca627fc7f7e427594c3a5dde06990af68ed08dc42cbb,support,#,single-source,evt:CH32V103/EVT/EXAM/IAP/UART_USB_IAP/CH32V103_APP/User/ch32v10x_conf.h
evt-v103-app,CH32V103,CH32V103/EVT/EXAM/IAP/UART_USB_IAP/CH32V103_APP/User/ch32v10x_it.c,2038,58,4de64274592d4eacd2de54e2a100868326c6da8d909e84b4cf2715df28fe2a88,support,#,single-source,evt:CH32V103/EVT/EXAM/IAP/UART_USB_IAP/CH32V103_APP/User/ch32v10x_it.c
evt-v103-app,CH32V103,CH32V103/EVT/EXAM/IAP/UART_USB_IAP/CH32V103_APP/User/ch32v10x_it.h,755,21,6de5f1163b0f144b68eeaad05a97046882a4e828723eaa0bf82c0dbeae465a69,support,#,single-source,evt:CH32V103/EVT/EXAM/IAP/UART_USB_IAP/CH32V103_APP/User/ch32v10x_it.h
evt-v103-app,CH32V103,CH32V103/EVT/EXAM/IAP/UART_USB_IAP/CH32V103_APP/User/main.c,2150,78,a267c0fdfe454a3e9e77bc46ce9562b46398ab07b3470b1f883364d2d322b0c7,entry,#,single-source,evt:CH32V103/EVT/EXAM/IAP/UART_USB_IAP/CH32V103_APP/User/main.c
evt-v103-app,CH32V103,CH32V103/EVT/EXAM/IAP/UART_USB_IAP/CH32V103_APP/User/system_ch32v10x.c,18932,601,c9b7a0e8b6293b42751e7d0659c506484dc3933c9fcba4e6f573e125a5ed8126,startup,#,single-source,evt:CH32V103/EVT/EXAM/IAP/UART_USB_IAP/CH32V103_APP/User/system_ch32v10x.c
evt-v103-app,CH32V103,CH32V103/EVT/EXAM/IAP/UART_USB_IAP/CH32V103_APP/User/system_ch32v10x.h,1047,33,2a94748eed2ccdf8ab4fd657787e3b7af5f87a152d0e36858eaea96c759a1e06,startup,#,single-source,evt:CH32V103/EVT/EXAM/IAP/UART_USB_IAP/CH32V103_APP/User/system_ch32v10x.h
evt-v205-iap,CH32V205,CH32V205/EVT/EXAM/IAP/USB_UART/CH32V205_IAP/Ld/Link.ld,3586,160,1abe280880718fad0e5fd6c2b1f6a9c63863b81b00db435fab1f74e6fb9177a4,linker,#,single-source,evt:CH32V205/EVT/EXAM/IAP/USB_UART/CH32V205_IAP/Ld/Link.ld
evt-v205-iap,CH32V205,CH32V205/EVT/EXAM/IAP/USB_UART/CH32V205_IAP/User/USB/ch32v205_usbfs_device.c,24717,564,12c833ba12eefde35ff8b186459b1777970c186b3742f19bb479f54c5eed9068,usb,#,single-source,evt:CH32V205/EVT/EXAM/IAP/USB_UART/CH32V205_IAP/User/USB/ch32v205_usbfs_device.c
evt-v205-iap,CH32V205,CH32V205/EVT/EXAM/IAP/USB_UART/CH32V205_IAP/User/USB/ch32v205_usbfs_device.h,3413,83,4b916a80816838752721a00931a9bc6102a8d273f65c8e97accbd7310e1a505e,usb,#,single-source,evt:CH32V205/EVT/EXAM/IAP/USB_UART/CH32V205_IAP/User/USB/ch32v205_usbfs_device.h
evt-v205-iap,CH32V205,CH32V205/EVT/EXAM/IAP/USB_UART/CH32V205_IAP/User/USB/ch32v205_usbhs_device.c,24921,600,ede18afcbc922dc6e89a6e36a6a5c8b0d50d44cc1cd66072003fa2420b9104bc,usb,#,single-source,evt:CH32V205/EVT/EXAM/IAP/USB_UART/CH32V205_IAP/User/USB/ch32v205_usbhs_device.c
evt-v205-iap,CH32V205,CH32V205/EVT/EXAM/IAP/USB_UART/CH32V205_IAP/User/USB/ch32v205_usbhs_device.h,3587,88,2a9a27b7046357c2277a1c23a996c71affb7e466909a00e2922b1ee67d78b4b4,usb,#,single-source,evt:CH32V205/EVT/EXAM/IAP/USB_UART/CH32V205_IAP/User/USB/ch32v205_usbhs_device.h
evt-v205-iap,CH32V205,CH32V205/EVT/EXAM/IAP/USB_UART/CH32V205_IAP/User/USB/usb_desc.c,8624,224,67663dbf908d27affa3bb447abc245bc53f7dea1604d5699c8156227ce0b3f66,usb,#,single-source,evt:CH32V205/EVT/EXAM/IAP/USB_UART/CH32V205_IAP/User/USB/usb_desc.c
evt-v205-iap,CH32V205,CH32V205/EVT/EXAM/IAP/USB_UART/CH32V205_IAP/User/USB/usb_desc.h,2651,72,89913eb356469b2ca25ff53e405083593979c4af65d8ed5295144b5af30691d8,usb,#,single-source,evt:CH32V205/EVT/EXAM/IAP/USB_UART/CH32V205_IAP/User/USB/usb_desc.h
evt-v205-iap,CH32V205,CH32V205/EVT/EXAM/IAP/USB_UART/CH32V205_IAP/User/USB/usb_inf.c,3297,113,aed693f97e40f9e56d9017e9bb535af3a3e45127ce0b350c641cafb19347dc39,usb,#,single-source,evt:CH32V205/EVT/EXAM/IAP/USB_UART/CH32V205_IAP/User/USB/usb_inf.c
evt-v205-iap,CH32V205,CH32V205/EVT/EXAM/IAP/USB_UART/CH32V205_IAP/User/USB/usb_inf.h,1919,46,c3a9b5aa5c49c3c899b5f39f01318cac31cba979ef0ba967f49fba3065378dad,usb,#,single-source,evt:CH32V205/EVT/EXAM/IAP/USB_UART/CH32V205_IAP/User/USB/usb_inf.h
evt-v205-iap,CH32V205,CH32V205/EVT/EXAM/IAP/USB_UART/CH32V205_IAP/User/ch32v205_conf.h,1330,44,161cfbc416009ad15c136b20b96258aa52e9f47c3359cfb3717b9c431c4fa5e3,support,#,single-source,evt:CH32V205/EVT/EXAM/IAP/USB_UART/CH32V205_IAP/User/ch32v205_conf.h
evt-v205-iap,CH32V205,CH32V205/EVT/EXAM/IAP/USB_UART/CH32V205_IAP/User/ch32v205_it.c,1354,47,20a1bd2405dbdcbd1d49813e10b699a7bef59a88f220b1d82c356d24df2ffe03,support,#,single-source,evt:CH32V205/EVT/EXAM/IAP/USB_UART/CH32V205_IAP/User/ch32v205_it.c
evt-v205-iap,CH32V205,CH32V205/EVT/EXAM/IAP/USB_UART/CH32V205_IAP/User/ch32v205_it.h,741,21,6e949d770d1a51148625465db5460beb66aa1e134b9c6ed616256bc590490046,support,#,single-source,evt:CH32V205/EVT/EXAM/IAP/USB_UART/CH32V205_IAP/User/ch32v205_it.h
evt-v205-iap,CH32V205,CH32V205/EVT/EXAM/IAP/USB_UART/CH32V205_IAP/User/flash.c,991,32,3f8004295572053f7248dda749a25043b3b664263bf99633ccc0b22bd027d5e9,flash,#,single-source,evt:CH32V205/EVT/EXAM/IAP/USB_UART/CH32V205_IAP/User/flash.c
evt-v205-iap,CH32V205,CH32V205/EVT/EXAM/IAP/USB_UART/CH32V205_IAP/User/flash.h,754,23,1b93864f2b947992fc0599474899883bb64a834853d4998338fb744ad1df3724,flash,#,single-source,evt:CH32V205/EVT/EXAM/IAP/USB_UART/CH32V205_IAP/User/flash.h
evt-v205-iap,CH32V205,CH32V205/EVT/EXAM/IAP/USB_UART/CH32V205_IAP/User/iap.c,11919,423,2705041b4a8a0cf9bc9bb53760aa4d83258b6f68e7c91620fbaae53db4349d63,protocol,#,single-source,evt:CH32V205/EVT/EXAM/IAP/USB_UART/CH32V205_IAP/User/iap.c
evt-v205-iap,CH32V205,CH32V205/EVT/EXAM/IAP/USB_UART/CH32V205_IAP/User/iap.h,1869,84,0209a2a1ce57e25a6a1081524d95140ba348b24b8fa94d409b1870bbd8d08cb0,protocol,#,single-source,evt:CH32V205/EVT/EXAM/IAP/USB_UART/CH32V205_IAP/User/iap.h
evt-v205-iap,CH32V205,CH32V205/EVT/EXAM/IAP/USB_UART/CH32V205_IAP/User/main.c,3021,107,f3da164538f626a5cc7e8d1ab902331bc5a8e197ccb51024e71855243c79426d,entry,#,single-source,evt:CH32V205/EVT/EXAM/IAP/USB_UART/CH32V205_IAP/User/main.c
evt-v205-iap,CH32V205,CH32V205/EVT/EXAM/IAP/USB_UART/CH32V205_IAP/User/system_ch32v205.c,26665,875,57c3c658fa66aa42bc6d3ea4ccbbb09f8017f430af4d03ad2023f38eaa4d7411,startup,#,single-source,evt:CH32V205/EVT/EXAM/IAP/USB_UART/CH32V205_IAP/User/system_ch32v205.c
evt-v205-iap,CH32V205,CH32V205/EVT/EXAM/IAP/USB_UART/CH32V205_IAP/User/system_ch32v205.h,1030,33,22076638e7a6f158878089b2e2c7e48789270b0eb7b6291235996dd6b2016be0,startup,#,single-source,evt:CH32V205/EVT/EXAM/IAP/USB_UART/CH32V205_IAP/User/system_ch32v205.h
evt-v205-app,CH32V205,CH32V205/EVT/EXAM/IAP/USB_UART/CH32V205_APP/Ld/Link.ld,3587,160,1f9db591c66630de34f931a0cb770124e65bae68b85ce16a318898c92b6d07fc,linker,#,single-source,evt:CH32V205/EVT/EXAM/IAP/USB_UART/CH32V205_APP/Ld/Link.ld
evt-v205-app,CH32V205,CH32V205/EVT/EXAM/IAP/USB_UART/CH32V205_APP/User/USB/ch32v205_usbfs_device.c,21381,559,f998f7b0817bd15c8287f4f9092e9ab819d24b4f23660e717ab096af5c68209b,usb,#,single-source,evt:CH32V205/EVT/EXAM/IAP/USB_UART/CH32V205_APP/User/USB/ch32v205_usbfs_device.c
evt-v205-app,CH32V205,CH32V205/EVT/EXAM/IAP/USB_UART/CH32V205_APP/User/USB/ch32v205_usbfs_device.h,3413,83,4b916a80816838752721a00931a9bc6102a8d273f65c8e97accbd7310e1a505e,usb,#,single-source,evt:CH32V205/EVT/EXAM/IAP/USB_UART/CH32V205_APP/User/USB/ch32v205_usbfs_device.h
evt-v205-app,CH32V205,CH32V205/EVT/EXAM/IAP/USB_UART/CH32V205_APP/User/USB/ch32v205_usbhs_device.c,24937,600,f863aa687225bf598bae145254b04c9c322dd1c502db0f31e4b399f193f739e2,usb,#,single-source,evt:CH32V205/EVT/EXAM/IAP/USB_UART/CH32V205_APP/User/USB/ch32v205_usbhs_device.c
evt-v205-app,CH32V205,CH32V205/EVT/EXAM/IAP/USB_UART/CH32V205_APP/User/USB/ch32v205_usbhs_device.h,3587,88,2a9a27b7046357c2277a1c23a996c71affb7e466909a00e2922b1ee67d78b4b4,usb,#,single-source,evt:CH32V205/EVT/EXAM/IAP/USB_UART/CH32V205_APP/User/USB/ch32v205_usbhs_device.h
evt-v205-app,CH32V205,CH32V205/EVT/EXAM/IAP/USB_UART/CH32V205_APP/User/USB/usb_desc.c,8627,223,1befd65d6cfdf1306129a0526c10b691331f52c7362f329390035e567d63a0b5,usb,#,single-source,evt:CH32V205/EVT/EXAM/IAP/USB_UART/CH32V205_APP/User/USB/usb_desc.c
evt-v205-app,CH32V205,CH32V205/EVT/EXAM/IAP/USB_UART/CH32V205_APP/User/USB/usb_desc.h,2651,72,cb87fef16aad73f94af974960e20c5574d82a82f912d0c149691104c4208345b,usb,#,single-source,evt:CH32V205/EVT/EXAM/IAP/USB_UART/CH32V205_APP/User/USB/usb_desc.h
evt-v205-app,CH32V205,CH32V205/EVT/EXAM/IAP/USB_UART/CH32V205_APP/User/USB/usb_inf.c,3327,112,3818a4c2de2f5920863e64e3f4e5cb0dc6f9996ddcbb60253776664faf22c777,usb,#,single-source,evt:CH32V205/EVT/EXAM/IAP/USB_UART/CH32V205_APP/User/USB/usb_inf.c
evt-v205-app,CH32V205,CH32V205/EVT/EXAM/IAP/USB_UART/CH32V205_APP/User/USB/usb_inf.h,1919,46,8de9bedda8bb775df45024e2727ad9a3ba7f0203b5fe38ac3b78ecbcb94b6bc7,usb,#,single-source,evt:CH32V205/EVT/EXAM/IAP/USB_UART/CH32V205_APP/User/USB/usb_inf.h
evt-v205-app,CH32V205,CH32V205/EVT/EXAM/IAP/USB_UART/CH32V205_APP/User/ch32v205_conf.h,1330,44,161cfbc416009ad15c136b20b96258aa52e9f47c3359cfb3717b9c431c4fa5e3,support,#,single-source,evt:CH32V205/EVT/EXAM/IAP/USB_UART/CH32V205_APP/User/ch32v205_conf.h
evt-v205-app,CH32V205,CH32V205/EVT/EXAM/IAP/USB_UART/CH32V205_APP/User/ch32v205_it.c,1354,47,20a1bd2405dbdcbd1d49813e10b699a7bef59a88f220b1d82c356d24df2ffe03,support,#,single-source,evt:CH32V205/EVT/EXAM/IAP/USB_UART/CH32V205_APP/User/ch32v205_it.c
evt-v205-app,CH32V205,CH32V205/EVT/EXAM/IAP/USB_UART/CH32V205_APP/User/ch32v205_it.h,741,21,6e949d770d1a51148625465db5460beb66aa1e134b9c6ed616256bc590490046,support,#,single-source,evt:CH32V205/EVT/EXAM/IAP/USB_UART/CH32V205_APP/User/ch32v205_it.h
evt-v205-app,CH32V205,CH32V205/EVT/EXAM/IAP/USB_UART/CH32V205_APP/User/flash.c,993,32,fcd9d66c8e4fc769e14766eb0cc055d6a32dbb9dae1e861523d2ae3533387887,flash,#,single-source,evt:CH32V205/EVT/EXAM/IAP/USB_UART/CH32V205_APP/User/flash.c
evt-v205-app,CH32V205,CH32V205/EVT/EXAM/IAP/USB_UART/CH32V205_APP/User/flash.h,754,23,1b93864f2b947992fc0599474899883bb64a834853d4998338fb744ad1df3724,flash,#,single-source,evt:CH32V205/EVT/EXAM/IAP/USB_UART/CH32V205_APP/User/flash.h
evt-v205-app,CH32V205,CH32V205/EVT/EXAM/IAP/USB_UART/CH32V205_APP/User/iap.c,8825,309,0f32e34fae08dcb3fd0d201eb5870863118fc7c05f234e656c346f33eae63c27,protocol,#,single-source,evt:CH32V205/EVT/EXAM/IAP/USB_UART/CH32V205_APP/User/iap.c
evt-v205-app,CH32V205,CH32V205/EVT/EXAM/IAP/USB_UART/CH32V205_APP/User/iap.h,1869,84,0209a2a1ce57e25a6a1081524d95140ba348b24b8fa94d409b1870bbd8d08cb0,protocol,#,single-source,evt:CH32V205/EVT/EXAM/IAP/USB_UART/CH32V205_APP/User/iap.h
evt-v205-app,CH32V205,CH32V205/EVT/EXAM/IAP/USB_UART/CH32V205_APP/User/main.c,3562,127,90f35b3577a3ce3974da8d82ebd2d7fd315af0850b4af29d050cb1a9333df0bb,entry,#,single-source,evt:CH32V205/EVT/EXAM/IAP/USB_UART/CH32V205_APP/User/main.c
evt-v205-app,CH32V205,CH32V205/EVT/EXAM/IAP/USB_UART/CH32V205_APP/User/system_ch32v205.c,26665,875,57c3c658fa66aa42bc6d3ea4ccbbb09f8017f430af4d03ad2023f38eaa4d7411,startup,#,single-source,evt:CH32V205/EVT/EXAM/IAP/USB_UART/CH32V205_APP/User/system_ch32v205.c
evt-v205-app,CH32V205,CH32V205/EVT/EXAM/IAP/USB_UART/CH32V205_APP/User/system_ch32v205.h,1030,33,22076638e7a6f158878089b2e2c7e48789270b0eb7b6291235996dd6b2016be0,startup,#,single-source,evt:CH32V205/EVT/EXAM/IAP/USB_UART/CH32V205_APP/User/system_ch32v205.h
evt-v20x-iap,CH32V20x,CH32V20x/EVT/EXAM/IAP/USB_UART/CH32V20x_IAP/CONFIG/hw_config.c,4427,158,a7509830af8fb34d8933bc3a2acc36db2f17e51d2d6329bce58900ac57aa62ce,support,#,single-source,evt:CH32V20x/EVT/EXAM/IAP/USB_UART/CH32V20x_IAP/CONFIG/hw_config.c
evt-v20x-iap,CH32V20x,CH32V20x/EVT/EXAM/IAP/USB_UART/CH32V20x_IAP/CONFIG/hw_config.h,1059,39,41b36bb88a34b6ef59918a8d211ba48b647f30f6208447e4d44e9071237c2552,support,#,single-source,evt:CH32V20x/EVT/EXAM/IAP/USB_UART/CH32V20x_IAP/CONFIG/hw_config.h
evt-v20x-iap,CH32V20x,CH32V20x/EVT/EXAM/IAP/USB_UART/CH32V20x_IAP/CONFIG/usb_conf.h,2467,78,22d6c14aa7257ec790275468c4c841f81f56d951775c28d4110938c8c3253690,usb,#,single-source,evt:CH32V20x/EVT/EXAM/IAP/USB_UART/CH32V20x_IAP/CONFIG/usb_conf.h
evt-v20x-iap,CH32V20x,CH32V20x/EVT/EXAM/IAP/USB_UART/CH32V20x_IAP/CONFIG/usb_desc.c,2380,69,851fd4d356a0da14a576ced4264f8e55ca0b802a9adffb3adc43e8b809d2229a,usb,#,single-source,evt:CH32V20x/EVT/EXAM/IAP/USB_UART/CH32V20x_IAP/CONFIG/usb_desc.c
evt-v20x-iap,CH32V20x,CH32V20x/EVT/EXAM/IAP/USB_UART/CH32V20x_IAP/CONFIG/usb_desc.h,2041,55,70a94c1f32c67ff6892574a5e810d243a8ed3462a43f42e4b4012c4750a74e9b,usb,#,single-source,evt:CH32V20x/EVT/EXAM/IAP/USB_UART/CH32V20x_IAP/CONFIG/usb_desc.h
evt-v20x-iap,CH32V20x,CH32V20x/EVT/EXAM/IAP/USB_UART/CH32V20x_IAP/CONFIG/usb_endp.c,1933,80,d0b6386f57bda972b5077aaf81cf63bb7bc2075df4ef8dfe783c0750306f3451,usb,#,single-source,evt:CH32V20x/EVT/EXAM/IAP/USB_UART/CH32V20x_IAP/CONFIG/usb_endp.c
evt-v20x-iap,CH32V20x,CH32V20x/EVT/EXAM/IAP/USB_UART/CH32V20x_IAP/CONFIG/usb_istr.c,4005,197,1177ff40c680b1ec06f783a8fc02292f8ce766a5b404c7f41d6c62124f7c8b55,usb,#,single-source,evt:CH32V20x/EVT/EXAM/IAP/USB_UART/CH32V20x_IAP/CONFIG/usb_istr.c
evt-v20x-iap,CH32V20x,CH32V20x/EVT/EXAM/IAP/USB_UART/CH32V20x_IAP/CONFIG/usb_istr.h,1734,78,910f2e38351fae2e3691ccabc830de76bcbe9f2083a51886189ed33cb64bb0c5,usb,#,single-source,evt:CH32V20x/EVT/EXAM/IAP/USB_UART/CH32V20x_IAP/CONFIG/usb_istr.h
evt-v20x-iap,CH32V20x,CH32V20x/EVT/EXAM/IAP/USB_UART/CH32V20x_IAP/CONFIG/usb_prop.c,7571,316,be6a9893327b6940c4798a210d22852fb0a296d9d1a73a76cbb1740cea39156b,usb,#,single-source,evt:CH32V20x/EVT/EXAM/IAP/USB_UART/CH32V20x_IAP/CONFIG/usb_prop.c
evt-v20x-iap,CH32V20x,CH32V20x/EVT/EXAM/IAP/USB_UART/CH32V20x_IAP/CONFIG/usb_prop.h,2263,62,6f4e503cd2eb985da43862a870c8eb2aa8ecfe3495467ff185dfaf6c23ac6666,usb,#,single-source,evt:CH32V20x/EVT/EXAM/IAP/USB_UART/CH32V20x_IAP/CONFIG/usb_prop.h
evt-v20x-iap,CH32V20x,CH32V20x/EVT/EXAM/IAP/USB_UART/CH32V20x_IAP/CONFIG/usb_pwr.c,4874,216,8d632d323d8880279ee861deff538414b73aee449235be9b4dd6a568d6be4422,usb,#,single-source,evt:CH32V20x/EVT/EXAM/IAP/USB_UART/CH32V20x_IAP/CONFIG/usb_pwr.c
evt-v20x-iap,CH32V20x,CH32V20x/EVT/EXAM/IAP/USB_UART/CH32V20x_IAP/CONFIG/usb_pwr.h,1438,63,47a5f73963d51bbf937f836ac6f38b5749f09496c36eeeebeba749772760d949,usb,#,single-source,evt:CH32V20x/EVT/EXAM/IAP/USB_UART/CH32V20x_IAP/CONFIG/usb_pwr.h
evt-v20x-iap,CH32V20x,CH32V20x/EVT/EXAM/IAP/USB_UART/CH32V20x_IAP/USBLIB/USB-Driver/inc/usb_core.h,5687,192,6cd3ef7cd0c8d03fdb213fc5329b6e855aaf8aece7156d78a717dd069db78a95,usb,#,single-source,evt:CH32V20x/EVT/EXAM/IAP/USB_UART/CH32V20x_IAP/USBLIB/USB-Driver/inc/usb_core.h
evt-v20x-iap,CH32V20x,CH32V20x/EVT/EXAM/IAP/USB_UART/CH32V20x_IAP/USBLIB/USB-Driver/inc/usb_def.h,1956,83,d8d88fd50ae9ed81c2c1b52048bf42d9214f0f6b34c8c0ce0ef90322899b0561,usb,#,single-source,evt:CH32V20x/EVT/EXAM/IAP/USB_UART/CH32V20x_IAP/USBLIB/USB-Driver/inc/usb_def.h
evt-v20x-iap,CH32V20x,CH32V20x/EVT/EXAM/IAP/USB_UART/CH32V20x_IAP/USBLIB/USB-Driver/inc/usb_init.h,1164,43,2b214666a86367f0dbd0bdd4c9e1f7af0183213ed77494135d6d74c81561dbea,usb,#,single-source,evt:CH32V20x/EVT/EXAM/IAP/USB_UART/CH32V20x_IAP/USBLIB/USB-Driver/inc/usb_init.h
evt-v20x-iap,CH32V20x,CH32V20x/EVT/EXAM/IAP/USB_UART/CH32V20x_IAP/USBLIB/USB-Driver/inc/usb_int.h,849,26,c3aab20abb8c94d3a8c59878af8848b6385f559c3e8de5c0f9cda03c37447af4,usb,#,single-source,evt:CH32V20x/EVT/EXAM/IAP/USB_UART/CH32V20x_IAP/USBLIB/USB-Driver/inc/usb_int.h
evt-v20x-iap,CH32V20x,CH32V20x/EVT/EXAM/IAP/USB_UART/CH32V20x_IAP/USBLIB/USB-Driver/inc/usb_lib.h,960,31,ff79fbacb3803442d396bea05403e9f23a4bd553061783a0b9a8753712699b9a,usb,#,single-source,evt:CH32V20x/EVT/EXAM/IAP/USB_UART/CH32V20x_IAP/USBLIB/USB-Driver/inc/usb_lib.h
evt-v20x-iap,CH32V20x,CH32V20x/EVT/EXAM/IAP/USB_UART/CH32V20x_IAP/USBLIB/USB-Driver/inc/usb_mem.h,1091,37,e4c5868047d876cd6c6c0b949d693a067e1ee7fa2135e4ac1a84257f2231ae8e,usb,#,single-source,evt:CH32V20x/EVT/EXAM/IAP/USB_UART/CH32V20x_IAP/USBLIB/USB-Driver/inc/usb_mem.h
evt-v20x-iap,CH32V20x,CH32V20x/EVT/EXAM/IAP/USB_UART/CH32V20x_IAP/USBLIB/USB-Driver/inc/usb_regs.h,29983,676,63a3496ce04c45394eca3419e199ecdb801812df29c729e146268e0a0a042258,usb,#,single-source,evt:CH32V20x/EVT/EXAM/IAP/USB_UART/CH32V20x_IAP/USBLIB/USB-Driver/inc/usb_regs.h
evt-v20x-iap,CH32V20x,CH32V20x/EVT/EXAM/IAP/USB_UART/CH32V20x_IAP/USBLIB/USB-Driver/inc/usb_sil.h,1117,37,2d7081cab5401df3a36f8a02b1ac5b0deb40573dbb5a75c4ca00928b13b041ba,usb,#,single-source,evt:CH32V20x/EVT/EXAM/IAP/USB_UART/CH32V20x_IAP/USBLIB/USB-Driver/inc/usb_sil.h
evt-v20x-iap,CH32V20x,CH32V20x/EVT/EXAM/IAP/USB_UART/CH32V20x_IAP/USBLIB/USB-Driver/inc/usb_type.h,957,34,82160913177a2a83415ed887d1758b7b508eb661998acafaa28f93c2fcaea8b4,usb,#,single-source,evt:CH32V20x/EVT/EXAM/IAP/USB_UART/CH32V20x_IAP/USBLIB/USB-Driver/inc/usb_type.h
evt-v20x-iap,CH32V20x,CH32V20x/EVT/EXAM/IAP/USB_UART/CH32V20x_IAP/USBLIB/USB-Driver/src/usb_core.c,24699,955,4f9afc630c204072ec16668fa5f90bdea25fcf93fa07194ff3899fb591ce1cb2,usb,#,single-source,evt:CH32V20x/EVT/EXAM/IAP/USB_UART/CH32V20x_IAP/USBLIB/USB-Driver/src/usb_core.c
evt-v20x-iap,CH32V20x,CH32V20x/EVT/EXAM/IAP/USB_UART/CH32V20x_IAP/USBLIB/USB-Driver/src/usb_init.c,1277,43,5f86f580f9812ad12a22e5135e8a16619d18cc0ddfc8be8b9928c486c85e1abb,usb,#,single-source,evt:CH32V20x/EVT/EXAM/IAP/USB_UART/CH32V20x_IAP/USBLIB/USB-Driver/src/usb_init.c
evt-v20x-iap,CH32V20x,CH32V20x/EVT/EXAM/IAP/USB_UART/CH32V20x_IAP/USBLIB/USB-Driver/src/usb_int.c,3314,134,1688bf1cf391f84300a3312ce4335fc945dd94371dba969726a95814730a3e3a,usb,#,single-source,evt:CH32V20x/EVT/EXAM/IAP/USB_UART/CH32V20x_IAP/USBLIB/USB-Driver/src/usb_int.c
evt-v20x-iap,CH32V20x,CH32V20x/EVT/EXAM/IAP/USB_UART/CH32V20x_IAP/USBLIB/USB-Driver/src/usb_mem.c,2270,75,4a08511c0561bd73c9035804219e68f232bcd5e2c1295a33655bfe898e8e2958,usb,#,single-source,evt:CH32V20x/EVT/EXAM/IAP/USB_UART/CH32V20x_IAP/USBLIB/USB-Driver/src/usb_mem.c
evt-v20x-iap,CH32V20x,CH32V20x/EVT/EXAM/IAP/USB_UART/CH32V20x_IAP/USBLIB/USB-Driver/src/usb_regs.c,21374,853,9c4a76e8e0f0ea0ef0b1b56df2549bf683c5f76141eacd23d001053fa45e1010,usb,#,single-source,evt:CH32V20x/EVT/EXAM/IAP/USB_UART/CH32V20x_IAP/USBLIB/USB-Driver/src/usb_regs.c
evt-v20x-iap,CH32V20x,CH32V20x/EVT/EXAM/IAP/USB_UART/CH32V20x_IAP/USBLIB/USB-Driver/src/usb_sil.c,2514,78,ac36525b92505973eb85cd54b4ef5207869a6168197aa87480e650abbf3b9cfa,usb,#,single-source,evt:CH32V20x/EVT/EXAM/IAP/USB_UART/CH32V20x_IAP/USBLIB/USB-Driver/src/usb_sil.c
evt-v20x-iap,CH32V20x,CH32V20x/EVT/EXAM/IAP/USB_UART/CH32V20x_IAP/User/ch32v20x_conf.h,1300,43,5710fddecf260ee88dd3d269862989ed0d2cd072d389e273b16120717fa2f5e5,support,#,single-source,evt:CH32V20x/EVT/EXAM/IAP/USB_UART/CH32V20x_IAP/User/ch32v20x_conf.h
evt-v20x-iap,CH32V20x,CH32V20x/EVT/EXAM/IAP/USB_UART/CH32V20x_IAP/User/ch32v20x_it.c,1687,58,06ff552dadd3e9488a1361632092fb054d6dbd4e72b407b34b626d46c4c2643c,support,#,single-source,evt:CH32V20x/EVT/EXAM/IAP/USB_UART/CH32V20x_IAP/User/ch32v20x_it.c
evt-v20x-iap,CH32V20x,CH32V20x/EVT/EXAM/IAP/USB_UART/CH32V20x_IAP/User/ch32v20x_it.h,762,21,5b596ef66aabe3fd3039be482ace1dd25fe99ac53506c17b3acb1ac575e0ad88,support,#,single-source,evt:CH32V20x/EVT/EXAM/IAP/USB_UART/CH32V20x_IAP/User/ch32v20x_it.h
evt-v20x-iap,CH32V20x,CH32V20x/EVT/EXAM/IAP/USB_UART/CH32V20x_IAP/User/ch32v20x_usbfs_device.c,22179,579,d0cd5e7539c6a748531060900e5c9905c4aa6182b1685c094bc35c0dc7e63cb3,usb,#,single-source,evt:CH32V20x/EVT/EXAM/IAP/USB_UART/CH32V20x_IAP/User/ch32v20x_usbfs_device.c
evt-v20x-iap,CH32V20x,CH32V20x/EVT/EXAM/IAP/USB_UART/CH32V20x_IAP/User/ch32v20x_usbfs_device.h,33722,717,8751053b37108668396fe38d4f714cb107827ff6a5aa5091a0c754b98b3e70c0,usb,#,single-source,evt:CH32V20x/EVT/EXAM/IAP/USB_UART/CH32V20x_IAP/User/ch32v20x_usbfs_device.h
evt-v20x-iap,CH32V20x,CH32V20x/EVT/EXAM/IAP/USB_UART/CH32V20x_IAP/User/flash.c,987,29,fd9399a06e243dee6ab2266fcd9d6365d923599169a107f9e44655bf3084784d,flash,#,single-source,evt:CH32V20x/EVT/EXAM/IAP/USB_UART/CH32V20x_IAP/User/flash.c
evt-v20x-iap,CH32V20x,CH32V20x/EVT/EXAM/IAP/USB_UART/CH32V20x_IAP/User/flash.h,754,23,e6cf61ef0cf595f2602cf3c289b41ae8cc40caa2e8897ce0fd550397265a7d36,flash,#,single-source,evt:CH32V20x/EVT/EXAM/IAP/USB_UART/CH32V20x_IAP/User/flash.h
evt-v20x-iap,CH32V20x,CH32V20x/EVT/EXAM/IAP/USB_UART/CH32V20x_IAP/User/iap.c,12622,459,9cb1915c505a399bcea9c56637475306d7ffad046f6df6a880b18b462a779692,protocol,#,single-source,evt:CH32V20x/EVT/EXAM/IAP/USB_UART/CH32V20x_IAP/User/iap.c
evt-v20x-iap,CH32V20x,CH32V20x/EVT/EXAM/IAP/USB_UART/CH32V20x_IAP/User/iap.h,2004,88,7ea1188b848f4b392f0ed6255188ca9dbae31b1121a7d0641f66b340953aca56,protocol,#,single-source,evt:CH32V20x/EVT/EXAM/IAP/USB_UART/CH32V20x_IAP/User/iap.h
evt-v20x-iap,CH32V20x,CH32V20x/EVT/EXAM/IAP/USB_UART/CH32V20x_IAP/User/main.c,3541,121,dbf9f412616d16621461484b804f58c72d1e47d086e8f5909a15077e25c7a58f,entry,#,single-source,evt:CH32V20x/EVT/EXAM/IAP/USB_UART/CH32V20x_IAP/User/main.c
evt-v20x-iap,CH32V20x,CH32V20x/EVT/EXAM/IAP/USB_UART/CH32V20x_IAP/User/system_ch32v20x.c,30299,988,e20c2afef30ca5838db000c8d4550b01bdd418ee801a8e8092ec9df9b3fd2360,startup,#,single-source,evt:CH32V20x/EVT/EXAM/IAP/USB_UART/CH32V20x_IAP/User/system_ch32v20x.c
evt-v20x-iap,CH32V20x,CH32V20x/EVT/EXAM/IAP/USB_UART/CH32V20x_IAP/User/system_ch32v20x.h,1054,33,47a8954a2f015d02196264d7aeb9ca6ad7990e13848199af8b36453ba68ea724,startup,#,single-source,evt:CH32V20x/EVT/EXAM/IAP/USB_UART/CH32V20x_IAP/User/system_ch32v20x.h
evt-v20x-app,CH32V20x,CH32V20x/EVT/EXAM/IAP/USB_UART/CH32V20x_APP/CONFIG/hw_config.c,4427,158,a7509830af8fb34d8933bc3a2acc36db2f17e51d2d6329bce58900ac57aa62ce,support,#,single-source,evt:CH32V20x/EVT/EXAM/IAP/USB_UART/CH32V20x_APP/CONFIG/hw_config.c
evt-v20x-app,CH32V20x,CH32V20x/EVT/EXAM/IAP/USB_UART/CH32V20x_APP/CONFIG/hw_config.h,1059,39,41b36bb88a34b6ef59918a8d211ba48b647f30f6208447e4d44e9071237c2552,support,#,single-source,evt:CH32V20x/EVT/EXAM/IAP/USB_UART/CH32V20x_APP/CONFIG/hw_config.h
evt-v20x-app,CH32V20x,CH32V20x/EVT/EXAM/IAP/USB_UART/CH32V20x_APP/CONFIG/usb_conf.h,2467,78,22d6c14aa7257ec790275468c4c841f81f56d951775c28d4110938c8c3253690,usb,#,single-source,evt:CH32V20x/EVT/EXAM/IAP/USB_UART/CH32V20x_APP/CONFIG/usb_conf.h
evt-v20x-app,CH32V20x,CH32V20x/EVT/EXAM/IAP/USB_UART/CH32V20x_APP/CONFIG/usb_desc.c,2380,69,851fd4d356a0da14a576ced4264f8e55ca0b802a9adffb3adc43e8b809d2229a,usb,#,single-source,evt:CH32V20x/EVT/EXAM/IAP/USB_UART/CH32V20x_APP/CONFIG/usb_desc.c
evt-v20x-app,CH32V20x,CH32V20x/EVT/EXAM/IAP/USB_UART/CH32V20x_APP/CONFIG/usb_desc.h,2041,55,70a94c1f32c67ff6892574a5e810d243a8ed3462a43f42e4b4012c4750a74e9b,usb,#,single-source,evt:CH32V20x/EVT/EXAM/IAP/USB_UART/CH32V20x_APP/CONFIG/usb_desc.h
evt-v20x-app,CH32V20x,CH32V20x/EVT/EXAM/IAP/USB_UART/CH32V20x_APP/CONFIG/usb_endp.c,1933,80,d0b6386f57bda972b5077aaf81cf63bb7bc2075df4ef8dfe783c0750306f3451,usb,#,single-source,evt:CH32V20x/EVT/EXAM/IAP/USB_UART/CH32V20x_APP/CONFIG/usb_endp.c
evt-v20x-app,CH32V20x,CH32V20x/EVT/EXAM/IAP/USB_UART/CH32V20x_APP/CONFIG/usb_istr.c,4005,197,1177ff40c680b1ec06f783a8fc02292f8ce766a5b404c7f41d6c62124f7c8b55,usb,#,single-source,evt:CH32V20x/EVT/EXAM/IAP/USB_UART/CH32V20x_APP/CONFIG/usb_istr.c
evt-v20x-app,CH32V20x,CH32V20x/EVT/EXAM/IAP/USB_UART/CH32V20x_APP/CONFIG/usb_istr.h,1734,78,910f2e38351fae2e3691ccabc830de76bcbe9f2083a51886189ed33cb64bb0c5,usb,#,single-source,evt:CH32V20x/EVT/EXAM/IAP/USB_UART/CH32V20x_APP/CONFIG/usb_istr.h
evt-v20x-app,CH32V20x,CH32V20x/EVT/EXAM/IAP/USB_UART/CH32V20x_APP/CONFIG/usb_prop.c,7571,316,be6a9893327b6940c4798a210d22852fb0a296d9d1a73a76cbb1740cea39156b,usb,#,single-source,evt:CH32V20x/EVT/EXAM/IAP/USB_UART/CH32V20x_APP/CONFIG/usb_prop.c
evt-v20x-app,CH32V20x,CH32V20x/EVT/EXAM/IAP/USB_UART/CH32V20x_APP/CONFIG/usb_prop.h,2263,62,6f4e503cd2eb985da43862a870c8eb2aa8ecfe3495467ff185dfaf6c23ac6666,usb,#,single-source,evt:CH32V20x/EVT/EXAM/IAP/USB_UART/CH32V20x_APP/CONFIG/usb_prop.h
evt-v20x-app,CH32V20x,CH32V20x/EVT/EXAM/IAP/USB_UART/CH32V20x_APP/CONFIG/usb_pwr.c,4874,216,8d632d323d8880279ee861deff538414b73aee449235be9b4dd6a568d6be4422,usb,#,single-source,evt:CH32V20x/EVT/EXAM/IAP/USB_UART/CH32V20x_APP/CONFIG/usb_pwr.c
evt-v20x-app,CH32V20x,CH32V20x/EVT/EXAM/IAP/USB_UART/CH32V20x_APP/CONFIG/usb_pwr.h,1438,63,47a5f73963d51bbf937f836ac6f38b5749f09496c36eeeebeba749772760d949,usb,#,single-source,evt:CH32V20x/EVT/EXAM/IAP/USB_UART/CH32V20x_APP/CONFIG/usb_pwr.h
evt-v20x-app,CH32V20x,CH32V20x/EVT/EXAM/IAP/USB_UART/CH32V20x_APP/Ld/Link.ld,3505,168,09d063ed3d637e420e1678ea19a07562c0e8baafb0115878258a6e75fb86a85a,linker,#,single-source,evt:CH32V20x/EVT/EXAM/IAP/USB_UART/CH32V20x_APP/Ld/Link.ld
evt-v20x-app,CH32V20x,CH32V20x/EVT/EXAM/IAP/USB_UART/CH32V20x_APP/USBLIB/USB-Driver/inc/usb_core.h,5687,192,6cd3ef7cd0c8d03fdb213fc5329b6e855aaf8aece7156d78a717dd069db78a95,usb,#,single-source,evt:CH32V20x/EVT/EXAM/IAP/USB_UART/CH32V20x_APP/USBLIB/USB-Driver/inc/usb_core.h
evt-v20x-app,CH32V20x,CH32V20x/EVT/EXAM/IAP/USB_UART/CH32V20x_APP/USBLIB/USB-Driver/inc/usb_def.h,1956,83,d8d88fd50ae9ed81c2c1b52048bf42d9214f0f6b34c8c0ce0ef90322899b0561,usb,#,single-source,evt:CH32V20x/EVT/EXAM/IAP/USB_UART/CH32V20x_APP/USBLIB/USB-Driver/inc/usb_def.h
evt-v20x-app,CH32V20x,CH32V20x/EVT/EXAM/IAP/USB_UART/CH32V20x_APP/USBLIB/USB-Driver/inc/usb_init.h,1164,43,2b214666a86367f0dbd0bdd4c9e1f7af0183213ed77494135d6d74c81561dbea,usb,#,single-source,evt:CH32V20x/EVT/EXAM/IAP/USB_UART/CH32V20x_APP/USBLIB/USB-Driver/inc/usb_init.h
evt-v20x-app,CH32V20x,CH32V20x/EVT/EXAM/IAP/USB_UART/CH32V20x_APP/USBLIB/USB-Driver/inc/usb_int.h,849,26,c3aab20abb8c94d3a8c59878af8848b6385f559c3e8de5c0f9cda03c37447af4,usb,#,single-source,evt:CH32V20x/EVT/EXAM/IAP/USB_UART/CH32V20x_APP/USBLIB/USB-Driver/inc/usb_int.h
evt-v20x-app,CH32V20x,CH32V20x/EVT/EXAM/IAP/USB_UART/CH32V20x_APP/USBLIB/USB-Driver/inc/usb_lib.h,960,31,ff79fbacb3803442d396bea05403e9f23a4bd553061783a0b9a8753712699b9a,usb,#,single-source,evt:CH32V20x/EVT/EXAM/IAP/USB_UART/CH32V20x_APP/USBLIB/USB-Driver/inc/usb_lib.h
evt-v20x-app,CH32V20x,CH32V20x/EVT/EXAM/IAP/USB_UART/CH32V20x_APP/USBLIB/USB-Driver/inc/usb_mem.h,1091,37,e4c5868047d876cd6c6c0b949d693a067e1ee7fa2135e4ac1a84257f2231ae8e,usb,#,single-source,evt:CH32V20x/EVT/EXAM/IAP/USB_UART/CH32V20x_APP/USBLIB/USB-Driver/inc/usb_mem.h
evt-v20x-app,CH32V20x,CH32V20x/EVT/EXAM/IAP/USB_UART/CH32V20x_APP/USBLIB/USB-Driver/inc/usb_regs.h,29983,676,63a3496ce04c45394eca3419e199ecdb801812df29c729e146268e0a0a042258,usb,#,single-source,evt:CH32V20x/EVT/EXAM/IAP/USB_UART/CH32V20x_APP/USBLIB/USB-Driver/inc/usb_regs.h
evt-v20x-app,CH32V20x,CH32V20x/EVT/EXAM/IAP/USB_UART/CH32V20x_APP/USBLIB/USB-Driver/inc/usb_sil.h,1117,37,2d7081cab5401df3a36f8a02b1ac5b0deb40573dbb5a75c4ca00928b13b041ba,usb,#,single-source,evt:CH32V20x/EVT/EXAM/IAP/USB_UART/CH32V20x_APP/USBLIB/USB-Driver/inc/usb_sil.h
evt-v20x-app,CH32V20x,CH32V20x/EVT/EXAM/IAP/USB_UART/CH32V20x_APP/USBLIB/USB-Driver/inc/usb_type.h,957,34,82160913177a2a83415ed887d1758b7b508eb661998acafaa28f93c2fcaea8b4,usb,#,single-source,evt:CH32V20x/EVT/EXAM/IAP/USB_UART/CH32V20x_APP/USBLIB/USB-Driver/inc/usb_type.h
evt-v20x-app,CH32V20x,CH32V20x/EVT/EXAM/IAP/USB_UART/CH32V20x_APP/USBLIB/USB-Driver/src/usb_core.c,24699,955,4f9afc630c204072ec16668fa5f90bdea25fcf93fa07194ff3899fb591ce1cb2,usb,#,single-source,evt:CH32V20x/EVT/EXAM/IAP/USB_UART/CH32V20x_APP/USBLIB/USB-Driver/src/usb_core.c
evt-v20x-app,CH32V20x,CH32V20x/EVT/EXAM/IAP/USB_UART/CH32V20x_APP/USBLIB/USB-Driver/src/usb_init.c,1277,43,5f86f580f9812ad12a22e5135e8a16619d18cc0ddfc8be8b9928c486c85e1abb,usb,#,single-source,evt:CH32V20x/EVT/EXAM/IAP/USB_UART/CH32V20x_APP/USBLIB/USB-Driver/src/usb_init.c
evt-v20x-app,CH32V20x,CH32V20x/EVT/EXAM/IAP/USB_UART/CH32V20x_APP/USBLIB/USB-Driver/src/usb_int.c,3314,134,1688bf1cf391f84300a3312ce4335fc945dd94371dba969726a95814730a3e3a,usb,#,single-source,evt:CH32V20x/EVT/EXAM/IAP/USB_UART/CH32V20x_APP/USBLIB/USB-Driver/src/usb_int.c
evt-v20x-app,CH32V20x,CH32V20x/EVT/EXAM/IAP/USB_UART/CH32V20x_APP/USBLIB/USB-Driver/src/usb_mem.c,2270,75,4a08511c0561bd73c9035804219e68f232bcd5e2c1295a33655bfe898e8e2958,usb,#,single-source,evt:CH32V20x/EVT/EXAM/IAP/USB_UART/CH32V20x_APP/USBLIB/USB-Driver/src/usb_mem.c
evt-v20x-app,CH32V20x,CH32V20x/EVT/EXAM/IAP/USB_UART/CH32V20x_APP/USBLIB/USB-Driver/src/usb_regs.c,21374,853,9c4a76e8e0f0ea0ef0b1b56df2549bf683c5f76141eacd23d001053fa45e1010,usb,#,single-source,evt:CH32V20x/EVT/EXAM/IAP/USB_UART/CH32V20x_APP/USBLIB/USB-Driver/src/usb_regs.c
evt-v20x-app,CH32V20x,CH32V20x/EVT/EXAM/IAP/USB_UART/CH32V20x_APP/USBLIB/USB-Driver/src/usb_sil.c,2514,78,ac36525b92505973eb85cd54b4ef5207869a6168197aa87480e650abbf3b9cfa,usb,#,single-source,evt:CH32V20x/EVT/EXAM/IAP/USB_UART/CH32V20x_APP/USBLIB/USB-Driver/src/usb_sil.c
evt-v20x-app,CH32V20x,CH32V20x/EVT/EXAM/IAP/USB_UART/CH32V20x_APP/User/ch32v20x_conf.h,1285,37,115d6f7a70dd4c76b1f038bac4660ae4b6ce6b40b3378756b678e72acab58950,support,#,single-source,evt:CH32V20x/EVT/EXAM/IAP/USB_UART/CH32V20x_APP/User/ch32v20x_conf.h
evt-v20x-app,CH32V20x,CH32V20x/EVT/EXAM/IAP/USB_UART/CH32V20x_APP/User/ch32v20x_it.c,1343,48,fccd998451fee422bbcd2d15874f8c1617b40bf5e52ff7f6d9b56958915563bd,support,#,single-source,evt:CH32V20x/EVT/EXAM/IAP/USB_UART/CH32V20x_APP/User/ch32v20x_it.c
evt-v20x-app,CH32V20x,CH32V20x/EVT/EXAM/IAP/USB_UART/CH32V20x_APP/User/ch32v20x_it.h,759,18,2f39e598b272bf372cd944160d98277336a71feb1e173c08506824835cbb13e4,support,#,single-source,evt:CH32V20x/EVT/EXAM/IAP/USB_UART/CH32V20x_APP/User/ch32v20x_it.h
evt-v20x-app,CH32V20x,CH32V20x/EVT/EXAM/IAP/USB_UART/CH32V20x_APP/User/ch32v20x_usbfs_device.c,22179,579,6ba15496f73cf77bfff88bc8e4cd15034499dca3536e990de48f10b4325eb030,usb,#,single-source,evt:CH32V20x/EVT/EXAM/IAP/USB_UART/CH32V20x_APP/User/ch32v20x_usbfs_device.c
evt-v20x-app,CH32V20x,CH32V20x/EVT/EXAM/IAP/USB_UART/CH32V20x_APP/User/ch32v20x_usbfs_device.h,33722,717,8751053b37108668396fe38d4f714cb107827ff6a5aa5091a0c754b98b3e70c0,usb,#,single-source,evt:CH32V20x/EVT/EXAM/IAP/USB_UART/CH32V20x_APP/User/ch32v20x_usbfs_device.h
evt-v20x-app,CH32V20x,CH32V20x/EVT/EXAM/IAP/USB_UART/CH32V20x_APP/User/flash.c,987,29,fd9399a06e243dee6ab2266fcd9d6365d923599169a107f9e44655bf3084784d,flash,#,single-source,evt:CH32V20x/EVT/EXAM/IAP/USB_UART/CH32V20x_APP/User/flash.c
evt-v20x-app,CH32V20x,CH32V20x/EVT/EXAM/IAP/USB_UART/CH32V20x_APP/User/flash.h,750,21,9a34a5b368a7af6609ca9f9bcc14fac32f352bf3090332bc769b9ac83a8b5266,flash,#,single-source,evt:CH32V20x/EVT/EXAM/IAP/USB_UART/CH32V20x_APP/User/flash.h
evt-v20x-app,CH32V20x,CH32V20x/EVT/EXAM/IAP/USB_UART/CH32V20x_APP/User/iap.c,7665,261,a06dcc7bdd0a5b34c4ed7aed695b927ada170224bedc16b8018d32864f4054fb,protocol,#,single-source,evt:CH32V20x/EVT/EXAM/IAP/USB_UART/CH32V20x_APP/User/iap.c
evt-v20x-app,CH32V20x,CH32V20x/EVT/EXAM/IAP/USB_UART/CH32V20x_APP/User/iap.h,1956,86,ce0a66889673d9273065bc7f519255d412b7c1b149046a2aea2ed105bec2c1cf,protocol,#,single-source,evt:CH32V20x/EVT/EXAM/IAP/USB_UART/CH32V20x_APP/User/iap.h
evt-v20x-app,CH32V20x,CH32V20x/EVT/EXAM/IAP/USB_UART/CH32V20x_APP/User/main.c,8554,277,0c36d140e36b0dcc694da825a5bf8f09dc8bba11a7f33ba56f21ef06469f3978,entry,#,single-source,evt:CH32V20x/EVT/EXAM/IAP/USB_UART/CH32V20x_APP/User/main.c
evt-v20x-app,CH32V20x,CH32V20x/EVT/EXAM/IAP/USB_UART/CH32V20x_APP/User/system_ch32v20x.c,30299,988,e20c2afef30ca5838db000c8d4550b01bdd418ee801a8e8092ec9df9b3fd2360,startup,#,single-source,evt:CH32V20x/EVT/EXAM/IAP/USB_UART/CH32V20x_APP/User/system_ch32v20x.c
evt-v20x-app,CH32V20x,CH32V20x/EVT/EXAM/IAP/USB_UART/CH32V20x_APP/User/system_ch32v20x.h,1034,30,de59432d0afd1d227adbd4fd494b592dd25e156a266ed96ab782e0eb84d54e8f,startup,#,single-source,evt:CH32V20x/EVT/EXAM/IAP/USB_UART/CH32V20x_APP/User/system_ch32v20x.h
evt-v30x-iap,CH32V307,CH32V307/EVT/EXAM/IAP/USB_UART/CHV30x_IAP/User/ch32v30x_conf.h,1383,46,dec22a0b4631028ad4c7f7b1c6b533d9392e1a4f65724b24c067d6fd84458b83,support,#,single-source,evt:CH32V307/EVT/EXAM/IAP/USB_UART/CHV30x_IAP/User/ch32v30x_conf.h
evt-v30x-iap,CH32V307,CH32V307/EVT/EXAM/IAP/USB_UART/CHV30x_IAP/User/ch32v30x_it.c,1702,58,70596d2f1c271c994fd4b3727d7114c8f842b2b5882d9786a54728c6281fbcd0,support,#,single-source,evt:CH32V307/EVT/EXAM/IAP/USB_UART/CHV30x_IAP/User/ch32v30x_it.c
evt-v30x-iap,CH32V307,CH32V307/EVT/EXAM/IAP/USB_UART/CHV30x_IAP/User/ch32v30x_it.h,757,21,028cb6afc455af5741ad066ebe2831d3b93b1daf9eebaab3482632c9895383e2,support,#,single-source,evt:CH32V307/EVT/EXAM/IAP/USB_UART/CHV30x_IAP/User/ch32v30x_it.h
evt-v30x-iap,CH32V307,CH32V307/EVT/EXAM/IAP/USB_UART/CHV30x_IAP/User/ch32v30x_usbfs_device.c,20039,555,f05952635d739e1fba3932bbf354c7ae83d05bd7c8a71a445496891b35f22607,usb,#,single-source,evt:CH32V307/EVT/EXAM/IAP/USB_UART/CHV30x_IAP/User/ch32v30x_usbfs_device.c
evt-v30x-iap,CH32V307,CH32V307/EVT/EXAM/IAP/USB_UART/CHV30x_IAP/User/ch32v30x_usbfs_device.h,28637,642,6fc9deb6684d8b38d37ead0f1e61fdb501c7150068e382c3293d6fa124ae11a6,usb,#,single-source,evt:CH32V307/EVT/EXAM/IAP/USB_UART/CHV30x_IAP/User/ch32v30x_usbfs_device.h
evt-v30x-iap,CH32V307,CH32V307/EVT/EXAM/IAP/USB_UART/CHV30x_IAP/User/ch32v30x_usbhs_device.c,24956,671,249e099c44117dcb61a554e1e9d3975c35666b3787a34b24090f95d4fa2bb895,usb,#,single-source,evt:CH32V307/EVT/EXAM/IAP/USB_UART/CHV30x_IAP/User/ch32v30x_usbhs_device.c
evt-v30x-iap,CH32V307,CH32V307/EVT/EXAM/IAP/USB_UART/CHV30x_IAP/User/ch32v30x_usbhs_device.h,21686,649,26a24a11056e7ae7cfa0ba474ed1c8276c92ce7dfb5c1ae92adce7c2a4d6e1fa,usb,#,single-source,evt:CH32V307/EVT/EXAM/IAP/USB_UART/CHV30x_IAP/User/ch32v30x_usbhs_device.h
evt-v30x-iap,CH32V307,CH32V307/EVT/EXAM/IAP/USB_UART/CHV30x_IAP/User/flash.c,994,32,9ec84c722ed166b201071b651366b75bd9b83e51eb409243142a781d5142e138,flash,#,single-source,evt:CH32V307/EVT/EXAM/IAP/USB_UART/CHV30x_IAP/User/flash.c
evt-v30x-iap,CH32V307,CH32V307/EVT/EXAM/IAP/USB_UART/CHV30x_IAP/User/flash.h,754,23,a79b510b6d4f7d1e3ed421036451fe79fb800780e3b0f92f3b0e08a1d7801f70,flash,#,single-source,evt:CH32V307/EVT/EXAM/IAP/USB_UART/CHV30x_IAP/User/flash.h
evt-v30x-iap,CH32V307,CH32V307/EVT/EXAM/IAP/USB_UART/CHV30x_IAP/User/iap.c,11516,412,aee2eebc190aea05adcbde0446b00fe2eae488304fe809215eca307622491d90,protocol,#,single-source,evt:CH32V307/EVT/EXAM/IAP/USB_UART/CHV30x_IAP/User/iap.c
evt-v30x-iap,CH32V307,CH32V307/EVT/EXAM/IAP/USB_UART/CHV30x_IAP/User/iap.h,1834,82,2af2998aa1532af17f0badd0c1cb4729d4ef2eae2f59fa0025f77fe64ef85ae1,protocol,#,single-source,evt:CH32V307/EVT/EXAM/IAP/USB_UART/CHV30x_IAP/User/iap.h
evt-v30x-iap,CH32V307,CH32V307/EVT/EXAM/IAP/USB_UART/CHV30x_IAP/User/main.c,3583,125,4b1e8c1aa097bb3bb27eef2a100467162c850a7fc9a04c8435f7ec69699e194d,entry,#,single-source,evt:CH32V307/EVT/EXAM/IAP/USB_UART/CHV30x_IAP/User/main.c
evt-v30x-iap,CH32V307,CH32V307/EVT/EXAM/IAP/USB_UART/CHV30x_IAP/User/system_ch32v30x.c,30849,1037,7aadd33aaefeb0902389a7f92cae3d8d87dd6e71056ad902ab61a058f4d00892,startup,#,single-source,evt:CH32V307/EVT/EXAM/IAP/USB_UART/CHV30x_IAP/User/system_ch32v30x.c
evt-v30x-iap,CH32V307,CH32V307/EVT/EXAM/IAP/USB_UART/CHV30x_IAP/User/system_ch32v30x.h,1049,33,1f46762b4ff3318069bcd7850367b8bfe24913edaa9f47045447d4119818aca7,startup,#,single-source,evt:CH32V307/EVT/EXAM/IAP/USB_UART/CHV30x_IAP/User/system_ch32v30x.h
evt-v30x-app,CH32V307,CH32V307/EVT/EXAM/IAP/USB_UART/CHV30x_APP/LD/Link.ld,3505,168,39c7bbe3ac1f2b296bac721b272a5746b7e0a793723e73f9979fb4a92f6fe131,linker,#,single-source,evt:CH32V307/EVT/EXAM/IAP/USB_UART/CHV30x_APP/LD/Link.ld
evt-v30x-app,CH32V307,CH32V307/EVT/EXAM/IAP/USB_UART/CHV30x_APP/User/ch32v30x_conf.h,1378,46,2121fd46333e183ba70603cd21f0a70aec1a773c275d924724f7802ff07884f2,support,#,single-source,evt:CH32V307/EVT/EXAM/IAP/USB_UART/CHV30x_APP/User/ch32v30x_conf.h
evt-v30x-app,CH32V307,CH32V307/EVT/EXAM/IAP/USB_UART/CHV30x_APP/User/ch32v30x_it.c,1350,47,e038528174b4ed3ce56a2c988220dcce0159d2a973f610d4ff7d4b70792ec5e7,support,#,single-source,evt:CH32V307/EVT/EXAM/IAP/USB_UART/CHV30x_APP/User/ch32v30x_it.c
evt-v30x-app,CH32V307,CH32V307/EVT/EXAM/IAP/USB_UART/CHV30x_APP/User/ch32v30x_it.h,757,21,028cb6afc455af5741ad066ebe2831d3b93b1daf9eebaab3482632c9895383e2,support,#,single-source,evt:CH32V307/EVT/EXAM/IAP/USB_UART/CHV30x_APP/User/ch32v30x_it.h
evt-v30x-app,CH32V307,CH32V307/EVT/EXAM/IAP/USB_UART/CHV30x_APP/User/ch32v30x_usbfs_device.c,20039,555,c66a9ae48cfdf79e439a384fd55e9f5634b7265ba7dbec33b4c425c6e64aa955,usb,#,single-source,evt:CH32V307/EVT/EXAM/IAP/USB_UART/CHV30x_APP/User/ch32v30x_usbfs_device.c
evt-v30x-app,CH32V307,CH32V307/EVT/EXAM/IAP/USB_UART/CHV30x_APP/User/ch32v30x_usbfs_device.h,28637,642,6fc9deb6684d8b38d37ead0f1e61fdb501c7150068e382c3293d6fa124ae11a6,usb,#,single-source,evt:CH32V307/EVT/EXAM/IAP/USB_UART/CHV30x_APP/User/ch32v30x_usbfs_device.h
evt-v30x-app,CH32V307,CH32V307/EVT/EXAM/IAP/USB_UART/CHV30x_APP/User/ch32v30x_usbhs_device.c,24976,671,2c67b47f0890dece885300fd543db0ea7993acd082e31fcd4903ffc5ae4d259b,usb,#,single-source,evt:CH32V307/EVT/EXAM/IAP/USB_UART/CHV30x_APP/User/ch32v30x_usbhs_device.c
evt-v30x-app,CH32V307,CH32V307/EVT/EXAM/IAP/USB_UART/CHV30x_APP/User/ch32v30x_usbhs_device.h,21686,649,26a24a11056e7ae7cfa0ba474ed1c8276c92ce7dfb5c1ae92adce7c2a4d6e1fa,usb,#,single-source,evt:CH32V307/EVT/EXAM/IAP/USB_UART/CHV30x_APP/User/ch32v30x_usbhs_device.h
evt-v30x-app,CH32V307,CH32V307/EVT/EXAM/IAP/USB_UART/CHV30x_APP/User/flash.c,994,32,9ec84c722ed166b201071b651366b75bd9b83e51eb409243142a781d5142e138,flash,#,single-source,evt:CH32V307/EVT/EXAM/IAP/USB_UART/CHV30x_APP/User/flash.c
evt-v30x-app,CH32V307,CH32V307/EVT/EXAM/IAP/USB_UART/CHV30x_APP/User/flash.h,754,23,a79b510b6d4f7d1e3ed421036451fe79fb800780e3b0f92f3b0e08a1d7801f70,flash,#,single-source,evt:CH32V307/EVT/EXAM/IAP/USB_UART/CHV30x_APP/User/flash.h
evt-v30x-app,CH32V307,CH32V307/EVT/EXAM/IAP/USB_UART/CHV30x_APP/User/iap.c,6643,217,c40e13705f1abb8aa7c899dc65c5a79c7bf0208c78872ae1f110c9ea3a582664,protocol,#,single-source,evt:CH32V307/EVT/EXAM/IAP/USB_UART/CHV30x_APP/User/iap.c
evt-v30x-app,CH32V307,CH32V307/EVT/EXAM/IAP/USB_UART/CHV30x_APP/User/iap.h,1760,78,8f54a6d31323dd1cfce49e55d140b5c389c62616f68ce6c6692154ca0e7c004b,protocol,#,single-source,evt:CH32V307/EVT/EXAM/IAP/USB_UART/CHV30x_APP/User/iap.h
evt-v30x-app,CH32V307,CH32V307/EVT/EXAM/IAP/USB_UART/CHV30x_APP/User/main.c,8451,280,43b7537b83f7f44ebdc0bfc5966cbde3dc48bf018ef532b8b9b576256adc70dd,entry,#,single-source,evt:CH32V307/EVT/EXAM/IAP/USB_UART/CHV30x_APP/User/main.c
evt-v30x-app,CH32V307,CH32V307/EVT/EXAM/IAP/USB_UART/CHV30x_APP/User/system_ch32v30x.c,30849,1037,7aadd33aaefeb0902389a7f92cae3d8d87dd6e71056ad902ab61a058f4d00892,startup,#,single-source,evt:CH32V307/EVT/EXAM/IAP/USB_UART/CHV30x_APP/User/system_ch32v30x.c
evt-v30x-app,CH32V307,CH32V307/EVT/EXAM/IAP/USB_UART/CHV30x_APP/User/system_ch32v30x.h,1049,33,1f46762b4ff3318069bcd7850367b8bfe24913edaa9f47045447d4119818aca7,startup,#,single-source,evt:CH32V307/EVT/EXAM/IAP/USB_UART/CHV30x_APP/User/system_ch32v30x.h
evt-v407-iap,CH32V407,CH32V407/EVT/EXAM/IAP/USB_UART/CH32V407_IAP/Ld/Link.ld,3776,168,a971000235f8d1f12ea28b9b53b40bab54c166ecca34217dba7daedbf5ed2582,linker,#,single-source,evt:CH32V407/EVT/EXAM/IAP/USB_UART/CH32V407_IAP/Ld/Link.ld
evt-v407-iap,CH32V407,CH32V407/EVT/EXAM/IAP/USB_UART/CH32V407_IAP/User/USB/ch32v4x7_usbhs_device.c,25185,615,0523754fce2422a01e956d3e5f2200411ff4905f524b4e8080ce7bec5dbb8673,usb,#,single-source,evt:CH32V407/EVT/EXAM/IAP/USB_UART/CH32V407_IAP/User/USB/ch32v4x7_usbhs_device.c
evt-v407-iap,CH32V407,CH32V407/EVT/EXAM/IAP/USB_UART/CH32V407_IAP/User/USB/ch32v4x7_usbhs_device.h,7327,231,7e3155b9877b83f624bc2fd383a022e1542e5ee9965d4ff37dbe7400d264c6a3,usb,#,single-source,evt:CH32V407/EVT/EXAM/IAP/USB_UART/CH32V407_IAP/User/USB/ch32v4x7_usbhs_device.h
evt-v407-iap,CH32V407,CH32V407/EVT/EXAM/IAP/USB_UART/CH32V407_IAP/User/USB/usb_desc.c,8625,224,f0ffa6ba648e2ac4fca5fc59dfb072fbacb3c0b1996ef26a0b2583b237e9ca30,usb,#,single-source,evt:CH32V407/EVT/EXAM/IAP/USB_UART/CH32V407_IAP/User/USB/usb_desc.c
evt-v407-iap,CH32V407,CH32V407/EVT/EXAM/IAP/USB_UART/CH32V407_IAP/User/USB/usb_desc.h,2651,72,86ffbea3123d2e649cb49ac40b374e0722d918a326955746ec1fdbd1b217f868,usb,#,single-source,evt:CH32V407/EVT/EXAM/IAP/USB_UART/CH32V407_IAP/User/USB/usb_desc.h
evt-v407-iap,CH32V407,CH32V407/EVT/EXAM/IAP/USB_UART/CH32V407_IAP/User/USB/usb_inf.c,2360,80,1aef78e870ad70c9a37060a205d690d207ccdc0244894c9f83ba7276fcc57a32,usb,#,single-source,evt:CH32V407/EVT/EXAM/IAP/USB_UART/CH32V407_IAP/User/USB/usb_inf.c
evt-v407-iap,CH32V407,CH32V407/EVT/EXAM/IAP/USB_UART/CH32V407_IAP/User/USB/usb_inf.h,1564,41,ec0c7c2e818a1b0d5794faefcc50189e0e6f226b1a10132bb6d2eda2fb07130c,usb,#,single-source,evt:CH32V407/EVT/EXAM/IAP/USB_UART/CH32V407_IAP/User/USB/usb_inf.h
evt-v407-iap,CH32V407,CH32V407/EVT/EXAM/IAP/USB_UART/CH32V407_IAP/User/ch32v4x7_conf.h,1597,54,0583e3e166c3e5fa903714fad934174bd5d0b1ad0c2e204edae5c750f9c6afb9,support,#,single-source,evt:CH32V407/EVT/EXAM/IAP/USB_UART/CH32V407_IAP/User/ch32v4x7_conf.h
evt-v407-iap,CH32V407,CH32V407/EVT/EXAM/IAP/USB_UART/CH32V407_IAP/User/ch32v4x7_it.c,1336,47,dda900128388f65db2ba51086ae606808577c4063fa83260e102711402d85377,support,#,single-source,evt:CH32V407/EVT/EXAM/IAP/USB_UART/CH32V407_IAP/User/ch32v4x7_it.c
evt-v407-iap,CH32V407,CH32V407/EVT/EXAM/IAP/USB_UART/CH32V407_IAP/User/ch32v4x7_it.h,757,21,b9abd77a95960f05202ad6c5e7495bc222bb69e0931e755d7fca9d3e75e6e76c,support,#,single-source,evt:CH32V407/EVT/EXAM/IAP/USB_UART/CH32V407_IAP/User/ch32v4x7_it.h
evt-v407-iap,CH32V407,CH32V407/EVT/EXAM/IAP/USB_UART/CH32V407_IAP/User/flash.c,987,32,0e59218dc4743c28fb8770842a69c1fa2e1fd2aefff7e4d3aeb0b2bdccc8fa4d,flash,#,single-source,evt:CH32V407/EVT/EXAM/IAP/USB_UART/CH32V407_IAP/User/flash.c
evt-v407-iap,CH32V407,CH32V407/EVT/EXAM/IAP/USB_UART/CH32V407_IAP/User/flash.h,749,23,0d056198f07ef34014f08ab32f5663891bc7415b2a0ad664f679907953077b2c,flash,#,single-source,evt:CH32V407/EVT/EXAM/IAP/USB_UART/CH32V407_IAP/User/flash.h
evt-v407-iap,CH32V407,CH32V407/EVT/EXAM/IAP/USB_UART/CH32V407_IAP/User/iap.c,12772,450,ca37463f774838622972ac936913cf2044920bc90fea535ea43c2cc521137035,protocol,#,single-source,evt:CH32V407/EVT/EXAM/IAP/USB_UART/CH32V407_IAP/User/iap.c
evt-v407-iap,CH32V407,CH32V407/EVT/EXAM/IAP/USB_UART/CH32V407_IAP/User/iap.h,1831,83,93fa048d55670194378e8e696bca44b4f8c503fc7996dcff11494f8ee5ca65e1,protocol,#,single-source,evt:CH32V407/EVT/EXAM/IAP/USB_UART/CH32V407_IAP/User/iap.h
evt-v407-iap,CH32V407,CH32V407/EVT/EXAM/IAP/USB_UART/CH32V407_IAP/User/main.c,3183,113,452add82c14c40ffa168faa1087c7caeabeaf68e9b46f2e66630a2f2da01f511,entry,#,single-source,evt:CH32V407/EVT/EXAM/IAP/USB_UART/CH32V407_IAP/User/main.c
evt-v407-iap,CH32V407,CH32V407/EVT/EXAM/IAP/USB_UART/CH32V407_IAP/User/system_ch32v4x7.c,35516,1099,1440e1fbf9cfbacaecfe4dc08f72a63b140808101ef1479da14343c03ab38650,startup,#,single-source,evt:CH32V407/EVT/EXAM/IAP/USB_UART/CH32V407_IAP/User/system_ch32v4x7.c
evt-v407-iap,CH32V407,CH32V407/EVT/EXAM/IAP/USB_UART/CH32V407_IAP/User/system_ch32v4x7.h,1191,35,e9e2a1bfaa2965861b8a300ce36b09af5e384665e66d17f6879b7f4e3949b577,startup,#,single-source,evt:CH32V407/EVT/EXAM/IAP/USB_UART/CH32V407_IAP/User/system_ch32v4x7.h
evt-v407-app,CH32V407,CH32V407/EVT/EXAM/IAP/USB_UART/CH32V407_APP/Ld/Link.ld,3781,168,47b5904797bbd0423c969f2d5b75afcf4494282eca0a6d97c02caf48b6697450,linker,#,single-source,evt:CH32V407/EVT/EXAM/IAP/USB_UART/CH32V407_APP/Ld/Link.ld
evt-v407-app,CH32V407,CH32V407/EVT/EXAM/IAP/USB_UART/CH32V407_APP/User/USB/ch32v4x7_usbhs_device.c,25167,614,da329c1e63446521504b45195c3049104bdb7e77619b1eb03dfba91e90fa66cd,usb,#,single-source,evt:CH32V407/EVT/EXAM/IAP/USB_UART/CH32V407_APP/User/USB/ch32v4x7_usbhs_device.c
evt-v407-app,CH32V407,CH32V407/EVT/EXAM/IAP/USB_UART/CH32V407_APP/User/USB/ch32v4x7_usbhs_device.h,7327,231,7e3155b9877b83f624bc2fd383a022e1542e5ee9965d4ff37dbe7400d264c6a3,usb,#,single-source,evt:CH32V407/EVT/EXAM/IAP/USB_UART/CH32V407_APP/User/USB/ch32v4x7_usbhs_device.h
evt-v407-app,CH32V407,CH32V407/EVT/EXAM/IAP/USB_UART/CH32V407_APP/User/USB/usb_desc.c,8630,225,9e36395bc4627f79ccf68089e65b1df40915d6419b6dff708d7f08898c21259b,usb,#,single-source,evt:CH32V407/EVT/EXAM/IAP/USB_UART/CH32V407_APP/User/USB/usb_desc.c
evt-v407-app,CH32V407,CH32V407/EVT/EXAM/IAP/USB_UART/CH32V407_APP/User/USB/usb_desc.h,2651,72,5ff67e82a3a251706440f9bd4670029bb18eeeb25dce48836466bfe859581455,usb,#,single-source,evt:CH32V407/EVT/EXAM/IAP/USB_UART/CH32V407_APP/User/USB/usb_desc.h
evt-v407-app,CH32V407,CH32V407/EVT/EXAM/IAP/USB_UART/CH32V407_APP/User/USB/usb_inf.c,2360,80,f913e719b50b8b27d40c20e52b3fb63386ecfa4e2b82c07c86e343d2fafa4f71,usb,#,single-source,evt:CH32V407/EVT/EXAM/IAP/USB_UART/CH32V407_APP/User/USB/usb_inf.c
evt-v407-app,CH32V407,CH32V407/EVT/EXAM/IAP/USB_UART/CH32V407_APP/User/USB/usb_inf.h,1567,41,a07e7c68646bf6241c9d582b864540d00df364059da06149bd780e1ca2028764,usb,#,single-source,evt:CH32V407/EVT/EXAM/IAP/USB_UART/CH32V407_APP/User/USB/usb_inf.h
evt-v407-app,CH32V407,CH32V407/EVT/EXAM/IAP/USB_UART/CH32V407_APP/User/ch32v4x7_conf.h,1597,54,0583e3e166c3e5fa903714fad934174bd5d0b1ad0c2e204edae5c750f9c6afb9,support,#,single-source,evt:CH32V407/EVT/EXAM/IAP/USB_UART/CH32V407_APP/User/ch32v4x7_conf.h
evt-v407-app,CH32V407,CH32V407/EVT/EXAM/IAP/USB_UART/CH32V407_APP/User/ch32v4x7_it.c,1336,47,dda900128388f65db2ba51086ae606808577c4063fa83260e102711402d85377,support,#,single-source,evt:CH32V407/EVT/EXAM/IAP/USB_UART/CH32V407_APP/User/ch32v4x7_it.c
evt-v407-app,CH32V407,CH32V407/EVT/EXAM/IAP/USB_UART/CH32V407_APP/User/ch32v4x7_it.h,757,21,b9abd77a95960f05202ad6c5e7495bc222bb69e0931e755d7fca9d3e75e6e76c,support,#,single-source,evt:CH32V407/EVT/EXAM/IAP/USB_UART/CH32V407_APP/User/ch32v4x7_it.h
evt-v407-app,CH32V407,CH32V407/EVT/EXAM/IAP/USB_UART/CH32V407_APP/User/flash.c,987,32,dc8027747881c274d0ae3328bfc9c86bc1e55203f9a73b414cfaef62e5a2e42d,flash,#,single-source,evt:CH32V407/EVT/EXAM/IAP/USB_UART/CH32V407_APP/User/flash.c
evt-v407-app,CH32V407,CH32V407/EVT/EXAM/IAP/USB_UART/CH32V407_APP/User/flash.h,749,23,0d056198f07ef34014f08ab32f5663891bc7415b2a0ad664f679907953077b2c,flash,#,single-source,evt:CH32V407/EVT/EXAM/IAP/USB_UART/CH32V407_APP/User/flash.h
evt-v407-app,CH32V407,CH32V407/EVT/EXAM/IAP/USB_UART/CH32V407_APP/User/iap.c,8812,307,7226dc17dca169ef15d172bf8fbf347093c1e4b4d8c8452f6c5c7c46403c31cb,protocol,#,single-source,evt:CH32V407/EVT/EXAM/IAP/USB_UART/CH32V407_APP/User/iap.c
evt-v407-app,CH32V407,CH32V407/EVT/EXAM/IAP/USB_UART/CH32V407_APP/User/iap.h,1831,83,93fa048d55670194378e8e696bca44b4f8c503fc7996dcff11494f8ee5ca65e1,protocol,#,single-source,evt:CH32V407/EVT/EXAM/IAP/USB_UART/CH32V407_APP/User/iap.h
evt-v407-app,CH32V407,CH32V407/EVT/EXAM/IAP/USB_UART/CH32V407_APP/User/main.c,3256,117,ba1367d01df08ca5aae2f2c471469d11d5d3dde224c53e41060571c2962ab98f,entry,#,single-source,evt:CH32V407/EVT/EXAM/IAP/USB_UART/CH32V407_APP/User/main.c
evt-v407-app,CH32V407,CH32V407/EVT/EXAM/IAP/USB_UART/CH32V407_APP/User/system_ch32v4x7.c,35516,1099,1440e1fbf9cfbacaecfe4dc08f72a63b140808101ef1479da14343c03ab38650,startup,#,single-source,evt:CH32V407/EVT/EXAM/IAP/USB_UART/CH32V407_APP/User/system_ch32v4x7.c
evt-v407-app,CH32V407,CH32V407/EVT/EXAM/IAP/USB_UART/CH32V407_APP/User/system_ch32v4x7.h,1191,35,e9e2a1bfaa2965861b8a300ce36b09af5e384665e66d17f6879b7f4e3949b577,startup,#,single-source,evt:CH32V407/EVT/EXAM/IAP/USB_UART/CH32V407_APP/User/system_ch32v4x7.h
evt-x035-iap,CH32X035,CH32X035/EVT/EXAM/IAP/USB_UART/CH32X035_IAP/User/ch32x035_conf.h,1195,40,96fd6c4823707655fffe5311656276ca8e7adb0a4840a539ad9da14e79fedab4,support,#,single-source,evt:CH32X035/EVT/EXAM/IAP/USB_UART/CH32X035_IAP/User/ch32x035_conf.h
evt-x035-iap,CH32X035,CH32X035/EVT/EXAM/IAP/USB_UART/CH32X035_IAP/User/ch32x035_it.c,1343,47,4b501a6a3959f66f1e4369a58ae91c8d0c8eab0879c07b213843792ada39d17d,support,#,single-source,evt:CH32X035/EVT/EXAM/IAP/USB_UART/CH32X035_IAP/User/ch32x035_it.c
evt-x035-iap,CH32X035,CH32X035/EVT/EXAM/IAP/USB_UART/CH32X035_IAP/User/ch32x035_it.h,740,21,2654442a24fcc239c3c68bba0c988cd8f7be79f90c261eccf5b065fdfb97787c,support,#,single-source,evt:CH32X035/EVT/EXAM/IAP/USB_UART/CH32X035_IAP/User/ch32x035_it.h
evt-x035-iap,CH32X035,CH32X035/EVT/EXAM/IAP/USB_UART/CH32X035_IAP/User/ch32x035_usb.h,23930,536,ef515ab40cefb2f60d365ca61eff894baafd0b93fda618764c630f4e91f4ed8c,usb,#,single-source,evt:CH32X035/EVT/EXAM/IAP/USB_UART/CH32X035_IAP/User/ch32x035_usb.h
evt-x035-iap,CH32X035,CH32X035/EVT/EXAM/IAP/USB_UART/CH32X035_IAP/User/ch32x035_usbfs_device.c,28816,701,c3521cde2ba05c285bbf7466654e79176a3eb208239103e4d86e66e0fc6e640a,usb,#,single-source,evt:CH32X035/EVT/EXAM/IAP/USB_UART/CH32X035_IAP/User/ch32x035_usbfs_device.c
evt-x035-iap,CH32X035,CH32X035/EVT/EXAM/IAP/USB_UART/CH32X035_IAP/User/ch32x035_usbfs_device.h,3831,97,b3b64a75af9a6b199b0b87b3704a5ff06aaea39c56f893b08253ecb5667bea2b,usb,#,single-source,evt:CH32X035/EVT/EXAM/IAP/USB_UART/CH32X035_IAP/User/ch32x035_usbfs_device.h
evt-x035-iap,CH32X035,CH32X035/EVT/EXAM/IAP/USB_UART/CH32X035_IAP/User/iap.c,12734,462,df7185be9c41f211feedf513b4f09a2e9c767fb180647290c20e31f17b974149,protocol,#,single-source,evt:CH32X035/EVT/EXAM/IAP/USB_UART/CH32X035_IAP/User/iap.c
evt-x035-iap,CH32X035,CH32X035/EVT/EXAM/IAP/USB_UART/CH32X035_IAP/User/iap.h,1866,83,3d5e35f3d359c61a883de2cc17e13102c8fb1d3c5b6b90663974838f27dc07d8,protocol,#,single-source,evt:CH32X035/EVT/EXAM/IAP/USB_UART/CH32X035_IAP/User/iap.h
evt-x035-iap,CH32X035,CH32X035/EVT/EXAM/IAP/USB_UART/CH32X035_IAP/User/main.c,3004,103,61e38cff12d043b4348342834f258775de7878ede3168f7336ae225a9ee18cb6,entry,#,single-source,evt:CH32X035/EVT/EXAM/IAP/USB_UART/CH32X035_IAP/User/main.c
evt-x035-iap,CH32X035,CH32X035/EVT/EXAM/IAP/USB_UART/CH32X035_IAP/User/system_ch32x035.c,7227,241,49d86c73bf095ff9b4204241104d356ddfff9f6bdd3a639b1185b701fd98e1b3,startup,#,single-source,evt:CH32X035/EVT/EXAM/IAP/USB_UART/CH32X035_IAP/User/system_ch32x035.c
evt-x035-iap,CH32X035,CH32X035/EVT/EXAM/IAP/USB_UART/CH32X035_IAP/User/system_ch32x035.h,1028,33,3e5a743b7f9b242955b6f75390b40951312db1cbd2ba0f14539dc1d54e905377,startup,#,single-source,evt:CH32X035/EVT/EXAM/IAP/USB_UART/CH32X035_IAP/User/system_ch32x035.h
evt-x035-app,CH32X035,CH32X035/EVT/EXAM/IAP/USB_UART/CH32X035_APP/Ld/Link.ld,3509,167,e3b30e4ee9894c2602e90c54e50234a8741730a4d52aeaa78035e8657c8d65fe,linker,#,single-source,evt:CH32X035/EVT/EXAM/IAP/USB_UART/CH32X035_APP/Ld/Link.ld
evt-x035-app,CH32X035,CH32X035/EVT/EXAM/IAP/USB_UART/CH32X035_APP/User/ch32x035_conf.h,1195,40,96fd6c4823707655fffe5311656276ca8e7adb0a4840a539ad9da14e79fedab4,support,#,single-source,evt:CH32X035/EVT/EXAM/IAP/USB_UART/CH32X035_APP/User/ch32x035_conf.h
evt-x035-app,CH32X035,CH32X035/EVT/EXAM/IAP/USB_UART/CH32X035_APP/User/ch32x035_it.c,1343,47,4b501a6a3959f66f1e4369a58ae91c8d0c8eab0879c07b213843792ada39d17d,support,#,single-source,evt:CH32X035/EVT/EXAM/IAP/USB_UART/CH32X035_APP/User/ch32x035_it.c
evt-x035-app,CH32X035,CH32X035/EVT/EXAM/IAP/USB_UART/CH32X035_APP/User/ch32x035_it.h,740,21,2654442a24fcc239c3c68bba0c988cd8f7be79f90c261eccf5b065fdfb97787c,support,#,single-source,evt:CH32X035/EVT/EXAM/IAP/USB_UART/CH32X035_APP/User/ch32x035_it.h
evt-x035-app,CH32X035,CH32X035/EVT/EXAM/IAP/USB_UART/CH32X035_APP/User/ch32x035_usb.h,23930,536,ef515ab40cefb2f60d365ca61eff894baafd0b93fda618764c630f4e91f4ed8c,usb,#,single-source,evt:CH32X035/EVT/EXAM/IAP/USB_UART/CH32X035_APP/User/ch32x035_usb.h
evt-x035-app,CH32X035,CH32X035/EVT/EXAM/IAP/USB_UART/CH32X035_APP/User/ch32x035_usbfs_device.c,28816,701,c3521cde2ba05c285bbf7466654e79176a3eb208239103e4d86e66e0fc6e640a,usb,#,single-source,evt:CH32X035/EVT/EXAM/IAP/USB_UART/CH32X035_APP/User/ch32x035_usbfs_device.c
evt-x035-app,CH32X035,CH32X035/EVT/EXAM/IAP/USB_UART/CH32X035_APP/User/ch32x035_usbfs_device.h,3831,97,b3b64a75af9a6b199b0b87b3704a5ff06aaea39c56f893b08253ecb5667bea2b,usb,#,single-source,evt:CH32X035/EVT/EXAM/IAP/USB_UART/CH32X035_APP/User/ch32x035_usbfs_device.h
evt-x035-app,CH32X035,CH32X035/EVT/EXAM/IAP/USB_UART/CH32X035_APP/User/iap.c,7617,258,0cbd11689e24409dcb1d55218f1884716b2a82486fd779c3cdd658aa773f30af,protocol,#,single-source,evt:CH32X035/EVT/EXAM/IAP/USB_UART/CH32X035_APP/User/iap.c
evt-x035-app,CH32X035,CH32X035/EVT/EXAM/IAP/USB_UART/CH32X035_APP/User/iap.h,1790,80,86720a7041a1ef78f8c88812867f0f89b0e93c771d5527135ee3a0f11137099e,protocol,#,single-source,evt:CH32X035/EVT/EXAM/IAP/USB_UART/CH32X035_APP/User/iap.h
evt-x035-app,CH32X035,CH32X035/EVT/EXAM/IAP/USB_UART/CH32X035_APP/User/main.c,3889,139,1c7748899cfc239485136360e4c96119d61a6b6714c81f2883c4954dbd5dc0a3,entry,#,single-source,evt:CH32X035/EVT/EXAM/IAP/USB_UART/CH32X035_APP/User/main.c
evt-x035-app,CH32X035,CH32X035/EVT/EXAM/IAP/USB_UART/CH32X035_APP/User/system_ch32x035.c,7293,242,9d0ba46e52b1b47647a2c33de0651c43f613248ce76bb9a021a2790beda1474a,startup,#,single-source,evt:CH32X035/EVT/EXAM/IAP/USB_UART/CH32X035_APP/User/system_ch32x035.c
evt-x035-app,CH32X035,CH32X035/EVT/EXAM/IAP/USB_UART/CH32X035_APP/User/system_ch32x035.h,1028,33,3e5a743b7f9b242955b6f75390b40951312db1cbd2ba0f14539dc1d54e905377,startup,#,single-source,evt:CH32X035/EVT/EXAM/IAP/USB_UART/CH32X035_APP/User/system_ch32x035.h
evt-x315-iap,CH32X315,CH32X315/EVT/EXAM/IAP/USB_UART/CH32X315_IAP/Ld/Link.ld,3595,162,061f3afcc71cbc11e1eaac893bcc0af0cc3e1023b2b37aa441707b2693359c84,linker,#,single-source,evt:CH32X315/EVT/EXAM/IAP/USB_UART/CH32X315_IAP/Ld/Link.ld
evt-x315-iap,CH32X315,CH32X315/EVT/EXAM/IAP/USB_UART/CH32X315_IAP/User/USB/ch32x3x5_usbhs_device.c,24811,600,66da04f253706f3821fb4a6d0d87cd4e9fd1f825b08a7f93cc8653c3646ea7dd,usb,#,single-source,evt:CH32X315/EVT/EXAM/IAP/USB_UART/CH32X315_IAP/User/USB/ch32x3x5_usbhs_device.c
evt-x315-iap,CH32X315,CH32X315/EVT/EXAM/IAP/USB_UART/CH32X315_IAP/User/USB/ch32x3x5_usbhs_device.h,7348,231,d3e31e2985b4a6d4805488ba904abcf7e12f86c5d9e76ff0f7d1ceeeb3b4de26,usb,#,single-source,evt:CH32X315/EVT/EXAM/IAP/USB_UART/CH32X315_IAP/User/USB/ch32x3x5_usbhs_device.h
evt-x315-iap,CH32X315,CH32X315/EVT/EXAM/IAP/USB_UART/CH32X315_IAP/User/USB/usb_desc.c,8625,224,6a15c095f479e17009cdb5fda4b3a3a5de4af7fbea65226ea49a93b50f163b8a,usb,#,single-source,evt:CH32X315/EVT/EXAM/IAP/USB_UART/CH32X315_IAP/User/USB/usb_desc.c
evt-x315-iap,CH32X315,CH32X315/EVT/EXAM/IAP/USB_UART/CH32X315_IAP/User/USB/usb_desc.h,2651,72,4a3d550b3f952979f4bca08d61ee98b009f2d58d70b320226adc7fcf06edc93b,usb,#,single-source,evt:CH32X315/EVT/EXAM/IAP/USB_UART/CH32X315_IAP/User/USB/usb_desc.h
evt-x315-iap,CH32X315,CH32X315/EVT/EXAM/IAP/USB_UART/CH32X315_IAP/User/USB/usb_inf.c,2360,80,1aef78e870ad70c9a37060a205d690d207ccdc0244894c9f83ba7276fcc57a32,usb,#,single-source,evt:CH32X315/EVT/EXAM/IAP/USB_UART/CH32X315_IAP/User/USB/usb_inf.c
evt-x315-iap,CH32X315,CH32X315/EVT/EXAM/IAP/USB_UART/CH32X315_IAP/User/USB/usb_inf.h,1567,41,8dbd9fc78eae6c967f7df0dfc87c9cd3c45344e82d11b6c20ce73e7af60f9c89,usb,#,single-source,evt:CH32X315/EVT/EXAM/IAP/USB_UART/CH32X315_IAP/User/USB/usb_inf.h
evt-x315-iap,CH32X315,CH32X315/EVT/EXAM/IAP/USB_UART/CH32X315_IAP/User/ch32x3x5_conf.h,1297,43,45dc43bd98461048028818c73b8b8c2993e741e4f1192ae30efa92dda0c5cada,support,#,single-source,evt:CH32X315/EVT/EXAM/IAP/USB_UART/CH32X315_IAP/User/ch32x3x5_conf.h
evt-x315-iap,CH32X315,CH32X315/EVT/EXAM/IAP/USB_UART/CH32X315_IAP/User/ch32x3x5_it.c,1336,47,9e875962f50b4b76d7dc42b300e365af040a137bc2da6e89689b09c2df89c933,support,#,single-source,evt:CH32X315/EVT/EXAM/IAP/USB_UART/CH32X315_IAP/User/ch32x3x5_it.c
evt-x315-iap,CH32X315,CH32X315/EVT/EXAM/IAP/USB_UART/CH32X315_IAP/User/ch32x3x5_it.h,757,21,c3d9a066e46c5da74acb63e57ce5857d48a5d3903b4e6656b2b696ac42ae4e69,support,#,single-source,evt:CH32X315/EVT/EXAM/IAP/USB_UART/CH32X315_IAP/User/ch32x3x5_it.h
evt-x315-iap,CH32X315,CH32X315/EVT/EXAM/IAP/USB_UART/CH32X315_IAP/User/flash.c,985,32,c7c445965157b14bc27aebf9d3cfacc0d89806579f9d29dfd1831bef81744628,flash,#,single-source,evt:CH32X315/EVT/EXAM/IAP/USB_UART/CH32X315_IAP/User/flash.c
evt-x315-iap,CH32X315,CH32X315/EVT/EXAM/IAP/USB_UART/CH32X315_IAP/User/flash.h,749,23,257792d83629e3c41ad1be06b9b40c7db1b1fc8b228c697c202fa0ae893f626b,flash,#,single-source,evt:CH32X315/EVT/EXAM/IAP/USB_UART/CH32X315_IAP/User/flash.h
evt-x315-iap,CH32X315,CH32X315/EVT/EXAM/IAP/USB_UART/CH32X315_IAP/User/iap.c,12906,453,4765f8fb248121d75e8f8317cb7d3de0c2613f9ad19b4e64f39fe1f5e9113271,protocol,#,single-source,evt:CH32X315/EVT/EXAM/IAP/USB_UART/CH32X315_IAP/User/iap.c
evt-x315-iap,CH32X315,CH32X315/EVT/EXAM/IAP/USB_UART/CH32X315_IAP/User/iap.h,1831,83,254805235cd789385e6e28aeecd91b59aeae5dcacbb461649765ee09e9ef002f,protocol,#,single-source,evt:CH32X315/EVT/EXAM/IAP/USB_UART/CH32X315_IAP/User/iap.h
evt-x315-iap,CH32X315,CH32X315/EVT/EXAM/IAP/USB_UART/CH32X315_IAP/User/main.c,3099,111,3c9ec802f6610098a604350d56cdb90f0cd6d462033a2f2ed64255c4bc71d57d,entry,#,single-source,evt:CH32X315/EVT/EXAM/IAP/USB_UART/CH32X315_IAP/User/main.c
evt-x315-iap,CH32X315,CH32X315/EVT/EXAM/IAP/USB_UART/CH32X315_IAP/User/system_ch32x3x5.c,30281,909,8f22413e41f4b24763ad69b3edf207475cbe9ac6881eea62f5d017867924e674,startup,#,single-source,evt:CH32X315/EVT/EXAM/IAP/USB_UART/CH32X315_IAP/User/system_ch32x3x5.c
evt-x315-iap,CH32X315,CH32X315/EVT/EXAM/IAP/USB_UART/CH32X315_IAP/User/system_ch32x3x5.h,1222,35,b2af99c18c1fb6993b42864f61e6ba6e1dd3f81ddc672cfaf82dab6283f70123,startup,#,single-source,evt:CH32X315/EVT/EXAM/IAP/USB_UART/CH32X315_IAP/User/system_ch32x3x5.h
evt-x315-app,CH32X315,CH32X315/EVT/EXAM/IAP/USB_UART/CH32X315_APP/Ld/Link.ld,3595,162,5945214ee798b40262ef80b030034beb78a6d6376c26e1e89fec412c4a4469d9,linker,#,single-source,evt:CH32X315/EVT/EXAM/IAP/USB_UART/CH32X315_APP/Ld/Link.ld
evt-x315-app,CH32X315,CH32X315/EVT/EXAM/IAP/USB_UART/CH32X315_APP/User/USB/ch32x3x5_usbhs_device.c,24793,599,6670403809203bb822377962a600899914cf68013f0ac16bedf73902f477840f,usb,#,single-source,evt:CH32X315/EVT/EXAM/IAP/USB_UART/CH32X315_APP/User/USB/ch32x3x5_usbhs_device.c
evt-x315-app,CH32X315,CH32X315/EVT/EXAM/IAP/USB_UART/CH32X315_APP/User/USB/ch32x3x5_usbhs_device.h,7348,231,d3e31e2985b4a6d4805488ba904abcf7e12f86c5d9e76ff0f7d1ceeeb3b4de26,usb,#,single-source,evt:CH32X315/EVT/EXAM/IAP/USB_UART/CH32X315_APP/User/USB/ch32x3x5_usbhs_device.h
evt-x315-app,CH32X315,CH32X315/EVT/EXAM/IAP/USB_UART/CH32X315_APP/User/USB/usb_desc.c,8630,225,890c7a57e91b0bb92aa1cd6815e15f7922ae0b694336e3139d576859cd92632d,usb,#,single-source,evt:CH32X315/EVT/EXAM/IAP/USB_UART/CH32X315_APP/User/USB/usb_desc.c
evt-x315-app,CH32X315,CH32X315/EVT/EXAM/IAP/USB_UART/CH32X315_APP/User/USB/usb_desc.h,2651,72,ab9b14f4f8dba4ab05f7793b71122e0c6e52d669bdac1c68d1c8c6914f1103d9,usb,#,single-source,evt:CH32X315/EVT/EXAM/IAP/USB_UART/CH32X315_APP/User/USB/usb_desc.h
evt-x315-app,CH32X315,CH32X315/EVT/EXAM/IAP/USB_UART/CH32X315_APP/User/USB/usb_inf.c,2394,81,87e6795b60edb5971fe16ef201113dd52cd42824f4021b305a989003f73913d9,usb,#,single-source,evt:CH32X315/EVT/EXAM/IAP/USB_UART/CH32X315_APP/User/USB/usb_inf.c
evt-x315-app,CH32X315,CH32X315/EVT/EXAM/IAP/USB_UART/CH32X315_APP/User/USB/usb_inf.h,1570,41,77285d9ce10f163a9963bfb8d1dcf2447674f1e7f23447282a3e04e3be32e3f0,usb,#,single-source,evt:CH32X315/EVT/EXAM/IAP/USB_UART/CH32X315_APP/User/USB/usb_inf.h
evt-x315-app,CH32X315,CH32X315/EVT/EXAM/IAP/USB_UART/CH32X315_APP/User/ch32x3x5_conf.h,1297,43,45dc43bd98461048028818c73b8b8c2993e741e4f1192ae30efa92dda0c5cada,support,#,single-source,evt:CH32X315/EVT/EXAM/IAP/USB_UART/CH32X315_APP/User/ch32x3x5_conf.h
evt-x315-app,CH32X315,CH32X315/EVT/EXAM/IAP/USB_UART/CH32X315_APP/User/ch32x3x5_it.c,1336,47,9e875962f50b4b76d7dc42b300e365af040a137bc2da6e89689b09c2df89c933,support,#,single-source,evt:CH32X315/EVT/EXAM/IAP/USB_UART/CH32X315_APP/User/ch32x3x5_it.c
evt-x315-app,CH32X315,CH32X315/EVT/EXAM/IAP/USB_UART/CH32X315_APP/User/ch32x3x5_it.h,757,21,c3d9a066e46c5da74acb63e57ce5857d48a5d3903b4e6656b2b696ac42ae4e69,support,#,single-source,evt:CH32X315/EVT/EXAM/IAP/USB_UART/CH32X315_APP/User/ch32x3x5_it.h
evt-x315-app,CH32X315,CH32X315/EVT/EXAM/IAP/USB_UART/CH32X315_APP/User/flash.c,987,32,cc478da3ec39ac6e8c50de68b276d99241bba053c38614f9fa182b7df3472106,flash,#,single-source,evt:CH32X315/EVT/EXAM/IAP/USB_UART/CH32X315_APP/User/flash.c
evt-x315-app,CH32X315,CH32X315/EVT/EXAM/IAP/USB_UART/CH32X315_APP/User/flash.h,749,23,257792d83629e3c41ad1be06b9b40c7db1b1fc8b228c697c202fa0ae893f626b,flash,#,single-source,evt:CH32X315/EVT/EXAM/IAP/USB_UART/CH32X315_APP/User/flash.h
evt-x315-app,CH32X315,CH32X315/EVT/EXAM/IAP/USB_UART/CH32X315_APP/User/iap.c,8949,308,e328a92531a901800a04044a822e75ab600d138681a79c8b432820ba5ddc7ae3,protocol,#,single-source,evt:CH32X315/EVT/EXAM/IAP/USB_UART/CH32X315_APP/User/iap.c
evt-x315-app,CH32X315,CH32X315/EVT/EXAM/IAP/USB_UART/CH32X315_APP/User/iap.h,1831,83,254805235cd789385e6e28aeecd91b59aeae5dcacbb461649765ee09e9ef002f,protocol,#,single-source,evt:CH32X315/EVT/EXAM/IAP/USB_UART/CH32X315_APP/User/iap.h
evt-x315-app,CH32X315,CH32X315/EVT/EXAM/IAP/USB_UART/CH32X315_APP/User/main.c,3256,117,dba1b04fcabb243d64cd1978615cf2f5810e2c9bcaad6480a31799abe6ab2010,entry,#,single-source,evt:CH32X315/EVT/EXAM/IAP/USB_UART/CH32X315_APP/User/main.c
evt-x315-app,CH32X315,CH32X315/EVT/EXAM/IAP/USB_UART/CH32X315_APP/User/system_ch32x3x5.c,30281,909,8f22413e41f4b24763ad69b3edf207475cbe9ac6881eea62f5d017867924e674,startup,#,single-source,evt:CH32X315/EVT/EXAM/IAP/USB_UART/CH32X315_APP/User/system_ch32x3x5.c
evt-x315-app,CH32X315,CH32X315/EVT/EXAM/IAP/USB_UART/CH32X315_APP/User/system_ch32x3x5.h,1222,35,b2af99c18c1fb6993b42864f61e6ba6e1dd3f81ddc672cfaf82dab6283f70123,startup,#,single-source,evt:CH32X315/EVT/EXAM/IAP/USB_UART/CH32X315_APP/User/system_ch32x3x5.h
evt-l103-iap,CH32L103,CH32L103/EVT/EXAM/IAP/USB_UART/CH32L103_IAP/User/USB/ch32l103_usbfs_device.c,24663,568,14ddd9c51da2ffca6cd7834b8e183d3e028759af98cdae873a1579e3060b8a25,usb,#,single-source,evt:CH32L103/EVT/EXAM/IAP/USB_UART/CH32L103_IAP/User/USB/ch32l103_usbfs_device.c
evt-l103-iap,CH32L103,CH32L103/EVT/EXAM/IAP/USB_UART/CH32L103_IAP/User/USB/ch32l103_usbfs_device.h,3413,83,160cc34a6aada9a54766a7dfaf1ba327e9e5287347583d907e11af8ed8e3cd67,usb,#,single-source,evt:CH32L103/EVT/EXAM/IAP/USB_UART/CH32L103_IAP/User/USB/ch32l103_usbfs_device.h
evt-l103-iap,CH32L103,CH32L103/EVT/EXAM/IAP/USB_UART/CH32L103_IAP/User/USB/usb_desc.c,8606,223,8ab27602af53e02642c2c25af4afcda29378840e6797af950fabc487ad047026,usb,#,single-source,evt:CH32L103/EVT/EXAM/IAP/USB_UART/CH32L103_IAP/User/USB/usb_desc.c
evt-l103-iap,CH32L103,CH32L103/EVT/EXAM/IAP/USB_UART/CH32L103_IAP/User/USB/usb_desc.h,2698,74,b5374f8512841cef1ee89a682cf19935486fdc03bc221fae55e6d913c33abaad,usb,#,single-source,evt:CH32L103/EVT/EXAM/IAP/USB_UART/CH32L103_IAP/User/USB/usb_desc.h
evt-l103-iap,CH32L103,CH32L103/EVT/EXAM/IAP/USB_UART/CH32L103_IAP/User/USB/usb_inf.c,3254,110,1790ed8c1d4fb9ccd69841ebba7d8a2deb5ff86a41a30482ae5c7397712e901c,usb,#,single-source,evt:CH32L103/EVT/EXAM/IAP/USB_UART/CH32L103_IAP/User/USB/usb_inf.c
evt-l103-iap,CH32L103,CH32L103/EVT/EXAM/IAP/USB_UART/CH32L103_IAP/User/USB/usb_inf.h,1585,41,1899cdd003861f7476d83c1b21a6ba9bd809cceb0f9a76304e7f324655b9e1ab,usb,#,single-source,evt:CH32L103/EVT/EXAM/IAP/USB_UART/CH32L103_IAP/User/USB/usb_inf.h
evt-l103-iap,CH32L103,CH32L103/EVT/EXAM/IAP/USB_UART/CH32L103_IAP/User/ch32l103_conf.h,1348,40,0279b8185a7a5c8734ad1772d54db1bafa3f8b9f2107f43ff50e222f955d790d,support,#,single-source,evt:CH32L103/EVT/EXAM/IAP/USB_UART/CH32L103_IAP/User/ch32l103_conf.h
evt-l103-iap,CH32L103,CH32L103/EVT/EXAM/IAP/USB_UART/CH32L103_IAP/User/ch32l103_it.c,1361,48,bcb568995d66d4ab8fe8dbb881bcbb529b7daea1682a1e4cd1619c2753182a76,support,#,single-source,evt:CH32L103/EVT/EXAM/IAP/USB_UART/CH32L103_IAP/User/ch32l103_it.c
evt-l103-iap,CH32L103,CH32L103/EVT/EXAM/IAP/USB_UART/CH32L103_IAP/User/ch32l103_it.h,741,18,97bde0c82f5b8850e68a76b14ce2222b9af2ec44744a30d001e74049b6c415e2,support,#,single-source,evt:CH32L103/EVT/EXAM/IAP/USB_UART/CH32L103_IAP/User/ch32l103_it.h
evt-l103-iap,CH32L103,CH32L103/EVT/EXAM/IAP/USB_UART/CH32L103_IAP/User/iap.c,12253,445,0f5fa4efa0a782b8e28eccb830bc6a4c2028d1fe951392f54d0485d3eb0b09d3,protocol,#,single-source,evt:CH32L103/EVT/EXAM/IAP/USB_UART/CH32L103_IAP/User/iap.c
evt-l103-iap,CH32L103,CH32L103/EVT/EXAM/IAP/USB_UART/CH32L103_IAP/User/iap.h,2023,89,06dd795e9ac05fc37538acb37f6393de2f6fbcf4e9920c5efcd3e218b8a39763,protocol,#,single-source,evt:CH32L103/EVT/EXAM/IAP/USB_UART/CH32L103_IAP/User/iap.h
evt-l103-iap,CH32L103,CH32L103/EVT/EXAM/IAP/USB_UART/CH32L103_IAP/User/main.c,2944,105,964ca84aefc6d12bdea6eaf7b34039befd6762e70d77f05184f0c21c8a2b1d5e,entry,#,single-source,evt:CH32L103/EVT/EXAM/IAP/USB_UART/CH32L103_IAP/User/main.c
evt-l103-iap,CH32L103,CH32L103/EVT/EXAM/IAP/USB_UART/CH32L103_IAP/User/system_ch32l103.c,22816,755,049a7db6afcb19b707ed2dc1f093803837e6543ba594c94c0d00ea24c2339752,startup,#,single-source,evt:CH32L103/EVT/EXAM/IAP/USB_UART/CH32L103_IAP/User/system_ch32l103.c
evt-l103-iap,CH32L103,CH32L103/EVT/EXAM/IAP/USB_UART/CH32L103_IAP/User/system_ch32l103.h,1009,30,8bde732da5d432aa94bae3561c44ec5d303e0531bdec2face9a97f13fe03a419,startup,#,single-source,evt:CH32L103/EVT/EXAM/IAP/USB_UART/CH32L103_IAP/User/system_ch32l103.h
evt-l103-app,CH32L103,CH32L103/EVT/EXAM/IAP/USB_UART/CH32L103_APP/Ld/Link.ld,3513,168,f36989c5aabfcb81bf617cf30d16d5651c399576c1bd90b84f991fc3fcc512bb,linker,#,single-source,evt:CH32L103/EVT/EXAM/IAP/USB_UART/CH32L103_APP/Ld/Link.ld
evt-l103-app,CH32L103,CH32L103/EVT/EXAM/IAP/USB_UART/CH32L103_APP/User/USB/ch32l103_usbfs_device.c,21352,564,813bc03331c4c08d4f29e5042cb63044bf3447ec8e4874329324974f0e2bcd9c,usb,#,single-source,evt:CH32L103/EVT/EXAM/IAP/USB_UART/CH32L103_APP/User/USB/ch32l103_usbfs_device.c
evt-l103-app,CH32L103,CH32L103/EVT/EXAM/IAP/USB_UART/CH32L103_APP/User/USB/ch32l103_usbfs_device.h,3413,83,c92e6bfab3c3579e7c1e1aaf08829f580bcef5b27c6ff53095b581878fbfdd87,usb,#,single-source,evt:CH32L103/EVT/EXAM/IAP/USB_UART/CH32L103_APP/User/USB/ch32l103_usbfs_device.h
evt-l103-app,CH32L103,CH32L103/EVT/EXAM/IAP/USB_UART/CH32L103_APP/User/USB/usb_desc.c,8611,223,34bf5b1702e0909e6d74f7f598abe60335ae189e0cf5842126c8889b4bd14492,usb,#,single-source,evt:CH32L103/EVT/EXAM/IAP/USB_UART/CH32L103_APP/User/USB/usb_desc.c
evt-l103-app,CH32L103,CH32L103/EVT/EXAM/IAP/USB_UART/CH32L103_APP/User/USB/usb_desc.h,2698,74,b08a13d20840eb3e0e334b6bbf5007243306f41dad62db56122c43b1dd6b6509,usb,#,single-source,evt:CH32L103/EVT/EXAM/IAP/USB_UART/CH32L103_APP/User/USB/usb_desc.h
evt-l103-app,CH32L103,CH32L103/EVT/EXAM/IAP/USB_UART/CH32L103_APP/User/USB/usb_inf.c,3248,109,3444303a164f9cd9aa0f24fcd8761988e75ecb76fe603d6fc92f35d4ec381841,usb,#,single-source,evt:CH32L103/EVT/EXAM/IAP/USB_UART/CH32L103_APP/User/USB/usb_inf.c
evt-l103-app,CH32L103,CH32L103/EVT/EXAM/IAP/USB_UART/CH32L103_APP/User/USB/usb_inf.h,1585,41,a4a74c3bdfeecde0238517bfd1f3d0c39e9b80074792bebe5c32f3bc95eeb836,usb,#,single-source,evt:CH32L103/EVT/EXAM/IAP/USB_UART/CH32L103_APP/User/USB/usb_inf.h
evt-l103-app,CH32L103,CH32L103/EVT/EXAM/IAP/USB_UART/CH32L103_APP/User/ch32l103_conf.h,1321,39,d3fa80982a5cc044d5d9459d26299c2f591a5239eb33511905cf8e863bc7ea59,support,#,single-source,evt:CH32L103/EVT/EXAM/IAP/USB_UART/CH32L103_APP/User/ch32l103_conf.h
evt-l103-app,CH32L103,CH32L103/EVT/EXAM/IAP/USB_UART/CH32L103_APP/User/ch32l103_it.c,1361,48,bcb568995d66d4ab8fe8dbb881bcbb529b7daea1682a1e4cd1619c2753182a76,support,#,single-source,evt:CH32L103/EVT/EXAM/IAP/USB_UART/CH32L103_APP/User/ch32l103_it.c
evt-l103-app,CH32L103,CH32L103/EVT/EXAM/IAP/USB_UART/CH32L103_APP/User/ch32l103_it.h,741,18,97bde0c82f5b8850e68a76b14ce2222b9af2ec44744a30d001e74049b6c415e2,support,#,single-source,evt:CH32L103/EVT/EXAM/IAP/USB_UART/CH32L103_APP/User/ch32l103_it.h
evt-l103-app,CH32L103,CH32L103/EVT/EXAM/IAP/USB_UART/CH32L103_APP/User/iap.c,7077,231,b993e0fa77c24b96874e3d642f691521f98d455602b70366823d1300da86700d,protocol,#,single-source,evt:CH32L103/EVT/EXAM/IAP/USB_UART/CH32L103_APP/User/iap.c
evt-l103-app,CH32L103,CH32L103/EVT/EXAM/IAP/USB_UART/CH32L103_APP/User/iap.h,1918,85,5fb60b6e13d851e5e9da3c68635de053a65b1b185e30e2c68123a2214c9951ab,protocol,#,single-source,evt:CH32L103/EVT/EXAM/IAP/USB_UART/CH32L103_APP/User/iap.h
evt-l103-app,CH32L103,CH32L103/EVT/EXAM/IAP/USB_UART/CH32L103_APP/User/main.c,3841,136,44b572ac5c1d1604e7f78042eb0a2949382e9434d53c7a02fbe4257186c8dcc4,entry,#,single-source,evt:CH32L103/EVT/EXAM/IAP/USB_UART/CH32L103_APP/User/main.c
evt-l103-app,CH32L103,CH32L103/EVT/EXAM/IAP/USB_UART/CH32L103_APP/User/system_ch32l103.c,22816,755,049a7db6afcb19b707ed2dc1f093803837e6543ba594c94c0d00ea24c2339752,startup,#,single-source,evt:CH32L103/EVT/EXAM/IAP/USB_UART/CH32L103_APP/User/system_ch32l103.c
evt-l103-app,CH32L103,CH32L103/EVT/EXAM/IAP/USB_UART/CH32L103_APP/User/system_ch32l103.h,1009,30,8bde732da5d432aa94bae3561c44ec5d303e0531bdec2face9a97f13fe03a419,startup,#,single-source,evt:CH32L103/EVT/EXAM/IAP/USB_UART/CH32L103_APP/User/system_ch32l103.h
evt-m030-iap,CH32M030,CH32M030/EVT/EXAM/IAP/UART_USB_IAP/CH32M030_IAP/User/ch32m030_conf.h,1214,38,39e7a9e5702fa6d0c9985929d902f2f2b7ac16daca991a08742dea50d6aa30c0,support,#,single-source,evt:CH32M030/EVT/EXAM/IAP/UART_USB_IAP/CH32M030_IAP/User/ch32m030_conf.h
evt-m030-iap,CH32M030,CH32M030/EVT/EXAM/IAP/UART_USB_IAP/CH32M030_IAP/User/ch32m030_it.c,1354,47,ac9c026b0dac8dfd4d6aa6655fb25dd5a542de1973fcf3fb97594d49216079ab,support,#,single-source,evt:CH32M030/EVT/EXAM/IAP/UART_USB_IAP/CH32M030_IAP/User/ch32m030_it.c
evt-m030-iap,CH32M030,CH32M030/EVT/EXAM/IAP/UART_USB_IAP/CH32M030_IAP/User/ch32m030_it.h,762,21,13c9b29bbd50521e2731519ca75c1b5b1f062acf404a9c7a5b99c5912b5e659a,support,#,single-source,evt:CH32M030/EVT/EXAM/IAP/UART_USB_IAP/CH32M030_IAP/User/ch32m030_it.h
evt-m030-iap,CH32M030,CH32M030/EVT/EXAM/IAP/UART_USB_IAP/CH32M030_IAP/User/ch32m030_usbfs_device.c,28295,678,451054cf3537bd40e80e0b18f9025017a924356c5422e029448099165cb37613,usb,#,single-source,evt:CH32M030/EVT/EXAM/IAP/UART_USB_IAP/CH32M030_IAP/User/ch32m030_usbfs_device.c
evt-m030-iap,CH32M030,CH32M030/EVT/EXAM/IAP/UART_USB_IAP/CH32M030_IAP/User/ch32m030_usbfs_device.h,3916,91,76435985ee9abc0b2a37e35d546a50bd1cd890bb9a567edcfe505704fd853f6e,usb,#,single-source,evt:CH32M030/EVT/EXAM/IAP/UART_USB_IAP/CH32M030_IAP/User/ch32m030_usbfs_device.h
evt-m030-iap,CH32M030,CH32M030/EVT/EXAM/IAP/UART_USB_IAP/CH32M030_IAP/User/iap.c,12877,460,47fa0365c80e20662fdbb8abb91722ee85eb3ef9e994ebecb5ca34e0cfea64d3,protocol,#,single-source,evt:CH32M030/EVT/EXAM/IAP/UART_USB_IAP/CH32M030_IAP/User/iap.c
evt-m030-iap,CH32M030,CH32M030/EVT/EXAM/IAP/UART_USB_IAP/CH32M030_IAP/User/iap.h,2024,89,2fffad2011da792e0e4949ba9f45a5dba004db055e25bb31e00ff71a15e497d8,protocol,#,single-source,evt:CH32M030/EVT/EXAM/IAP/UART_USB_IAP/CH32M030_IAP/User/iap.h
evt-m030-iap,CH32M030,CH32M030/EVT/EXAM/IAP/UART_USB_IAP/CH32M030_IAP/User/main.c,2769,98,48b95f66cacd5d53f5ef369ecb8d05ded94dd456e7535f917d80724cbaaaae38,entry,#,single-source,evt:CH32M030/EVT/EXAM/IAP/UART_USB_IAP/CH32M030_IAP/User/main.c
evt-m030-iap,CH32M030,CH32M030/EVT/EXAM/IAP/UART_USB_IAP/CH32M030_IAP/User/system_ch32m030.c,17228,576,95c2ac93ac8df89a35951235f47557b10ac3ec5529ef2e757197909ca751105f,startup,#,single-source,evt:CH32M030/EVT/EXAM/IAP/UART_USB_IAP/CH32M030_IAP/User/system_ch32m030.c
evt-m030-iap,CH32M030,CH32M030/EVT/EXAM/IAP/UART_USB_IAP/CH32M030_IAP/User/system_ch32m030.h,1054,33,f1b2504249fbd1f31276de01400d5862e357ba05247f094c71975b9acf31485a,startup,#,single-source,evt:CH32M030/EVT/EXAM/IAP/UART_USB_IAP/CH32M030_IAP/User/system_ch32m030.h
evt-m030-app,CH32M030,CH32M030/EVT/EXAM/IAP/UART_USB_IAP/CH32M030_APP/Ld/Link.ld,3428,161,3e72cd5285f024991968a65976bcfdd848138daff29c91637d4b459b3affa203,linker,#,single-source,evt:CH32M030/EVT/EXAM/IAP/UART_USB_IAP/CH32M030_APP/Ld/Link.ld
evt-m030-app,CH32M030,CH32M030/EVT/EXAM/IAP/UART_USB_IAP/CH32M030_APP/User/ch32m030_conf.h,1214,38,39e7a9e5702fa6d0c9985929d902f2f2b7ac16daca991a08742dea50d6aa30c0,support,#,single-source,evt:CH32M030/EVT/EXAM/IAP/UART_USB_IAP/CH32M030_APP/User/ch32m030_conf.h
evt-m030-app,CH32M030,CH32M030/EVT/EXAM/IAP/UART_USB_IAP/CH32M030_APP/User/ch32m030_it.c,1354,47,ac9c026b0dac8dfd4d6aa6655fb25dd5a542de1973fcf3fb97594d49216079ab,support,#,single-source,evt:CH32M030/EVT/EXAM/IAP/UART_USB_IAP/CH32M030_APP/User/ch32m030_it.c
evt-m030-app,CH32M030,CH32M030/EVT/EXAM/IAP/UART_USB_IAP/CH32M030_APP/User/ch32m030_it.h,762,21,13c9b29bbd50521e2731519ca75c1b5b1f062acf404a9c7a5b99c5912b5e659a,support,#,single-source,evt:CH32M030/EVT/EXAM/IAP/UART_USB_IAP/CH32M030_APP/User/ch32m030_it.h
evt-m030-app,CH32M030,CH32M030/EVT/EXAM/IAP/UART_USB_IAP/CH32M030_APP/User/ch32m030_usbfs_device.c,28295,678,451054cf3537bd40e80e0b18f9025017a924356c5422e029448099165cb37613,usb,#,single-source,evt:CH32M030/EVT/EXAM/IAP/UART_USB_IAP/CH32M030_APP/User/ch32m030_usbfs_device.c
evt-m030-app,CH32M030,CH32M030/EVT/EXAM/IAP/UART_USB_IAP/CH32M030_APP/User/ch32m030_usbfs_device.h,3916,91,76435985ee9abc0b2a37e35d546a50bd1cd890bb9a567edcfe505704fd853f6e,usb,#,single-source,evt:CH32M030/EVT/EXAM/IAP/UART_USB_IAP/CH32M030_APP/User/ch32m030_usbfs_device.h
evt-m030-app,CH32M030,CH32M030/EVT/EXAM/IAP/UART_USB_IAP/CH32M030_APP/User/iap.c,7628,259,a23e94c9b885717b2457d43b56ceb300c92b204718a7b7ffc6c87314a894588b,protocol,#,single-source,evt:CH32M030/EVT/EXAM/IAP/UART_USB_IAP/CH32M030_APP/User/iap.c
evt-m030-app,CH32M030,CH32M030/EVT/EXAM/IAP/UART_USB_IAP/CH32M030_APP/User/iap.h,1919,85,7ee94ff1b7eaf28396ef651c60a9440333627b02d51dc7a455ad7303bd3bd7ae,protocol,#,single-source,evt:CH32M030/EVT/EXAM/IAP/UART_USB_IAP/CH32M030_APP/User/iap.h
evt-m030-app,CH32M030,CH32M030/EVT/EXAM/IAP/UART_USB_IAP/CH32M030_APP/User/main.c,3356,126,87bdee2187cf97cde52eea4e98098bdb70b1fb445bb0d92c309d13128e9d2bdf,entry,#,single-source,evt:CH32M030/EVT/EXAM/IAP/UART_USB_IAP/CH32M030_APP/User/main.c
evt-m030-app,CH32M030,CH32M030/EVT/EXAM/IAP/UART_USB_IAP/CH32M030_APP/User/system_ch32m030.c,17228,576,95c2ac93ac8df89a35951235f47557b10ac3ec5529ef2e757197909ca751105f,startup,#,single-source,evt:CH32M030/EVT/EXAM/IAP/UART_USB_IAP/CH32M030_APP/User/system_ch32m030.c
evt-m030-app,CH32M030,CH32M030/EVT/EXAM/IAP/UART_USB_IAP/CH32M030_APP/User/system_ch32m030.h,1054,33,f1b2504249fbd1f31276de01400d5862e357ba05247f094c71975b9acf31485a,startup,#,single-source,evt:CH32M030/EVT/EXAM/IAP/UART_USB_IAP/CH32M030_APP/User/system_ch32m030.h
evt-h417-v3f-iap,CH32H417,CH32H417/EVT/EXAM/IAP/USB_UART/CH32H417_IAP/Common/Debug/debug.c,6444,230,10ed6005de20ad092fe211da0d7985220b527dec7f6be73d1df33db364e2a49b,support,#,single-source,evt:CH32H417/EVT/EXAM/IAP/USB_UART/CH32H417_IAP/Common/Debug/debug.c
evt-h417-v3f-iap,CH32H417,CH32H417/EVT/EXAM/IAP/USB_UART/CH32H417_IAP/Common/Debug/debug.h,2147,87,d73af7b80d532c43b75a22144b0f87d7e66a874bf3ad47bdf2f16b54cb983ac1,support,#,single-source,evt:CH32H417/EVT/EXAM/IAP/USB_UART/CH32H417_IAP/Common/Debug/debug.h
evt-h417-v3f-iap,CH32H417,CH32H417/EVT/EXAM/IAP/USB_UART/CH32H417_IAP/Common/Ld/V3F/Link_v3f.ld,5077,210,60fc75114e5b8fd3670f9040dc55db70fa4377f9b689cd665e3af1e79cef994d,linker,#,single-source,evt:CH32H417/EVT/EXAM/IAP/USB_UART/CH32H417_IAP/Common/Ld/V3F/Link_v3f.ld
evt-h417-v3f-iap,CH32H417,CH32H417/EVT/EXAM/IAP/USB_UART/CH32H417_IAP/Common/Ld/V5F/Link_v5f.ld,5119,210,d0170d0db031757bba6e527a59bf9209cfad3cbea583bd78b41cb33d749e467f,linker,#,single-source,evt:CH32H417/EVT/EXAM/IAP/USB_UART/CH32H417_IAP/Common/Ld/V5F/Link_v5f.ld
evt-h417-v3f-iap,CH32H417,CH32H417/EVT/EXAM/IAP/USB_UART/CH32H417_IAP/Common/USB/ch32h417_usbfs_device.c,24947,569,578208d26f8d2ad5abd7e7c070d56ee6389e9e5253041a798eb099227d48262d,usb,#,single-source,evt:CH32H417/EVT/EXAM/IAP/USB_UART/CH32H417_IAP/Common/USB/ch32h417_usbfs_device.c
evt-h417-v3f-iap,CH32H417,CH32H417/EVT/EXAM/IAP/USB_UART/CH32H417_IAP/Common/USB/ch32h417_usbfs_device.h,3413,83,a16013a19536571c1373d7d8ce0b52fb3b8786b9b5167f41de228ef08b09d4fb,usb,#,single-source,evt:CH32H417/EVT/EXAM/IAP/USB_UART/CH32H417_IAP/Common/USB/ch32h417_usbfs_device.h
evt-h417-v3f-iap,CH32H417,CH32H417/EVT/EXAM/IAP/USB_UART/CH32H417_IAP/Common/USB/ch32h417_usbhs_device.c,25205,607,dd10be033ade45a1e8e685cd95caaf85a6a4ec72e5f7a0539a5cbf8a3934379d,usb,#,single-source,evt:CH32H417/EVT/EXAM/IAP/USB_UART/CH32H417_IAP/Common/USB/ch32h417_usbhs_device.c
evt-h417-v3f-iap,CH32H417,CH32H417/EVT/EXAM/IAP/USB_UART/CH32H417_IAP/Common/USB/ch32h417_usbhs_device.h,3587,88,a3999ade8017a4efaecb685a88a82d9ca6597965e44b38e70b5f0c926f325c46,usb,#,single-source,evt:CH32H417/EVT/EXAM/IAP/USB_UART/CH32H417_IAP/Common/USB/ch32h417_usbhs_device.h
evt-h417-v3f-iap,CH32H417,CH32H417/EVT/EXAM/IAP/USB_UART/CH32H417_IAP/Common/USB/usb_desc.c,8629,224,1c2951fe2229136dfa3f1d99ae432085f5b946e4decba683841cebc06c0c4c40,usb,#,single-source,evt:CH32H417/EVT/EXAM/IAP/USB_UART/CH32H417_IAP/Common/USB/usb_desc.c
evt-h417-v3f-iap,CH32H417,CH32H417/EVT/EXAM/IAP/USB_UART/CH32H417_IAP/Common/USB/usb_desc.h,2651,72,620e28acef18e379af9f9e647aa5cd223af591218bd1c46f46acdf377bcd8979,usb,#,single-source,evt:CH32H417/EVT/EXAM/IAP/USB_UART/CH32H417_IAP/Common/USB/usb_desc.h
evt-h417-v3f-iap,CH32H417,CH32H417/EVT/EXAM/IAP/USB_UART/CH32H417_IAP/Common/USB/usb_inf.c,3639,119,ecf13d5140b4de61169d5d45c2c520a082f161c3771fc2c0ce2a1c21fb4c191c,usb,#,single-source,evt:CH32H417/EVT/EXAM/IAP/USB_UART/CH32H417_IAP/Common/USB/usb_inf.c
evt-h417-v3f-iap,CH32H417,CH32H417/EVT/EXAM/IAP/USB_UART/CH32H417_IAP/Common/USB/usb_inf.h,1919,46,98979adef824cf53754296d3b48552f590f5b472fb51739e72c04c0c7143100b,usb,#,single-source,evt:CH32H417/EVT/EXAM/IAP/USB_UART/CH32H417_IAP/Common/USB/usb_inf.h
evt-h417-v3f-iap,CH32H417,CH32H417/EVT/EXAM/IAP/USB_UART/CH32H417_IAP/Common/flash.c,994,32,9ec84c722ed166b201071b651366b75bd9b83e51eb409243142a781d5142e138,flash,#,single-source,evt:CH32H417/EVT/EXAM/IAP/USB_UART/CH32H417_IAP/Common/flash.c
evt-h417-v3f-iap,CH32H417,CH32H417/EVT/EXAM/IAP/USB_UART/CH32H417_IAP/Common/flash.h,754,23,d84a2b5fe388baf8ded995966f96d017c1f0eb856b7965d81d471c90ff103a2b,flash,#,single-source,evt:CH32H417/EVT/EXAM/IAP/USB_UART/CH32H417_IAP/Common/flash.h
evt-h417-v3f-iap,CH32H417,CH32H417/EVT/EXAM/IAP/USB_UART/CH32H417_IAP/Common/hardware.c,2917,105,3e070008fe46bad80c2fdb396b020705ef3df1e71688529af3cf1d6a23260e76,support,#,single-source,evt:CH32H417/EVT/EXAM/IAP/USB_UART/CH32H417_IAP/Common/hardware.c
evt-h417-v3f-iap,CH32H417,CH32H417/EVT/EXAM/IAP/USB_UART/CH32H417_IAP/Common/hardware.h,954,36,cba0d322fecfa2bad0f61aa36727b646d0e958c6d603b8f3c1c640285934953e,support,#,single-source,evt:CH32H417/EVT/EXAM/IAP/USB_UART/CH32H417_IAP/Common/hardware.h
evt-h417-v3f-iap,CH32H417,CH32H417/EVT/EXAM/IAP/USB_UART/CH32H417_IAP/Common/iap.c,13466,474,9d489e68dc73fad4f6795b2425931f471eedb1ed75f49dbcda4312b644cc5c32,protocol,#,single-source,evt:CH32H417/EVT/EXAM/IAP/USB_UART/CH32H417_IAP/Common/iap.c
evt-h417-v3f-iap,CH32H417,CH32H417/EVT/EXAM/IAP/USB_UART/CH32H417_IAP/Common/iap.h,1833,82,6d9226eb89e6dddabeebb6a2e7cba309dfd5bf6f162526f646b50a19f27b2c49,protocol,#,single-source,evt:CH32H417/EVT/EXAM/IAP/USB_UART/CH32H417_IAP/Common/iap.h
evt-h417-v3f-iap,CH32H417,CH32H417/EVT/EXAM/IAP/USB_UART/CH32H417_IAP/V3F/User/ch32h417_conf.h,1886,65,992e14c0f2d5405356918991f8b57e7daf945cb517916858b3cf643e81a13b39,support,#,single-source,evt:CH32H417/EVT/EXAM/IAP/USB_UART/CH32H417_IAP/V3F/User/ch32h417_conf.h
evt-h417-v3f-iap,CH32H417,CH32H417/EVT/EXAM/IAP/USB_UART/CH32H417_IAP/V3F/User/ch32h417_it.c,1686,60,1687c6bebe3b492075ff3ad4e1a3419283e1cbc7ccc9b85db5c9e0cd4464a337,support,#,single-source,evt:CH32H417/EVT/EXAM/IAP/USB_UART/CH32H417_IAP/V3F/User/ch32h417_it.c
evt-h417-v3f-iap,CH32H417,CH32H417/EVT/EXAM/IAP/USB_UART/CH32H417_IAP/V3F/User/ch32h417_it.h,736,21,6d42a4ab1b792cd4e5329a4b14b9f4c30b12fc3dfaf99c8fa006c843238e39fe,support,#,single-source,evt:CH32H417/EVT/EXAM/IAP/USB_UART/CH32H417_IAP/V3F/User/ch32h417_it.h
evt-h417-v3f-iap,CH32H417,CH32H417/EVT/EXAM/IAP/USB_UART/CH32H417_IAP/V3F/User/main.c,1744,67,1809de0b401ccaec798122ecad8b65adec2323df32eac920bb58cebbda9a8726,entry,#,single-source,evt:CH32H417/EVT/EXAM/IAP/USB_UART/CH32H417_IAP/V3F/User/main.c
evt-h417-v3f-iap,CH32H417,CH32H417/EVT/EXAM/IAP/USB_UART/CH32H417_IAP/V3F/User/system_ch32h417.c,25588,786,614720b55a4155b3d494de73e72a49939819d98fb2833019bb6e05513191c683,startup,#,single-source,evt:CH32H417/EVT/EXAM/IAP/USB_UART/CH32H417_IAP/V3F/User/system_ch32h417.c
evt-h417-v3f-iap,CH32H417,CH32H417/EVT/EXAM/IAP/USB_UART/CH32H417_IAP/V3F/User/system_ch32h417.h,1118,35,c24dc9fd5b2ddbd6e7da510f0d19f3087dba1330995348d74599fcc8f3bc839a,startup,#,single-source,evt:CH32H417/EVT/EXAM/IAP/USB_UART/CH32H417_IAP/V3F/User/system_ch32h417.h
evt-h417-v3f-app,CH32H417,CH32H417/EVT/EXAM/IAP/USB_UART/CH32H417_APP/Common/Debug/debug.c,6444,230,10ed6005de20ad092fe211da0d7985220b527dec7f6be73d1df33db364e2a49b,support,#,single-source,evt:CH32H417/EVT/EXAM/IAP/USB_UART/CH32H417_APP/Common/Debug/debug.c
evt-h417-v3f-app,CH32H417,CH32H417/EVT/EXAM/IAP/USB_UART/CH32H417_APP/Common/Debug/debug.h,2147,87,5fc5d2f65480d34fe981acddba0be11e61d9955f62b14b9e8a9ed96d9ea4020a,support,#,single-source,evt:CH32H417/EVT/EXAM/IAP/USB_UART/CH32H417_APP/Common/Debug/debug.h
evt-h417-v3f-app,CH32H417,CH32H417/EVT/EXAM/IAP/USB_UART/CH32H417_APP/Common/Ld/V3F/Link_v3f.ld,5078,210,c4c3e981409bea25cc74bec8451ee721159f4a2913b37d014b0bf89984e9a325,linker,#,single-source,evt:CH32H417/EVT/EXAM/IAP/USB_UART/CH32H417_APP/Common/Ld/V3F/Link_v3f.ld
evt-h417-v3f-app,CH32H417,CH32H417/EVT/EXAM/IAP/USB_UART/CH32H417_APP/Common/Ld/V5F/Link_v5f.ld,5119,210,d0170d0db031757bba6e527a59bf9209cfad3cbea583bd78b41cb33d749e467f,linker,#,single-source,evt:CH32H417/EVT/EXAM/IAP/USB_UART/CH32H417_APP/Common/Ld/V5F/Link_v5f.ld
evt-h417-v3f-app,CH32H417,CH32H417/EVT/EXAM/IAP/USB_UART/CH32H417_APP/Common/USB/ch32h417_usbfs_device.c,21635,565,c3b52ab016357094915e00d1613e02c60d5eb465a7762c4f6e99d8db51cbfee3,usb,#,single-source,evt:CH32H417/EVT/EXAM/IAP/USB_UART/CH32H417_APP/Common/USB/ch32h417_usbfs_device.c
evt-h417-v3f-app,CH32H417,CH32H417/EVT/EXAM/IAP/USB_UART/CH32H417_APP/Common/USB/ch32h417_usbfs_device.h,3413,83,a16013a19536571c1373d7d8ce0b52fb3b8786b9b5167f41de228ef08b09d4fb,usb,#,single-source,evt:CH32H417/EVT/EXAM/IAP/USB_UART/CH32H417_APP/Common/USB/ch32h417_usbfs_device.h
evt-h417-v3f-app,CH32H417,CH32H417/EVT/EXAM/IAP/USB_UART/CH32H417_APP/Common/USB/ch32h417_usbhs_device.c,25223,608,a85d1cae33bf7c7fbb5891ee7e14252995fbe5a6b7471db72f659378f945998e,usb,#,single-source,evt:CH32H417/EVT/EXAM/IAP/USB_UART/CH32H417_APP/Common/USB/ch32h417_usbhs_device.c
evt-h417-v3f-app,CH32H417,CH32H417/EVT/EXAM/IAP/USB_UART/CH32H417_APP/Common/USB/ch32h417_usbhs_device.h,3587,88,a3999ade8017a4efaecb685a88a82d9ca6597965e44b38e70b5f0c926f325c46,usb,#,single-source,evt:CH32H417/EVT/EXAM/IAP/USB_UART/CH32H417_APP/Common/USB/ch32h417_usbhs_device.h
evt-h417-v3f-app,CH32H417,CH32H417/EVT/EXAM/IAP/USB_UART/CH32H417_APP/Common/USB/usb_desc.c,8634,224,3a94721c6f727b0a0384b0d6dfb4d76500c65594e81075652ad096a79027cb79,usb,#,single-source,evt:CH32H417/EVT/EXAM/IAP/USB_UART/CH32H417_APP/Common/USB/usb_desc.c
evt-h417-v3f-app,CH32H417,CH32H417/EVT/EXAM/IAP/USB_UART/CH32H417_APP/Common/USB/usb_desc.h,2651,72,c5e19bd5eec629842e05988a8874e202402c955f796942ec53beaed334ecbdc1,usb,#,single-source,evt:CH32H417/EVT/EXAM/IAP/USB_UART/CH32H417_APP/Common/USB/usb_desc.h
evt-h417-v3f-app,CH32H417,CH32H417/EVT/EXAM/IAP/USB_UART/CH32H417_APP/Common/USB/usb_inf.c,3641,120,ddd5fbe489a6b18773e476e8de9c49da7f7378ac16c1ae079a586243253bed80,usb,#,single-source,evt:CH32H417/EVT/EXAM/IAP/USB_UART/CH32H417_APP/Common/USB/usb_inf.c
evt-h417-v3f-app,CH32H417,CH32H417/EVT/EXAM/IAP/USB_UART/CH32H417_APP/Common/USB/usb_inf.h,1919,46,e628d372048afa7c0cd26227ae6b6edaa3ac5a7bafe19bb111512d6f659bdf47,usb,#,single-source,evt:CH32H417/EVT/EXAM/IAP/USB_UART/CH32H417_APP/Common/USB/usb_inf.h
evt-h417-v3f-app,CH32H417,CH32H417/EVT/EXAM/IAP/USB_UART/CH32H417_APP/Common/flash.c,994,32,9ec84c722ed166b201071b651366b75bd9b83e51eb409243142a781d5142e138,flash,#,single-source,evt:CH32H417/EVT/EXAM/IAP/USB_UART/CH32H417_APP/Common/flash.c
evt-h417-v3f-app,CH32H417,CH32H417/EVT/EXAM/IAP/USB_UART/CH32H417_APP/Common/flash.h,754,23,d84a2b5fe388baf8ded995966f96d017c1f0eb856b7965d81d471c90ff103a2b,flash,#,single-source,evt:CH32H417/EVT/EXAM/IAP/USB_UART/CH32H417_APP/Common/flash.h
evt-h417-v3f-app,CH32H417,CH32H417/EVT/EXAM/IAP/USB_UART/CH32H417_APP/Common/hardware.c,3328,120,6d4ecb5f44d9e0c7bc2b56f385b522fa55a9d25740ef47fa738c145b2e150f36,support,#,single-source,evt:CH32H417/EVT/EXAM/IAP/USB_UART/CH32H417_APP/Common/hardware.c
evt-h417-v3f-app,CH32H417,CH32H417/EVT/EXAM/IAP/USB_UART/CH32H417_APP/Common/hardware.h,958,37,7705985f99227f509378a22ba8fc231874aa3fe075ea77dba029ba1336c604e7,support,#,single-source,evt:CH32H417/EVT/EXAM/IAP/USB_UART/CH32H417_APP/Common/hardware.h
evt-h417-v3f-app,CH32H417,CH32H417/EVT/EXAM/IAP/USB_UART/CH32H417_APP/Common/iap.c,8679,294,6cc66607664dc2e421a54fecb87b0139a807dd1fe2faa48682e30256d5ecf6b2,protocol,#,single-source,evt:CH32H417/EVT/EXAM/IAP/USB_UART/CH32H417_APP/Common/iap.c
evt-h417-v3f-app,CH32H417,CH32H417/EVT/EXAM/IAP/USB_UART/CH32H417_APP/Common/iap.h,1833,82,6d9226eb89e6dddabeebb6a2e7cba309dfd5bf6f162526f646b50a19f27b2c49,protocol,#,single-source,evt:CH32H417/EVT/EXAM/IAP/USB_UART/CH32H417_APP/Common/iap.h
evt-h417-v3f-app,CH32H417,CH32H417/EVT/EXAM/IAP/USB_UART/CH32H417_APP/V3F/User/ch32h417_conf.h,1886,65,992e14c0f2d5405356918991f8b57e7daf945cb517916858b3cf643e81a13b39,support,#,single-source,evt:CH32H417/EVT/EXAM/IAP/USB_UART/CH32H417_APP/V3F/User/ch32h417_conf.h
evt-h417-v3f-app,CH32H417,CH32H417/EVT/EXAM/IAP/USB_UART/CH32H417_APP/V3F/User/ch32h417_it.c,1336,47,da5376c8d02f61f06feff32c78f6af1b6f86836390adbe4d0f66931f260b5acd,support,#,single-source,evt:CH32H417/EVT/EXAM/IAP/USB_UART/CH32H417_APP/V3F/User/ch32h417_it.c
evt-h417-v3f-app,CH32H417,CH32H417/EVT/EXAM/IAP/USB_UART/CH32H417_APP/V3F/User/ch32h417_it.h,736,21,6d42a4ab1b792cd4e5329a4b14b9f4c30b12fc3dfaf99c8fa006c843238e39fe,support,#,single-source,evt:CH32H417/EVT/EXAM/IAP/USB_UART/CH32H417_APP/V3F/User/ch32h417_it.h
evt-h417-v3f-app,CH32H417,CH32H417/EVT/EXAM/IAP/USB_UART/CH32H417_APP/V3F/User/main.c,1744,67,1809de0b401ccaec798122ecad8b65adec2323df32eac920bb58cebbda9a8726,entry,#,single-source,evt:CH32H417/EVT/EXAM/IAP/USB_UART/CH32H417_APP/V3F/User/main.c
evt-h417-v3f-app,CH32H417,CH32H417/EVT/EXAM/IAP/USB_UART/CH32H417_APP/V3F/User/system_ch32h417.c,25588,786,614720b55a4155b3d494de73e72a49939819d98fb2833019bb6e05513191c683,startup,#,single-source,evt:CH32H417/EVT/EXAM/IAP/USB_UART/CH32H417_APP/V3F/User/system_ch32h417.c
evt-h417-v3f-app,CH32H417,CH32H417/EVT/EXAM/IAP/USB_UART/CH32H417_APP/V3F/User/system_ch32h417.h,1118,35,c24dc9fd5b2ddbd6e7da510f0d19f3087dba1330995348d74599fcc8f3bc839a,startup,#,single-source,evt:CH32H417/EVT/EXAM/IAP/USB_UART/CH32H417_APP/V3F/User/system_ch32h417.h
evt-h417-v5f-iap,CH32H417,CH32H417/EVT/EXAM/IAP/USB_UART/CH32H417_IAP/Common/Debug/debug.c,6444,230,10ed6005de20ad092fe211da0d7985220b527dec7f6be73d1df33db364e2a49b,support,#,single-source,evt:CH32H417/EVT/EXAM/IAP/USB_UART/CH32H417_IAP/Common/Debug/debug.c
evt-h417-v5f-iap,CH32H417,CH32H417/EVT/EXAM/IAP/USB_UART/CH32H417_IAP/Common/Debug/debug.h,2147,87,d73af7b80d532c43b75a22144b0f87d7e66a874bf3ad47bdf2f16b54cb983ac1,support,#,single-source,evt:CH32H417/EVT/EXAM/IAP/USB_UART/CH32H417_IAP/Common/Debug/debug.h
evt-h417-v5f-iap,CH32H417,CH32H417/EVT/EXAM/IAP/USB_UART/CH32H417_IAP/Common/Ld/V3F/Link_v3f.ld,5077,210,60fc75114e5b8fd3670f9040dc55db70fa4377f9b689cd665e3af1e79cef994d,linker,#,single-source,evt:CH32H417/EVT/EXAM/IAP/USB_UART/CH32H417_IAP/Common/Ld/V3F/Link_v3f.ld
evt-h417-v5f-iap,CH32H417,CH32H417/EVT/EXAM/IAP/USB_UART/CH32H417_IAP/Common/Ld/V5F/Link_v5f.ld,5119,210,d0170d0db031757bba6e527a59bf9209cfad3cbea583bd78b41cb33d749e467f,linker,#,single-source,evt:CH32H417/EVT/EXAM/IAP/USB_UART/CH32H417_IAP/Common/Ld/V5F/Link_v5f.ld
evt-h417-v5f-iap,CH32H417,CH32H417/EVT/EXAM/IAP/USB_UART/CH32H417_IAP/Common/USB/ch32h417_usbfs_device.c,24947,569,578208d26f8d2ad5abd7e7c070d56ee6389e9e5253041a798eb099227d48262d,usb,#,single-source,evt:CH32H417/EVT/EXAM/IAP/USB_UART/CH32H417_IAP/Common/USB/ch32h417_usbfs_device.c
evt-h417-v5f-iap,CH32H417,CH32H417/EVT/EXAM/IAP/USB_UART/CH32H417_IAP/Common/USB/ch32h417_usbfs_device.h,3413,83,a16013a19536571c1373d7d8ce0b52fb3b8786b9b5167f41de228ef08b09d4fb,usb,#,single-source,evt:CH32H417/EVT/EXAM/IAP/USB_UART/CH32H417_IAP/Common/USB/ch32h417_usbfs_device.h
evt-h417-v5f-iap,CH32H417,CH32H417/EVT/EXAM/IAP/USB_UART/CH32H417_IAP/Common/USB/ch32h417_usbhs_device.c,25205,607,dd10be033ade45a1e8e685cd95caaf85a6a4ec72e5f7a0539a5cbf8a3934379d,usb,#,single-source,evt:CH32H417/EVT/EXAM/IAP/USB_UART/CH32H417_IAP/Common/USB/ch32h417_usbhs_device.c
evt-h417-v5f-iap,CH32H417,CH32H417/EVT/EXAM/IAP/USB_UART/CH32H417_IAP/Common/USB/ch32h417_usbhs_device.h,3587,88,a3999ade8017a4efaecb685a88a82d9ca6597965e44b38e70b5f0c926f325c46,usb,#,single-source,evt:CH32H417/EVT/EXAM/IAP/USB_UART/CH32H417_IAP/Common/USB/ch32h417_usbhs_device.h
evt-h417-v5f-iap,CH32H417,CH32H417/EVT/EXAM/IAP/USB_UART/CH32H417_IAP/Common/USB/usb_desc.c,8629,224,1c2951fe2229136dfa3f1d99ae432085f5b946e4decba683841cebc06c0c4c40,usb,#,single-source,evt:CH32H417/EVT/EXAM/IAP/USB_UART/CH32H417_IAP/Common/USB/usb_desc.c
evt-h417-v5f-iap,CH32H417,CH32H417/EVT/EXAM/IAP/USB_UART/CH32H417_IAP/Common/USB/usb_desc.h,2651,72,620e28acef18e379af9f9e647aa5cd223af591218bd1c46f46acdf377bcd8979,usb,#,single-source,evt:CH32H417/EVT/EXAM/IAP/USB_UART/CH32H417_IAP/Common/USB/usb_desc.h
evt-h417-v5f-iap,CH32H417,CH32H417/EVT/EXAM/IAP/USB_UART/CH32H417_IAP/Common/USB/usb_inf.c,3639,119,ecf13d5140b4de61169d5d45c2c520a082f161c3771fc2c0ce2a1c21fb4c191c,usb,#,single-source,evt:CH32H417/EVT/EXAM/IAP/USB_UART/CH32H417_IAP/Common/USB/usb_inf.c
evt-h417-v5f-iap,CH32H417,CH32H417/EVT/EXAM/IAP/USB_UART/CH32H417_IAP/Common/USB/usb_inf.h,1919,46,98979adef824cf53754296d3b48552f590f5b472fb51739e72c04c0c7143100b,usb,#,single-source,evt:CH32H417/EVT/EXAM/IAP/USB_UART/CH32H417_IAP/Common/USB/usb_inf.h
evt-h417-v5f-iap,CH32H417,CH32H417/EVT/EXAM/IAP/USB_UART/CH32H417_IAP/Common/flash.c,994,32,9ec84c722ed166b201071b651366b75bd9b83e51eb409243142a781d5142e138,flash,#,single-source,evt:CH32H417/EVT/EXAM/IAP/USB_UART/CH32H417_IAP/Common/flash.c
evt-h417-v5f-iap,CH32H417,CH32H417/EVT/EXAM/IAP/USB_UART/CH32H417_IAP/Common/flash.h,754,23,d84a2b5fe388baf8ded995966f96d017c1f0eb856b7965d81d471c90ff103a2b,flash,#,single-source,evt:CH32H417/EVT/EXAM/IAP/USB_UART/CH32H417_IAP/Common/flash.h
evt-h417-v5f-iap,CH32H417,CH32H417/EVT/EXAM/IAP/USB_UART/CH32H417_IAP/Common/hardware.c,2917,105,3e070008fe46bad80c2fdb396b020705ef3df1e71688529af3cf1d6a23260e76,support,#,single-source,evt:CH32H417/EVT/EXAM/IAP/USB_UART/CH32H417_IAP/Common/hardware.c
evt-h417-v5f-iap,CH32H417,CH32H417/EVT/EXAM/IAP/USB_UART/CH32H417_IAP/Common/hardware.h,954,36,cba0d322fecfa2bad0f61aa36727b646d0e958c6d603b8f3c1c640285934953e,support,#,single-source,evt:CH32H417/EVT/EXAM/IAP/USB_UART/CH32H417_IAP/Common/hardware.h
evt-h417-v5f-iap,CH32H417,CH32H417/EVT/EXAM/IAP/USB_UART/CH32H417_IAP/Common/iap.c,13466,474,9d489e68dc73fad4f6795b2425931f471eedb1ed75f49dbcda4312b644cc5c32,protocol,#,single-source,evt:CH32H417/EVT/EXAM/IAP/USB_UART/CH32H417_IAP/Common/iap.c
evt-h417-v5f-iap,CH32H417,CH32H417/EVT/EXAM/IAP/USB_UART/CH32H417_IAP/Common/iap.h,1833,82,6d9226eb89e6dddabeebb6a2e7cba309dfd5bf6f162526f646b50a19f27b2c49,protocol,#,single-source,evt:CH32H417/EVT/EXAM/IAP/USB_UART/CH32H417_IAP/Common/iap.h
evt-h417-v5f-iap,CH32H417,CH32H417/EVT/EXAM/IAP/USB_UART/CH32H417_IAP/V5F/User/ch32h417_conf.h,1886,65,992e14c0f2d5405356918991f8b57e7daf945cb517916858b3cf643e81a13b39,support,#,single-source,evt:CH32H417/EVT/EXAM/IAP/USB_UART/CH32H417_IAP/V5F/User/ch32h417_conf.h
evt-h417-v5f-iap,CH32H417,CH32H417/EVT/EXAM/IAP/USB_UART/CH32H417_IAP/V5F/User/ch32h417_it.c,1336,47,da5376c8d02f61f06feff32c78f6af1b6f86836390adbe4d0f66931f260b5acd,support,#,single-source,evt:CH32H417/EVT/EXAM/IAP/USB_UART/CH32H417_IAP/V5F/User/ch32h417_it.c
evt-h417-v5f-iap,CH32H417,CH32H417/EVT/EXAM/IAP/USB_UART/CH32H417_IAP/V5F/User/ch32h417_it.h,736,21,6d42a4ab1b792cd4e5329a4b14b9f4c30b12fc3dfaf99c8fa006c843238e39fe,support,#,single-source,evt:CH32H417/EVT/EXAM/IAP/USB_UART/CH32H417_IAP/V5F/User/ch32h417_it.h
evt-h417-v5f-iap,CH32H417,CH32H417/EVT/EXAM/IAP/USB_UART/CH32H417_IAP/V5F/User/main.c,1255,51,44ba98e78275b1b9bb4fc75b0737ca81df832efa2096a52a2a77edfedd16819f,entry,#,single-source,evt:CH32H417/EVT/EXAM/IAP/USB_UART/CH32H417_IAP/V5F/User/main.c
evt-h417-v5f-iap,CH32H417,CH32H417/EVT/EXAM/IAP/USB_UART/CH32H417_IAP/V5F/User/system_ch32h417.c,4505,140,52bd26579e085d1b4d5bb398f193c58261adb8acdf7ac4f1f277109aaa6d31c1,startup,#,single-source,evt:CH32H417/EVT/EXAM/IAP/USB_UART/CH32H417_IAP/V5F/User/system_ch32h417.c
evt-h417-v5f-iap,CH32H417,CH32H417/EVT/EXAM/IAP/USB_UART/CH32H417_IAP/V5F/User/system_ch32h417.h,1117,35,509a309f93321d2128aa2047ee99bd3f3f6a3feb672a7a8e1abe9236e5b6e241,startup,#,single-source,evt:CH32H417/EVT/EXAM/IAP/USB_UART/CH32H417_IAP/V5F/User/system_ch32h417.h
evt-h417-v5f-app,CH32H417,CH32H417/EVT/EXAM/IAP/USB_UART/CH32H417_APP/Common/Debug/debug.c,6444,230,10ed6005de20ad092fe211da0d7985220b527dec7f6be73d1df33db364e2a49b,support,#,single-source,evt:CH32H417/EVT/EXAM/IAP/USB_UART/CH32H417_APP/Common/Debug/debug.c
evt-h417-v5f-app,CH32H417,CH32H417/EVT/EXAM/IAP/USB_UART/CH32H417_APP/Common/Debug/debug.h,2147,87,5fc5d2f65480d34fe981acddba0be11e61d9955f62b14b9e8a9ed96d9ea4020a,support,#,single-source,evt:CH32H417/EVT/EXAM/IAP/USB_UART/CH32H417_APP/Common/Debug/debug.h
evt-h417-v5f-app,CH32H417,CH32H417/EVT/EXAM/IAP/USB_UART/CH32H417_APP/Common/Ld/V3F/Link_v3f.ld,5078,210,c4c3e981409bea25cc74bec8451ee721159f4a2913b37d014b0bf89984e9a325,linker,#,single-source,evt:CH32H417/EVT/EXAM/IAP/USB_UART/CH32H417_APP/Common/Ld/V3F/Link_v3f.ld
evt-h417-v5f-app,CH32H417,CH32H417/EVT/EXAM/IAP/USB_UART/CH32H417_APP/Common/Ld/V5F/Link_v5f.ld,5119,210,d0170d0db031757bba6e527a59bf9209cfad3cbea583bd78b41cb33d749e467f,linker,#,single-source,evt:CH32H417/EVT/EXAM/IAP/USB_UART/CH32H417_APP/Common/Ld/V5F/Link_v5f.ld
evt-h417-v5f-app,CH32H417,CH32H417/EVT/EXAM/IAP/USB_UART/CH32H417_APP/Common/USB/ch32h417_usbfs_device.c,21635,565,c3b52ab016357094915e00d1613e02c60d5eb465a7762c4f6e99d8db51cbfee3,usb,#,single-source,evt:CH32H417/EVT/EXAM/IAP/USB_UART/CH32H417_APP/Common/USB/ch32h417_usbfs_device.c
evt-h417-v5f-app,CH32H417,CH32H417/EVT/EXAM/IAP/USB_UART/CH32H417_APP/Common/USB/ch32h417_usbfs_device.h,3413,83,a16013a19536571c1373d7d8ce0b52fb3b8786b9b5167f41de228ef08b09d4fb,usb,#,single-source,evt:CH32H417/EVT/EXAM/IAP/USB_UART/CH32H417_APP/Common/USB/ch32h417_usbfs_device.h
evt-h417-v5f-app,CH32H417,CH32H417/EVT/EXAM/IAP/USB_UART/CH32H417_APP/Common/USB/ch32h417_usbhs_device.c,25223,608,a85d1cae33bf7c7fbb5891ee7e14252995fbe5a6b7471db72f659378f945998e,usb,#,single-source,evt:CH32H417/EVT/EXAM/IAP/USB_UART/CH32H417_APP/Common/USB/ch32h417_usbhs_device.c
evt-h417-v5f-app,CH32H417,CH32H417/EVT/EXAM/IAP/USB_UART/CH32H417_APP/Common/USB/ch32h417_usbhs_device.h,3587,88,a3999ade8017a4efaecb685a88a82d9ca6597965e44b38e70b5f0c926f325c46,usb,#,single-source,evt:CH32H417/EVT/EXAM/IAP/USB_UART/CH32H417_APP/Common/USB/ch32h417_usbhs_device.h
evt-h417-v5f-app,CH32H417,CH32H417/EVT/EXAM/IAP/USB_UART/CH32H417_APP/Common/USB/usb_desc.c,8634,224,3a94721c6f727b0a0384b0d6dfb4d76500c65594e81075652ad096a79027cb79,usb,#,single-source,evt:CH32H417/EVT/EXAM/IAP/USB_UART/CH32H417_APP/Common/USB/usb_desc.c
evt-h417-v5f-app,CH32H417,CH32H417/EVT/EXAM/IAP/USB_UART/CH32H417_APP/Common/USB/usb_desc.h,2651,72,c5e19bd5eec629842e05988a8874e202402c955f796942ec53beaed334ecbdc1,usb,#,single-source,evt:CH32H417/EVT/EXAM/IAP/USB_UART/CH32H417_APP/Common/USB/usb_desc.h
evt-h417-v5f-app,CH32H417,CH32H417/EVT/EXAM/IAP/USB_UART/CH32H417_APP/Common/USB/usb_inf.c,3641,120,ddd5fbe489a6b18773e476e8de9c49da7f7378ac16c1ae079a586243253bed80,usb,#,single-source,evt:CH32H417/EVT/EXAM/IAP/USB_UART/CH32H417_APP/Common/USB/usb_inf.c
evt-h417-v5f-app,CH32H417,CH32H417/EVT/EXAM/IAP/USB_UART/CH32H417_APP/Common/USB/usb_inf.h,1919,46,e628d372048afa7c0cd26227ae6b6edaa3ac5a7bafe19bb111512d6f659bdf47,usb,#,single-source,evt:CH32H417/EVT/EXAM/IAP/USB_UART/CH32H417_APP/Common/USB/usb_inf.h
evt-h417-v5f-app,CH32H417,CH32H417/EVT/EXAM/IAP/USB_UART/CH32H417_APP/Common/flash.c,994,32,9ec84c722ed166b201071b651366b75bd9b83e51eb409243142a781d5142e138,flash,#,single-source,evt:CH32H417/EVT/EXAM/IAP/USB_UART/CH32H417_APP/Common/flash.c
evt-h417-v5f-app,CH32H417,CH32H417/EVT/EXAM/IAP/USB_UART/CH32H417_APP/Common/flash.h,754,23,d84a2b5fe388baf8ded995966f96d017c1f0eb856b7965d81d471c90ff103a2b,flash,#,single-source,evt:CH32H417/EVT/EXAM/IAP/USB_UART/CH32H417_APP/Common/flash.h
evt-h417-v5f-app,CH32H417,CH32H417/EVT/EXAM/IAP/USB_UART/CH32H417_APP/Common/hardware.c,3328,120,6d4ecb5f44d9e0c7bc2b56f385b522fa55a9d25740ef47fa738c145b2e150f36,support,#,single-source,evt:CH32H417/EVT/EXAM/IAP/USB_UART/CH32H417_APP/Common/hardware.c
evt-h417-v5f-app,CH32H417,CH32H417/EVT/EXAM/IAP/USB_UART/CH32H417_APP/Common/hardware.h,958,37,7705985f99227f509378a22ba8fc231874aa3fe075ea77dba029ba1336c604e7,support,#,single-source,evt:CH32H417/EVT/EXAM/IAP/USB_UART/CH32H417_APP/Common/hardware.h
evt-h417-v5f-app,CH32H417,CH32H417/EVT/EXAM/IAP/USB_UART/CH32H417_APP/Common/iap.c,8679,294,6cc66607664dc2e421a54fecb87b0139a807dd1fe2faa48682e30256d5ecf6b2,protocol,#,single-source,evt:CH32H417/EVT/EXAM/IAP/USB_UART/CH32H417_APP/Common/iap.c
evt-h417-v5f-app,CH32H417,CH32H417/EVT/EXAM/IAP/USB_UART/CH32H417_APP/Common/iap.h,1833,82,6d9226eb89e6dddabeebb6a2e7cba309dfd5bf6f162526f646b50a19f27b2c49,protocol,#,single-source,evt:CH32H417/EVT/EXAM/IAP/USB_UART/CH32H417_APP/Common/iap.h
evt-h417-v5f-app,CH32H417,CH32H417/EVT/EXAM/IAP/USB_UART/CH32H417_APP/V5F/User/ch32h417_conf.h,1886,65,992e14c0f2d5405356918991f8b57e7daf945cb517916858b3cf643e81a13b39,support,#,single-source,evt:CH32H417/EVT/EXAM/IAP/USB_UART/CH32H417_APP/V5F/User/ch32h417_conf.h
evt-h417-v5f-app,CH32H417,CH32H417/EVT/EXAM/IAP/USB_UART/CH32H417_APP/V5F/User/ch32h417_it.c,1336,47,da5376c8d02f61f06feff32c78f6af1b6f86836390adbe4d0f66931f260b5acd,support,#,single-source,evt:CH32H417/EVT/EXAM/IAP/USB_UART/CH32H417_APP/V5F/User/ch32h417_it.c
evt-h417-v5f-app,CH32H417,CH32H417/EVT/EXAM/IAP/USB_UART/CH32H417_APP/V5F/User/ch32h417_it.h,736,21,6d42a4ab1b792cd4e5329a4b14b9f4c30b12fc3dfaf99c8fa006c843238e39fe,support,#,single-source,evt:CH32H417/EVT/EXAM/IAP/USB_UART/CH32H417_APP/V5F/User/ch32h417_it.h
evt-h417-v5f-app,CH32H417,CH32H417/EVT/EXAM/IAP/USB_UART/CH32H417_APP/V5F/User/main.c,1271,53,2b1ed8168b27c2503d344b7ace36e1bc55301c51a71a1f9f9bb2d8a0d5d1b5be,entry,#,single-source,evt:CH32H417/EVT/EXAM/IAP/USB_UART/CH32H417_APP/V5F/User/main.c
evt-h417-v5f-app,CH32H417,CH32H417/EVT/EXAM/IAP/USB_UART/CH32H417_APP/V5F/User/system_ch32h417.c,4505,140,52bd26579e085d1b4d5bb398f193c58261adb8acdf7ac4f1f277109aaa6d31c1,startup,#,single-source,evt:CH32H417/EVT/EXAM/IAP/USB_UART/CH32H417_APP/V5F/User/system_ch32h417.c
evt-h417-v5f-app,CH32H417,CH32H417/EVT/EXAM/IAP/USB_UART/CH32H417_APP/V5F/User/system_ch32h417.h,1117,35,509a309f93321d2128aa2047ee99bd3f3f6a3feb672a7a8e1abe9236e5b6e241,startup,#,single-source,evt:CH32H417/EVT/EXAM/IAP/USB_UART/CH32H417_APP/V5F/User/system_ch32h417.h
oss-rv003usb-bl,rv003usb,rv003usb/bootloader/bootloader.c,15043,491,a8c9779a1c91f226f4629158cca2a7b3efbf1d1b22b4ef45a344ac2cb8952a71,support,#,single-source,oss:rv003usb/bootloader/bootloader.c
oss-rv003usb-bl,rv003usb,rv003usb/bootloader/ch32v003fun-usb-bootloader.ld,3541,167,7df0cfa87a8d66040e21d50fdc1748b40ccce18b1d37a900c7de088d94c2303c,linker,#,single-source,oss:rv003usb/bootloader/ch32v003fun-usb-bootloader.ld
oss-rv003usb-bl,rv003usb,rv003usb/bootloader/configurebootloader/configurebootloader.c,3173,88,5dd3d9f279aacf080d5034d8c3eb919dede9b175c107b5550e7adf78235ecab7,support,#,single-source,oss:rv003usb/bootloader/configurebootloader/configurebootloader.c
oss-rv003usb-bl,rv003usb,rv003usb/bootloader/configurebootloader/funconfig.h,110,9,a9992189634bbcae21201209c14341fdb94db90b502988af7e43c4d287e61a3b,support,#,single-source,oss:rv003usb/bootloader/configurebootloader/funconfig.h
oss-rv003usb-bl,rv003usb,rv003usb/bootloader/funconfig.h,155,10,9650aa100d15eb22d6fcec6e0624a968631fd7f142fa97e2348cf2d792c85791,support,#,single-source,oss:rv003usb/bootloader/funconfig.h
oss-rv003usb-bl,rv003usb,rv003usb/bootloader/testblink/busbflash.c,1334,65,2aa54d349a27f1e8453a53c5e0b795058a8cd85171eb7c40dbc0f2ac40876366,flash,#,single-source,oss:rv003usb/bootloader/testblink/busbflash.c
oss-rv003usb-bl,rv003usb,rv003usb/bootloader/testblink/funconfig.h,155,10,9650aa100d15eb22d6fcec6e0624a968631fd7f142fa97e2348cf2d792c85791,support,#,single-source,oss:rv003usb/bootloader/testblink/funconfig.h
oss-rv003usb-bl,rv003usb,rv003usb/bootloader/testblink/scratchpad.ld,1174,76,9b1753d1e6e4402f3579b68dc81668421e1b9e223708eaf8e4b6f551bac86cae,linker,#,single-source,oss:rv003usb/bootloader/testblink/scratchpad.ld
oss-rv003usb-bl,rv003usb,rv003usb/bootloader/testblink/testblink.c,295,18,5b758ddba7773bb5e2a565a673d34b6b431c9c0bf55f298b790ad9a49bbc1940,support,#,single-source,oss:rv003usb/bootloader/testblink/testblink.c
oss-rv003usb-bl,rv003usb,rv003usb/bootloader/testtop/testtop.c,1305,59,471064b87572267040ca19baaf33c7508149649f645a100ada0131e2e9282915,support,#,single-source,oss:rv003usb/bootloader/testtop/testtop.c
oss-rv003usb-bl,rv003usb,rv003usb/bootloader/usb_config.h,4868,162,0788e4879d097f3b7b232513c171189a50c3715b8642f9f43cdbe9d3607c6d2e,usb,#,single-source,oss:rv003usb/bootloader/usb_config.h
oss-ch32fun-bl,ch32fun,ch32fun/examples_usb/bootloader/bootloader.c,8267,284,9ded1f3d6822f45bcd8cd142afb2e7bcca1088789c7edf3b7555e76d4ed0bd28,support,#,single-source,oss:ch32fun/examples_usb/bootloader/bootloader.c
oss-ch32fun-bl,ch32fun,ch32fun/examples_usb/bootloader/ch32x035-usb-bootloader.ld,3269,156,a15008402071311b62b23029a4e4b1f6fc45b2dbb2067e0ffa2215a300ec6cfc,linker,#,single-source,oss:ch32fun/examples_usb/bootloader/ch32x035-usb-bootloader.ld
oss-ch32fun-bl,ch32fun,ch32fun/examples_usb/bootloader/ch570-usb-bootloader.ld,3511,171,c7acf68b96fc3655275ad3a83422a54a83187fbb4777d8f5583569bff6cbc75f,linker,#,single-source,oss:ch32fun/examples_usb/bootloader/ch570-usb-bootloader.ld
oss-ch32fun-bl,ch32fun,ch32fun/examples_usb/bootloader/funconfig.h,777,27,9c9873d60eae0904413f3acbba0d1d97d575c2a16a4e1d84591ca8524aa77c9f,support,#,single-source,oss:ch32fun/examples_usb/bootloader/funconfig.h
oss-ch32fun-bl,ch32fun,ch32fun/examples_usb/bootloader/usb_config.h,5940,182,8c9d379d5abf4097034549eea4deb8e2926733ff1bc0a584d761eca67dfbb992,usb,#,single-source,oss:ch32fun/examples_usb/bootloader/usb_config.h
oss-uiap-flasher,ch32_user_bootloader_flasher,ch32_user_bootloader_flasher/binary_addition.S,213,9,175a11673c9ba4ee5d8544c1071ef086ed76146e0f8ce6b58c338789800104d3,support,#,single-source,oss:ch32_user_bootloader_flasher/binary_addition.S
oss-uiap-flasher,ch32_user_bootloader_flasher,ch32_user_bootloader_flasher/flasher.c,9480,345,3e3062b79a0adb9b7afc6c26f63767232ea0d5c81ec44733c98261f11abc720a,flash,#,single-source,oss:ch32_user_bootloader_flasher/flasher.c
oss-uiap-flasher,ch32_user_bootloader_flasher,ch32_user_bootloader_flasher/funconfig.h,154,9,d2c8b1e6ac3b1e68d62f7460b062972f02d66aed587d429f0f2ba750e4f02e7d,support,#,single-source,oss:ch32_user_bootloader_flasher/funconfig.h
oss-uiap-flasher,ch32_user_bootloader_flasher,ch32_user_bootloader_flasher/swio.h,4098,186,479fc1cbc25e726d1ef02b10f110458ea9eb4b7b78deb555bcc215b808414c9d,support,#,single-source,oss:ch32_user_bootloader_flasher/swio.h
oss-uiap-flasher,ch32_user_bootloader_flasher,ch32_user_bootloader_flasher/usb_config.h,5009,157,0e70baba80ad83d29cef2ca931dfe605af6d454e9468b499dec02991ec457595,usb,#,single-source,oss:ch32_user_bootloader_flasher/usb_config.h
oss-uiap-flasher,ch32_user_bootloader_flasher,ch32_user_bootloader_flasher/v003_flash.c,4406,177,acfd7572e84a5b87109584928364d2ce30c2e7521a2ded669008b64da409a0eb,flash,#,single-source,oss:ch32_user_bootloader_flasher/v003_flash.c
oss-uiap-flasher,ch32_user_bootloader_flasher,ch32_user_bootloader_flasher/v003_flash.h,506,23,dde8d92f26117c3a7784fa802762c0b3b683cf85d21e646182733966c11c3843,flash,#,single-source,oss:ch32_user_bootloader_flasher/v003_flash.h
