project_id,file,line,name,value_expr,#,confidence,basis
hostiap-h417-fs,CH32H417/EVT/EXAM/USBFS/HOST/HOST_IAP/HOST_IAP/Common/Host_IAP/usb_host_iap.h,30,DEF_CORE_RV,0x01,#,single-source,evt:CH32H417/EVT/EXAM/USBFS/HOST/HOST_IAP/HOST_IAP/Common/Host_IAP/usb_host_iap.h(L30)
hostiap-h417-fs,CH32H417/EVT/EXAM/USBFS/HOST/HOST_IAP/HOST_IAP/Common/Host_IAP/usb_host_iap.h,31,DEF_CORE_CM3,0x10,#,single-source,evt:CH32H417/EVT/EXAM/USBFS/HOST/HOST_IAP/HOST_IAP/Common/Host_IAP/usb_host_iap.h(L31)
hostiap-h417-fs,CH32H417/EVT/EXAM/USBFS/HOST/HOST_IAP/HOST_IAP/Common/Host_IAP/usb_host_iap.h,32,DEF_CORE_TYPE,DEF_CORE_RV,#,single-source,evt:CH32H417/EVT/EXAM/USBFS/HOST/HOST_IAP/HOST_IAP/Common/Host_IAP/usb_host_iap.h(L32)
hostiap-h417-fs,CH32H417/EVT/EXAM/USBFS/HOST/HOST_IAP/HOST_IAP/Common/Host_IAP/usb_host_iap.h,35,DEF_IAP_FILE_NAME,"""/APP.BIN""",#,single-source,evt:CH32H417/EVT/EXAM/USBFS/HOST/HOST_IAP/HOST_IAP/Common/Host_IAP/usb_host_iap.h(L35)
hostiap-h417-fs,CH32H417/EVT/EXAM/USBFS/HOST/HOST_IAP/HOST_IAP/Common/Host_IAP/usb_host_iap.h,38,DEF_IAP_SUCCESS,0x00,#,single-source,evt:CH32H417/EVT/EXAM/USBFS/HOST/HOST_IAP/HOST_IAP/Common/Host_IAP/usb_host_iap.h(L38)
hostiap-h417-fs,CH32H417/EVT/EXAM/USBFS/HOST/HOST_IAP/HOST_IAP/Common/Host_IAP/usb_host_iap.h,39,DEF_IAP_DEFAULT,0xFF,#,single-source,evt:CH32H417/EVT/EXAM/USBFS/HOST/HOST_IAP/HOST_IAP/Common/Host_IAP/usb_host_iap.h(L39)
hostiap-h417-fs,CH32H417/EVT/EXAM/USBFS/HOST/HOST_IAP/HOST_IAP/Common/Host_IAP/usb_host_iap.h,40,DEF_IAP_ERR_DETECT,0xF1,#,single-source,evt:CH32H417/EVT/EXAM/USBFS/HOST/HOST_IAP/HOST_IAP/Common/Host_IAP/usb_host_iap.h(L40)
hostiap-h417-fs,CH32H417/EVT/EXAM/USBFS/HOST/HOST_IAP/HOST_IAP/Common/Host_IAP/usb_host_iap.h,41,DEF_IAP_ERR_ENUM,0xF2,#,single-source,evt:CH32H417/EVT/EXAM/USBFS/HOST/HOST_IAP/HOST_IAP/Common/Host_IAP/usb_host_iap.h(L41)
hostiap-h417-fs,CH32H417/EVT/EXAM/USBFS/HOST/HOST_IAP/HOST_IAP/Common/Host_IAP/usb_host_iap.h,42,DEF_IAP_ERR_FILE,0xF3,#,single-source,evt:CH32H417/EVT/EXAM/USBFS/HOST/HOST_IAP/HOST_IAP/Common/Host_IAP/usb_host_iap.h(L42)
hostiap-h417-fs,CH32H417/EVT/EXAM/USBFS/HOST/HOST_IAP/HOST_IAP/Common/Host_IAP/usb_host_iap.h,43,DEF_IAP_ERR_FLASH,0xF4,#,single-source,evt:CH32H417/EVT/EXAM/USBFS/HOST/HOST_IAP/HOST_IAP/Common/Host_IAP/usb_host_iap.h(L43)
hostiap-h417-fs,CH32H417/EVT/EXAM/USBFS/HOST/HOST_IAP/HOST_IAP/Common/Host_IAP/usb_host_iap.h,44,DEF_IAP_ERR_VERIFY,0xF5,#,single-source,evt:CH32H417/EVT/EXAM/USBFS/HOST/HOST_IAP/HOST_IAP/Common/Host_IAP/usb_host_iap.h(L44)
hostiap-h417-fs,CH32H417/EVT/EXAM/USBFS/HOST/HOST_IAP/HOST_IAP/Common/Host_IAP/usb_host_iap.h,45,DEF_IAP_ERR_LENGTH,0xF6,#,single-source,evt:CH32H417/EVT/EXAM/USBFS/HOST/HOST_IAP/HOST_IAP/Common/Host_IAP/usb_host_iap.h(L45)
hostiap-h417-fs,CH32H417/EVT/EXAM/USBFS/HOST/HOST_IAP/HOST_IAP/Common/Host_IAP/usb_host_iap.h,48,DEF_MAX_IAP_BUFFER_LEN,8192,#,single-source,evt:CH32H417/EVT/EXAM/USBFS/HOST/HOST_IAP/HOST_IAP/Common/Host_IAP/usb_host_iap.h(L48)
hostiap-h417-fs,CH32H417/EVT/EXAM/USBFS/HOST/HOST_IAP/HOST_IAP/Common/Host_IAP/usb_host_iap.h,51,DEF_FLASH_PAGE_SIZE,0x100,#,single-source,evt:CH32H417/EVT/EXAM/USBFS/HOST/HOST_IAP/HOST_IAP/Common/Host_IAP/usb_host_iap.h(L51)
hostiap-h417-fs,CH32H417/EVT/EXAM/USBFS/HOST/HOST_IAP/HOST_IAP/Common/Host_IAP/usb_host_iap.h,52,DEF_FLASH_SECTOR_SIZE,8192,#,single-source,evt:CH32H417/EVT/EXAM/USBFS/HOST/HOST_IAP/HOST_IAP/Common/Host_IAP/usb_host_iap.h(L52)
hostiap-h417-fs,CH32H417/EVT/EXAM/USBFS/HOST/HOST_IAP/HOST_IAP/Common/Host_IAP/usb_host_iap.h,55,DEF_APP_CODE_START_ADDR,0x0800C000,#,single-source,evt:CH32H417/EVT/EXAM/USBFS/HOST/HOST_IAP/HOST_IAP/Common/Host_IAP/usb_host_iap.h(L55)
hostiap-h417-fs,CH32H417/EVT/EXAM/USBFS/HOST/HOST_IAP/HOST_IAP/Common/Host_IAP/usb_host_iap.h,56,DEF_APP_CODE_END_ADDR,0x08077FFF,#,single-source,evt:CH32H417/EVT/EXAM/USBFS/HOST/HOST_IAP/HOST_IAP/Common/Host_IAP/usb_host_iap.h(L56)
hostiap-h417-fs,CH32H417/EVT/EXAM/USBFS/HOST/HOST_IAP/HOST_IAP/Common/Host_IAP/usb_host_iap.h,58,DEF_APP_CODE_MAXLEN,(DEF_APP_CODE_END_ADDR - DEF_APP_CODE_START_ADDR + 1),#,single-source,evt:CH32H417/EVT/EXAM/USBFS/HOST/HOST_IAP/HOST_IAP/Common/Host_IAP/usb_host_iap.h(L58)
hostiap-h417-fs,CH32H417/EVT/EXAM/USBFS/HOST/HOST_IAP/HOST_IAP/Common/Host_IAP/usb_host_iap.h,61,DEF_VERIFY_CODE_START_ADDR,(DEF_APP_CODE_START_ADDR - DEF_FLASH_SECTOR_SIZE),#,single-source,evt:CH32H417/EVT/EXAM/USBFS/HOST/HOST_IAP/HOST_IAP/Common/Host_IAP/usb_host_iap.h(L61)
hostiap-h417-fs,CH32H417/EVT/EXAM/USBFS/HOST/HOST_IAP/HOST_IAP/Common/Host_IAP/usb_host_iap.h,62,DEF_VERIFY_CODE_END_ADDR,(DEF_APP_CODE_START_ADDR - 1),#,single-source,evt:CH32H417/EVT/EXAM/USBFS/HOST/HOST_IAP/HOST_IAP/Common/Host_IAP/usb_host_iap.h(L62)
hostiap-h417-fs,CH32H417/EVT/EXAM/USBFS/HOST/HOST_IAP/HOST_IAP/Common/Host_IAP/usb_host_iap.h,63,DEF_VERIFY_CODE_MAXLEN,(DEF_VERIFY_CODE_END_ADDR - DEF_VERIFY_CODE_START_ADDR),#,single-source,evt:CH32H417/EVT/EXAM/USBFS/HOST/HOST_IAP/HOST_IAP/Common/Host_IAP/usb_host_iap.h(L63)
hostiap-h417-fs,CH32H417/EVT/EXAM/USBFS/HOST/HOST_IAP/HOST_IAP/Common/Host_IAP/usb_host_iap.h,64,DEF_VERIFY_CODE_LEN,0x10,#,single-source,evt:CH32H417/EVT/EXAM/USBFS/HOST/HOST_IAP/HOST_IAP/Common/Host_IAP/usb_host_iap.h(L64)
hostiap-h417-fs,CH32H417/EVT/EXAM/USBFS/HOST/HOST_IAP/HOST_IAP/Common/Host_IAP/usb_host_iap.h,67,DEF_FLASH_OPERATION_KEY_CODE_0,0x1A86FF00,#,single-source,evt:CH32H417/EVT/EXAM/USBFS/HOST/HOST_IAP/HOST_IAP/Common/Host_IAP/usb_host_iap.h(L67)
hostiap-h417-fs,CH32H417/EVT/EXAM/USBFS/HOST/HOST_IAP/HOST_IAP/Common/Host_IAP/usb_host_iap.h,68,DEF_FLASH_OPERATION_KEY_CODE_1,0x55AA55AA,#,single-source,evt:CH32H417/EVT/EXAM/USBFS/HOST/HOST_IAP/HOST_IAP/Common/Host_IAP/usb_host_iap.h(L68)
hostiap-h417-fs,CH32H417/EVT/EXAM/USBFS/HOST/HOST_IAP/HOST_IAP/Common/USB_Host/ch32h417_usbfs_host.h,30,pUSBFS_SetupRequest,( (PUSB_SETUP_REQ)USBFS_TX_Buf ),#,single-source,evt:CH32H417/EVT/EXAM/USBFS/HOST/HOST_IAP/HOST_IAP/Common/USB_Host/ch32h417_usbfs_host.h(L30)
hostiap-h417-fs,CH32H417/EVT/EXAM/USBFS/HOST/HOST_IAP/HOST_IAP/Common/USB_Host/ch32h417_usbfs_host.h,34,USBFS_MAX_PACKET_SIZE,64,#,single-source,evt:CH32H417/EVT/EXAM/USBFS/HOST/HOST_IAP/HOST_IAP/Common/USB_Host/ch32h417_usbfs_host.h(L34)
hostiap-h417-fs,CH32H417/EVT/EXAM/USBFS/HOST/HOST_IAP/HOST_IAP/Common/USB_Host/ch32h417_usbfs_host.h,88,USBFS_RX_Buf,RxBuffer,#,single-source,evt:CH32H417/EVT/EXAM/USBFS/HOST/HOST_IAP/HOST_IAP/Common/USB_Host/ch32h417_usbfs_host.h(L88)
hostiap-h417-fs,CH32H417/EVT/EXAM/USBFS/HOST/HOST_IAP/HOST_IAP/Common/USB_Host/ch32h417_usbfs_host.h,89,USBFS_TX_Buf,TxBuffer,#,single-source,evt:CH32H417/EVT/EXAM/USBFS/HOST/HOST_IAP/HOST_IAP/Common/USB_Host/ch32h417_usbfs_host.h(L89)
hostiap-h417-fs,CH32H417/EVT/EXAM/USBFS/HOST/HOST_IAP/HOST_IAP/Common/USB_Host/usb_host_config.h,31,DEF_TOTAL_ROOT_HUB,1,#,single-source,evt:CH32H417/EVT/EXAM/USBFS/HOST/HOST_IAP/HOST_IAP/Common/USB_Host/usb_host_config.h(L31)
hostiap-h417-fs,CH32H417/EVT/EXAM/USBFS/HOST/HOST_IAP/HOST_IAP/Common/USB_Host/usb_host_config.h,32,DEF_USB_PORT_FS_EN,1,#,single-source,evt:CH32H417/EVT/EXAM/USBFS/HOST/HOST_IAP/HOST_IAP/Common/USB_Host/usb_host_config.h(L32)
hostiap-h417-fs,CH32H417/EVT/EXAM/USBFS/HOST/HOST_IAP/HOST_IAP/Common/USB_Host/usb_host_config.h,33,DEF_USB_PORT_FS,0x00,#,single-source,evt:CH32H417/EVT/EXAM/USBFS/HOST/HOST_IAP/HOST_IAP/Common/USB_Host/usb_host_config.h(L33)
hostiap-h417-fs,CH32H417/EVT/EXAM/USBFS/HOST/HOST_IAP/HOST_IAP/Common/USB_Host/usb_host_config.h,36,ROOT_DEV_DISCONNECT,0,#,single-source,evt:CH32H417/EVT/EXAM/USBFS/HOST/HOST_IAP/HOST_IAP/Common/USB_Host/usb_host_config.h(L36)
hostiap-h417-fs,CH32H417/EVT/EXAM/USBFS/HOST/HOST_IAP/HOST_IAP/Common/USB_Host/usb_host_config.h,37,ROOT_DEV_CONNECTED,1,#,single-source,evt:CH32H417/EVT/EXAM/USBFS/HOST/HOST_IAP/HOST_IAP/Common/USB_Host/usb_host_config.h(L37)
hostiap-h417-fs,CH32H417/EVT/EXAM/USBFS/HOST/HOST_IAP/HOST_IAP/Common/USB_Host/usb_host_config.h,38,ROOT_DEV_FAILED,2,#,single-source,evt:CH32H417/EVT/EXAM/USBFS/HOST/HOST_IAP/HOST_IAP/Common/USB_Host/usb_host_config.h(L38)
hostiap-h417-fs,CH32H417/EVT/EXAM/USBFS/HOST/HOST_IAP/HOST_IAP/Common/USB_Host/usb_host_config.h,39,ROOT_DEV_SUCCESS,3,#,single-source,evt:CH32H417/EVT/EXAM/USBFS/HOST/HOST_IAP/HOST_IAP/Common/USB_Host/usb_host_config.h(L39)
hostiap-h417-fs,CH32H417/EVT/EXAM/USBFS/HOST/HOST_IAP/HOST_IAP/Common/USB_Host/usb_host_config.h,42,USB_DEVICE_ADDR,0x02,#,single-source,evt:CH32H417/EVT/EXAM/USBFS/HOST/HOST_IAP/HOST_IAP/Common/USB_Host/usb_host_config.h(L42)
hostiap-h417-fs,CH32H417/EVT/EXAM/USBFS/HOST/HOST_IAP/HOST_IAP/Common/USB_Host/usb_host_config.h,45,USB_LOW_SPEED,0x00,#,single-source,evt:CH32H417/EVT/EXAM/USBFS/HOST/HOST_IAP/HOST_IAP/Common/USB_Host/usb_host_config.h(L45)
hostiap-h417-fs,CH32H417/EVT/EXAM/USBFS/HOST/HOST_IAP/HOST_IAP/Common/USB_Host/usb_host_config.h,46,USB_FULL_SPEED,0x01,#,single-source,evt:CH32H417/EVT/EXAM/USBFS/HOST/HOST_IAP/HOST_IAP/Common/USB_Host/usb_host_config.h(L46)
hostiap-h417-fs,CH32H417/EVT/EXAM/USBFS/HOST/HOST_IAP/HOST_IAP/Common/USB_Host/usb_host_config.h,47,USB_HIGH_SPEED,0x02,#,single-source,evt:CH32H417/EVT/EXAM/USBFS/HOST/HOST_IAP/HOST_IAP/Common/USB_Host/usb_host_config.h(L47)
hostiap-h417-fs,CH32H417/EVT/EXAM/USBFS/HOST/HOST_IAP/HOST_IAP/Common/USB_Host/usb_host_config.h,48,USB_SPEED_CHECK_ERR,0xFF,#,single-source,evt:CH32H417/EVT/EXAM/USBFS/HOST/HOST_IAP/HOST_IAP/Common/USB_Host/usb_host_config.h(L48)
hostiap-h417-fs,CH32H417/EVT/EXAM/USBFS/HOST/HOST_IAP/HOST_IAP/Common/USB_Host/usb_host_config.h,51,DEF_DECR_CONFIG,0x02,#,single-source,evt:CH32H417/EVT/EXAM/USBFS/HOST/HOST_IAP/HOST_IAP/Common/USB_Host/usb_host_config.h(L51)
hostiap-h417-fs,CH32H417/EVT/EXAM/USBFS/HOST/HOST_IAP/HOST_IAP/Common/USB_Host/usb_host_config.h,52,DEF_DECR_INTERFACE,0x04,#,single-source,evt:CH32H417/EVT/EXAM/USBFS/HOST/HOST_IAP/HOST_IAP/Common/USB_Host/usb_host_config.h(L52)
hostiap-h417-fs,CH32H417/EVT/EXAM/USBFS/HOST/HOST_IAP/HOST_IAP/Common/USB_Host/usb_host_config.h,53,DEF_DECR_ENDPOINT,0x05,#,single-source,evt:CH32H417/EVT/EXAM/USBFS/HOST/HOST_IAP/HOST_IAP/Common/USB_Host/usb_host_config.h(L53)
hostiap-h417-fs,CH32H417/EVT/EXAM/USBFS/HOST/HOST_IAP/HOST_IAP/Common/USB_Host/usb_host_config.h,54,DEF_DECR_HID,0x21,#,single-source,evt:CH32H417/EVT/EXAM/USBFS/HOST/HOST_IAP/HOST_IAP/Common/USB_Host/usb_host_config.h(L54)
hostiap-h417-fs,CH32H417/EVT/EXAM/USBFS/HOST/HOST_IAP/HOST_IAP/Common/USB_Host/usb_host_config.h,57,ERR_SUCCESS,0x00,#,single-source,evt:CH32H417/EVT/EXAM/USBFS/HOST/HOST_IAP/HOST_IAP/Common/USB_Host/usb_host_config.h(L57)
hostiap-h417-fs,CH32H417/EVT/EXAM/USBFS/HOST/HOST_IAP/HOST_IAP/Common/USB_Host/usb_host_config.h,58,ERR_USB_CONNECT,0x15,#,single-source,evt:CH32H417/EVT/EXAM/USBFS/HOST/HOST_IAP/HOST_IAP/Common/USB_Host/usb_host_config.h(L58)
hostiap-h417-fs,CH32H417/EVT/EXAM/USBFS/HOST/HOST_IAP/HOST_IAP/Common/USB_Host/usb_host_config.h,59,ERR_USB_DISCON,0x16,#,single-source,evt:CH32H417/EVT/EXAM/USBFS/HOST/HOST_IAP/HOST_IAP/Common/USB_Host/usb_host_config.h(L59)
hostiap-h417-fs,CH32H417/EVT/EXAM/USBFS/HOST/HOST_IAP/HOST_IAP/Common/USB_Host/usb_host_config.h,60,ERR_USB_BUF_OVER,0x17,#,single-source,evt:CH32H417/EVT/EXAM/USBFS/HOST/HOST_IAP/HOST_IAP/Common/USB_Host/usb_host_config.h(L60)
hostiap-h417-fs,CH32H417/EVT/EXAM/USBFS/HOST/HOST_IAP/HOST_IAP/Common/USB_Host/usb_host_config.h,61,ERR_USB_DISK_ERR,0x1F,#,single-source,evt:CH32H417/EVT/EXAM/USBFS/HOST/HOST_IAP/HOST_IAP/Common/USB_Host/usb_host_config.h(L61)
hostiap-h417-fs,CH32H417/EVT/EXAM/USBFS/HOST/HOST_IAP/HOST_IAP/Common/USB_Host/usb_host_config.h,62,ERR_USB_TRANSFER,0x20,#,single-source,evt:CH32H417/EVT/EXAM/USBFS/HOST/HOST_IAP/HOST_IAP/Common/USB_Host/usb_host_config.h(L62)
hostiap-h417-fs,CH32H417/EVT/EXAM/USBFS/HOST/HOST_IAP/HOST_IAP/Common/USB_Host/usb_host_config.h,63,ERR_USB_UNSUPPORT,0xFB,#,single-source,evt:CH32H417/EVT/EXAM/USBFS/HOST/HOST_IAP/HOST_IAP/Common/USB_Host/usb_host_config.h(L63)
hostiap-h417-fs,CH32H417/EVT/EXAM/USBFS/HOST/HOST_IAP/HOST_IAP/Common/USB_Host/usb_host_config.h,64,ERR_USB_UNAVAILABLE,0xFC,#,single-source,evt:CH32H417/EVT/EXAM/USBFS/HOST/HOST_IAP/HOST_IAP/Common/USB_Host/usb_host_config.h(L64)
hostiap-h417-fs,CH32H417/EVT/EXAM/USBFS/HOST/HOST_IAP/HOST_IAP/Common/USB_Host/usb_host_config.h,65,ERR_USB_UNKNOWN,0xFE,#,single-source,evt:CH32H417/EVT/EXAM/USBFS/HOST/HOST_IAP/HOST_IAP/Common/USB_Host/usb_host_config.h(L65)
hostiap-h417-fs,CH32H417/EVT/EXAM/USBFS/HOST/HOST_IAP/HOST_IAP/Common/USB_Host/usb_host_config.h,68,DEF_DEV_DESCR_GETFAIL,0x45,#,single-source,evt:CH32H417/EVT/EXAM/USBFS/HOST/HOST_IAP/HOST_IAP/Common/USB_Host/usb_host_config.h(L68)
hostiap-h417-fs,CH32H417/EVT/EXAM/USBFS/HOST/HOST_IAP/HOST_IAP/Common/USB_Host/usb_host_config.h,69,DEF_DEV_ADDR_SETFAIL,0x46,#,single-source,evt:CH32H417/EVT/EXAM/USBFS/HOST/HOST_IAP/HOST_IAP/Common/USB_Host/usb_host_config.h(L69)
hostiap-h417-fs,CH32H417/EVT/EXAM/USBFS/HOST/HOST_IAP/HOST_IAP/Common/USB_Host/usb_host_config.h,70,DEF_CFG_DESCR_GETFAIL,0x47,#,single-source,evt:CH32H417/EVT/EXAM/USBFS/HOST/HOST_IAP/HOST_IAP/Common/USB_Host/usb_host_config.h(L70)
hostiap-h417-fs,CH32H417/EVT/EXAM/USBFS/HOST/HOST_IAP/HOST_IAP/Common/USB_Host/usb_host_config.h,71,DEF_REP_DESCR_GETFAIL,0x48,#,single-source,evt:CH32H417/EVT/EXAM/USBFS/HOST/HOST_IAP/HOST_IAP/Common/USB_Host/usb_host_config.h(L71)
hostiap-h417-fs,CH32H417/EVT/EXAM/USBFS/HOST/HOST_IAP/HOST_IAP/Common/USB_Host/usb_host_config.h,72,DEF_CFG_VALUE_SETFAIL,0x49,#,single-source,evt:CH32H417/EVT/EXAM/USBFS/HOST/HOST_IAP/HOST_IAP/Common/USB_Host/usb_host_config.h(L72)
hostiap-h417-fs,CH32H417/EVT/EXAM/USBFS/HOST/HOST_IAP/HOST_IAP/Common/USB_Host/usb_host_config.h,73,DEF_DEV_TYPE_UNKNOWN,0xFF,#,single-source,evt:CH32H417/EVT/EXAM/USBFS/HOST/HOST_IAP/HOST_IAP/Common/USB_Host/usb_host_config.h(L73)
hostiap-h417-fs,CH32H417/EVT/EXAM/USBFS/HOST/HOST_IAP/HOST_IAP/Common/USB_Host/usb_host_config.h,76,DEF_BUS_RESET_TIME,11,#,single-source,evt:CH32H417/EVT/EXAM/USBFS/HOST/HOST_IAP/HOST_IAP/Common/USB_Host/usb_host_config.h(L76)
hostiap-h417-fs,CH32H417/EVT/EXAM/USBFS/HOST/HOST_IAP/HOST_IAP/Common/USB_Host/usb_host_config.h,77,DEF_RE_ATTACH_TIMEOUT,100,#,single-source,evt:CH32H417/EVT/EXAM/USBFS/HOST/HOST_IAP/HOST_IAP/Common/USB_Host/usb_host_config.h(L77)
hostiap-h417-fs,CH32H417/EVT/EXAM/USBFS/HOST/HOST_IAP/HOST_IAP/Common/USB_Host/usb_host_config.h,78,DEF_WAIT_USB_TRANSFER_CNT,1000,#,single-source,evt:CH32H417/EVT/EXAM/USBFS/HOST/HOST_IAP/HOST_IAP/Common/USB_Host/usb_host_config.h(L78)
hostiap-h417-fs,CH32H417/EVT/EXAM/USBFS/HOST/HOST_IAP/HOST_IAP/Common/USB_Host/usb_host_config.h,79,DEF_CTRL_TRANS_TIMEOVER_CNT,60000,#,single-source,evt:CH32H417/EVT/EXAM/USBFS/HOST/HOST_IAP/HOST_IAP/Common/USB_Host/usb_host_config.h(L79)
hostiap-h417-fs,CH32H417/EVT/EXAM/USBFS/HOST/HOST_IAP/HOST_IAP/Common/USB_Host/usb_host_config.h,82,DEF_ONE_USB_SUP_DEV_TOTAL,1,#,single-source,evt:CH32H417/EVT/EXAM/USBFS/HOST/HOST_IAP/HOST_IAP/Common/USB_Host/usb_host_config.h(L82)
hostiap-h417-fs,CH32H417/EVT/EXAM/USBFS/HOST/HOST_IAP/HOST_IAP/Common/USB_Host/usb_host_config.h,83,DEF_NEXT_HUB_PORT_NUM_MAX,4,#,single-source,evt:CH32H417/EVT/EXAM/USBFS/HOST/HOST_IAP/HOST_IAP/Common/USB_Host/usb_host_config.h(L83)
hostiap-h417-fs,CH32H417/EVT/EXAM/USBFS/HOST/HOST_IAP/HOST_IAP/Common/USB_Host/usb_host_config.h,84,DEF_INTERFACE_NUM_MAX,4,#,single-source,evt:CH32H417/EVT/EXAM/USBFS/HOST/HOST_IAP/HOST_IAP/Common/USB_Host/usb_host_config.h(L84)
hostiap-h417-fs,CH32H417/EVT/EXAM/USBFS/HOST/HOST_IAP/HOST_IAP/Common/USB_Host/usb_host_config.h,85,DEF_COM_BUF_LEN,255,#,single-source,evt:CH32H417/EVT/EXAM/USBFS/HOST/HOST_IAP/HOST_IAP/Common/USB_Host/usb_host_config.h(L85)
hostiap-h417-fs,CH32H417/EVT/EXAM/USBFS/HOST/HOST_IAP/HOST_IAP/Common/USB_Host/usb_host_config.h,88,DEF_DEBUG_PRINTF,1,#,single-source,evt:CH32H417/EVT/EXAM/USBFS/HOST/HOST_IAP/HOST_IAP/Common/USB_Host/usb_host_config.h(L88)
hostiap-h417-fs,CH32H417/EVT/EXAM/USBFS/HOST/HOST_IAP/HOST_IAP/V3F/User/system_ch32h417.c,20,SYSCLK_400M_CoreCLK_V5F_400M_V3F_100M_HSE,400000000,#,single-source,evt:CH32H417/EVT/EXAM/USBFS/HOST/HOST_IAP/HOST_IAP/V3F/User/system_ch32h417.c(L20)
hostiap-h417-hs,CH32H417/EVT/EXAM/USBHS/HOST/HOST_IAP/HOST_IAP/Common/Host_IAP/usb_host_iap.h,30,DEF_CORE_RV,0x01,#,single-source,evt:CH32H417/EVT/EXAM/USBHS/HOST/HOST_IAP/HOST_IAP/Common/Host_IAP/usb_host_iap.h(L30)
hostiap-h417-hs,CH32H417/EVT/EXAM/USBHS/HOST/HOST_IAP/HOST_IAP/Common/Host_IAP/usb_host_iap.h,31,DEF_CORE_CM3,0x10,#,single-source,evt:CH32H417/EVT/EXAM/USBHS/HOST/HOST_IAP/HOST_IAP/Common/Host_IAP/usb_host_iap.h(L31)
hostiap-h417-hs,CH32H417/EVT/EXAM/USBHS/HOST/HOST_IAP/HOST_IAP/Common/Host_IAP/usb_host_iap.h,32,DEF_CORE_TYPE,DEF_CORE_RV,#,single-source,evt:CH32H417/EVT/EXAM/USBHS/HOST/HOST_IAP/HOST_IAP/Common/Host_IAP/usb_host_iap.h(L32)
hostiap-h417-hs,CH32H417/EVT/EXAM/USBHS/HOST/HOST_IAP/HOST_IAP/Common/Host_IAP/usb_host_iap.h,35,DEF_IAP_FILE_NAME,"""/APP.BIN""",#,single-source,evt:CH32H417/EVT/EXAM/USBHS/HOST/HOST_IAP/HOST_IAP/Common/Host_IAP/usb_host_iap.h(L35)
hostiap-h417-hs,CH32H417/EVT/EXAM/USBHS/HOST/HOST_IAP/HOST_IAP/Common/Host_IAP/usb_host_iap.h,38,DEF_IAP_SUCCESS,0x00,#,single-source,evt:CH32H417/EVT/EXAM/USBHS/HOST/HOST_IAP/HOST_IAP/Common/Host_IAP/usb_host_iap.h(L38)
hostiap-h417-hs,CH32H417/EVT/EXAM/USBHS/HOST/HOST_IAP/HOST_IAP/Common/Host_IAP/usb_host_iap.h,39,DEF_IAP_DEFAULT,0xFF,#,single-source,evt:CH32H417/EVT/EXAM/USBHS/HOST/HOST_IAP/HOST_IAP/Common/Host_IAP/usb_host_iap.h(L39)
hostiap-h417-hs,CH32H417/EVT/EXAM/USBHS/HOST/HOST_IAP/HOST_IAP/Common/Host_IAP/usb_host_iap.h,40,DEF_IAP_ERR_DETECT,0xF1,#,single-source,evt:CH32H417/EVT/EXAM/USBHS/HOST/HOST_IAP/HOST_IAP/Common/Host_IAP/usb_host_iap.h(L40)
hostiap-h417-hs,CH32H417/EVT/EXAM/USBHS/HOST/HOST_IAP/HOST_IAP/Common/Host_IAP/usb_host_iap.h,41,DEF_IAP_ERR_ENUM,0xF2,#,single-source,evt:CH32H417/EVT/EXAM/USBHS/HOST/HOST_IAP/HOST_IAP/Common/Host_IAP/usb_host_iap.h(L41)
hostiap-h417-hs,CH32H417/EVT/EXAM/USBHS/HOST/HOST_IAP/HOST_IAP/Common/Host_IAP/usb_host_iap.h,42,DEF_IAP_ERR_FILE,0xF3,#,single-source,evt:CH32H417/EVT/EXAM/USBHS/HOST/HOST_IAP/HOST_IAP/Common/Host_IAP/usb_host_iap.h(L42)
hostiap-h417-hs,CH32H417/EVT/EXAM/USBHS/HOST/HOST_IAP/HOST_IAP/Common/Host_IAP/usb_host_iap.h,43,DEF_IAP_ERR_FLASH,0xF4,#,single-source,evt:CH32H417/EVT/EXAM/USBHS/HOST/HOST_IAP/HOST_IAP/Common/Host_IAP/usb_host_iap.h(L43)
hostiap-h417-hs,CH32H417/EVT/EXAM/USBHS/HOST/HOST_IAP/HOST_IAP/Common/Host_IAP/usb_host_iap.h,44,DEF_IAP_ERR_VERIFY,0xF5,#,single-source,evt:CH32H417/EVT/EXAM/USBHS/HOST/HOST_IAP/HOST_IAP/Common/Host_IAP/usb_host_iap.h(L44)
hostiap-h417-hs,CH32H417/EVT/EXAM/USBHS/HOST/HOST_IAP/HOST_IAP/Common/Host_IAP/usb_host_iap.h,45,DEF_IAP_ERR_LENGTH,0xF6,#,single-source,evt:CH32H417/EVT/EXAM/USBHS/HOST/HOST_IAP/HOST_IAP/Common/Host_IAP/usb_host_iap.h(L45)
hostiap-h417-hs,CH32H417/EVT/EXAM/USBHS/HOST/HOST_IAP/HOST_IAP/Common/Host_IAP/usb_host_iap.h,48,DEF_MAX_IAP_BUFFER_LEN,8192,#,single-source,evt:CH32H417/EVT/EXAM/USBHS/HOST/HOST_IAP/HOST_IAP/Common/Host_IAP/usb_host_iap.h(L48)
hostiap-h417-hs,CH32H417/EVT/EXAM/USBHS/HOST/HOST_IAP/HOST_IAP/Common/Host_IAP/usb_host_iap.h,51,DEF_FLASH_PAGE_SIZE,0x100,#,single-source,evt:CH32H417/EVT/EXAM/USBHS/HOST/HOST_IAP/HOST_IAP/Common/Host_IAP/usb_host_iap.h(L51)
hostiap-h417-hs,CH32H417/EVT/EXAM/USBHS/HOST/HOST_IAP/HOST_IAP/Common/Host_IAP/usb_host_iap.h,52,DEF_FLASH_SECTOR_SIZE,8192,#,single-source,evt:CH32H417/EVT/EXAM/USBHS/HOST/HOST_IAP/HOST_IAP/Common/Host_IAP/usb_host_iap.h(L52)
hostiap-h417-hs,CH32H417/EVT/EXAM/USBHS/HOST/HOST_IAP/HOST_IAP/Common/Host_IAP/usb_host_iap.h,55,DEF_APP_CODE_START_ADDR,0x0800C000,#,single-source,evt:CH32H417/EVT/EXAM/USBHS/HOST/HOST_IAP/HOST_IAP/Common/Host_IAP/usb_host_iap.h(L55)
hostiap-h417-hs,CH32H417/EVT/EXAM/USBHS/HOST/HOST_IAP/HOST_IAP/Common/Host_IAP/usb_host_iap.h,56,DEF_APP_CODE_END_ADDR,0x08077FFF,#,single-source,evt:CH32H417/EVT/EXAM/USBHS/HOST/HOST_IAP/HOST_IAP/Common/Host_IAP/usb_host_iap.h(L56)
hostiap-h417-hs,CH32H417/EVT/EXAM/USBHS/HOST/HOST_IAP/HOST_IAP/Common/Host_IAP/usb_host_iap.h,58,DEF_APP_CODE_MAXLEN,(DEF_APP_CODE_END_ADDR - DEF_APP_CODE_START_ADDR + 1),#,single-source,evt:CH32H417/EVT/EXAM/USBHS/HOST/HOST_IAP/HOST_IAP/Common/Host_IAP/usb_host_iap.h(L58)
hostiap-h417-hs,CH32H417/EVT/EXAM/USBHS/HOST/HOST_IAP/HOST_IAP/Common/Host_IAP/usb_host_iap.h,61,DEF_VERIFY_CODE_START_ADDR,(DEF_APP_CODE_START_ADDR - DEF_FLASH_SECTOR_SIZE),#,single-source,evt:CH32H417/EVT/EXAM/USBHS/HOST/HOST_IAP/HOST_IAP/Common/Host_IAP/usb_host_iap.h(L61)
hostiap-h417-hs,CH32H417/EVT/EXAM/USBHS/HOST/HOST_IAP/HOST_IAP/Common/Host_IAP/usb_host_iap.h,62,DEF_VERIFY_CODE_END_ADDR,(DEF_APP_CODE_START_ADDR - 1),#,single-source,evt:CH32H417/EVT/EXAM/USBHS/HOST/HOST_IAP/HOST_IAP/Common/Host_IAP/usb_host_iap.h(L62)
hostiap-h417-hs,CH32H417/EVT/EXAM/USBHS/HOST/HOST_IAP/HOST_IAP/Common/Host_IAP/usb_host_iap.h,63,DEF_VERIFY_CODE_MAXLEN,(DEF_VERIFY_CODE_END_ADDR - DEF_VERIFY_CODE_START_ADDR),#,single-source,evt:CH32H417/EVT/EXAM/USBHS/HOST/HOST_IAP/HOST_IAP/Common/Host_IAP/usb_host_iap.h(L63)
hostiap-h417-hs,CH32H417/EVT/EXAM/USBHS/HOST/HOST_IAP/HOST_IAP/Common/Host_IAP/usb_host_iap.h,64,DEF_VERIFY_CODE_LEN,0x10,#,single-source,evt:CH32H417/EVT/EXAM/USBHS/HOST/HOST_IAP/HOST_IAP/Common/Host_IAP/usb_host_iap.h(L64)
hostiap-h417-hs,CH32H417/EVT/EXAM/USBHS/HOST/HOST_IAP/HOST_IAP/Common/Host_IAP/usb_host_iap.h,67,DEF_FLASH_OPERATION_KEY_CODE_0,0x1A86FF00,#,single-source,evt:CH32H417/EVT/EXAM/USBHS/HOST/HOST_IAP/HOST_IAP/Common/Host_IAP/usb_host_iap.h(L67)
hostiap-h417-hs,CH32H417/EVT/EXAM/USBHS/HOST/HOST_IAP/HOST_IAP/Common/Host_IAP/usb_host_iap.h,68,DEF_FLASH_OPERATION_KEY_CODE_1,0x55AA55AA,#,single-source,evt:CH32H417/EVT/EXAM/USBHS/HOST/HOST_IAP/HOST_IAP/Common/Host_IAP/usb_host_iap.h(L68)
hostiap-h417-hs,CH32H417/EVT/EXAM/USBHS/HOST/HOST_IAP/HOST_IAP/Common/USB_Host/ch32h417_usbhs_host.h,29,pUSBHS_SetupRequest,( (PUSB_SETUP_REQ)TxBuffer ),#,single-source,evt:CH32H417/EVT/EXAM/USBHS/HOST/HOST_IAP/HOST_IAP/Common/USB_Host/ch32h417_usbhs_host.h(L29)
hostiap-h417-hs,CH32H417/EVT/EXAM/USBHS/HOST/HOST_IAP/HOST_IAP/Common/USB_Host/ch32h417_usbhs_host.h,33,DEFAULT_ENDP0_SIZE,8,#,single-source,evt:CH32H417/EVT/EXAM/USBHS/HOST/HOST_IAP/HOST_IAP/Common/USB_Host/ch32h417_usbhs_host.h(L33)
hostiap-h417-hs,CH32H417/EVT/EXAM/USBHS/HOST/HOST_IAP/HOST_IAP/Common/USB_Host/ch32h417_usbhs_host.h,36,USBHS_MAX_PACKET_SIZE,512,#,single-source,evt:CH32H417/EVT/EXAM/USBHS/HOST/HOST_IAP/HOST_IAP/Common/USB_Host/ch32h417_usbhs_host.h(L36)
hostiap-h417-hs,CH32H417/EVT/EXAM/USBHS/HOST/HOST_IAP/HOST_IAP/Common/USB_Host/usb_host_config.h,32,DEF_TOTAL_ROOT_HUB,2,#,single-source,evt:CH32H417/EVT/EXAM/USBHS/HOST/HOST_IAP/HOST_IAP/Common/USB_Host/usb_host_config.h(L32)
hostiap-h417-hs,CH32H417/EVT/EXAM/USBHS/HOST/HOST_IAP/HOST_IAP/Common/USB_Host/usb_host_config.h,33,DEF_USB_PORT_FS_EN,0,#,single-source,evt:CH32H417/EVT/EXAM/USBHS/HOST/HOST_IAP/HOST_IAP/Common/USB_Host/usb_host_config.h(L33)
hostiap-h417-hs,CH32H417/EVT/EXAM/USBHS/HOST/HOST_IAP/HOST_IAP/Common/USB_Host/usb_host_config.h,34,DEF_USB_PORT_HS_EN,1,#,single-source,evt:CH32H417/EVT/EXAM/USBHS/HOST/HOST_IAP/HOST_IAP/Common/USB_Host/usb_host_config.h(L34)
hostiap-h417-hs,CH32H417/EVT/EXAM/USBHS/HOST/HOST_IAP/HOST_IAP/Common/USB_Host/usb_host_config.h,35,DEF_USB_PORT_FS,0x00,#,single-source,evt:CH32H417/EVT/EXAM/USBHS/HOST/HOST_IAP/HOST_IAP/Common/USB_Host/usb_host_config.h(L35)
hostiap-h417-hs,CH32H417/EVT/EXAM/USBHS/HOST/HOST_IAP/HOST_IAP/Common/USB_Host/usb_host_config.h,36,DEF_USB_PORT_HS,0x01,#,single-source,evt:CH32H417/EVT/EXAM/USBHS/HOST/HOST_IAP/HOST_IAP/Common/USB_Host/usb_host_config.h(L36)
hostiap-h417-hs,CH32H417/EVT/EXAM/USBHS/HOST/HOST_IAP/HOST_IAP/Common/USB_Host/usb_host_config.h,39,ROOT_DEV_DISCONNECT,0,#,single-source,evt:CH32H417/EVT/EXAM/USBHS/HOST/HOST_IAP/HOST_IAP/Common/USB_Host/usb_host_config.h(L39)
hostiap-h417-hs,CH32H417/EVT/EXAM/USBHS/HOST/HOST_IAP/HOST_IAP/Common/USB_Host/usb_host_config.h,40,ROOT_DEV_CONNECTED,1,#,single-source,evt:CH32H417/EVT/EXAM/USBHS/HOST/HOST_IAP/HOST_IAP/Common/USB_Host/usb_host_config.h(L40)
hostiap-h417-hs,CH32H417/EVT/EXAM/USBHS/HOST/HOST_IAP/HOST_IAP/Common/USB_Host/usb_host_config.h,41,ROOT_DEV_FAILED,2,#,single-source,evt:CH32H417/EVT/EXAM/USBHS/HOST/HOST_IAP/HOST_IAP/Common/USB_Host/usb_host_config.h(L41)
hostiap-h417-hs,CH32H417/EVT/EXAM/USBHS/HOST/HOST_IAP/HOST_IAP/Common/USB_Host/usb_host_config.h,42,ROOT_DEV_SUCCESS,3,#,single-source,evt:CH32H417/EVT/EXAM/USBHS/HOST/HOST_IAP/HOST_IAP/Common/USB_Host/usb_host_config.h(L42)
hostiap-h417-hs,CH32H417/EVT/EXAM/USBHS/HOST/HOST_IAP/HOST_IAP/Common/USB_Host/usb_host_config.h,45,USB_DEVICE_ADDR,0x02,#,single-source,evt:CH32H417/EVT/EXAM/USBHS/HOST/HOST_IAP/HOST_IAP/Common/USB_Host/usb_host_config.h(L45)
hostiap-h417-hs,CH32H417/EVT/EXAM/USBHS/HOST/HOST_IAP/HOST_IAP/Common/USB_Host/usb_host_config.h,48,USB_LOW_SPEED,0x00,#,single-source,evt:CH32H417/EVT/EXAM/USBHS/HOST/HOST_IAP/HOST_IAP/Common/USB_Host/usb_host_config.h(L48)
hostiap-h417-hs,CH32H417/EVT/EXAM/USBHS/HOST/HOST_IAP/HOST_IAP/Common/USB_Host/usb_host_config.h,49,USB_FULL_SPEED,0x01,#,single-source,evt:CH32H417/EVT/EXAM/USBHS/HOST/HOST_IAP/HOST_IAP/Common/USB_Host/usb_host_config.h(L49)
hostiap-h417-hs,CH32H417/EVT/EXAM/USBHS/HOST/HOST_IAP/HOST_IAP/Common/USB_Host/usb_host_config.h,50,USB_HIGH_SPEED,0x02,#,single-source,evt:CH32H417/EVT/EXAM/USBHS/HOST/HOST_IAP/HOST_IAP/Common/USB_Host/usb_host_config.h(L50)
hostiap-h417-hs,CH32H417/EVT/EXAM/USBHS/HOST/HOST_IAP/HOST_IAP/Common/USB_Host/usb_host_config.h,51,USB_SPEED_CHECK_ERR,0xFF,#,single-source,evt:CH32H417/EVT/EXAM/USBHS/HOST/HOST_IAP/HOST_IAP/Common/USB_Host/usb_host_config.h(L51)
hostiap-h417-hs,CH32H417/EVT/EXAM/USBHS/HOST/HOST_IAP/HOST_IAP/Common/USB_Host/usb_host_config.h,54,DEF_DECR_CONFIG,0x02,#,single-source,evt:CH32H417/EVT/EXAM/USBHS/HOST/HOST_IAP/HOST_IAP/Common/USB_Host/usb_host_config.h(L54)
hostiap-h417-hs,CH32H417/EVT/EXAM/USBHS/HOST/HOST_IAP/HOST_IAP/Common/USB_Host/usb_host_config.h,55,DEF_DECR_INTERFACE,0x04,#,single-source,evt:CH32H417/EVT/EXAM/USBHS/HOST/HOST_IAP/HOST_IAP/Common/USB_Host/usb_host_config.h(L55)
hostiap-h417-hs,CH32H417/EVT/EXAM/USBHS/HOST/HOST_IAP/HOST_IAP/Common/USB_Host/usb_host_config.h,56,DEF_DECR_ENDPOINT,0x05,#,single-source,evt:CH32H417/EVT/EXAM/USBHS/HOST/HOST_IAP/HOST_IAP/Common/USB_Host/usb_host_config.h(L56)
hostiap-h417-hs,CH32H417/EVT/EXAM/USBHS/HOST/HOST_IAP/HOST_IAP/Common/USB_Host/usb_host_config.h,57,DEF_DECR_HID,0x21,#,single-source,evt:CH32H417/EVT/EXAM/USBHS/HOST/HOST_IAP/HOST_IAP/Common/USB_Host/usb_host_config.h(L57)
hostiap-h417-hs,CH32H417/EVT/EXAM/USBHS/HOST/HOST_IAP/HOST_IAP/Common/USB_Host/usb_host_config.h,60,ERR_SUCCESS,0x00,#,single-source,evt:CH32H417/EVT/EXAM/USBHS/HOST/HOST_IAP/HOST_IAP/Common/USB_Host/usb_host_config.h(L60)
hostiap-h417-hs,CH32H417/EVT/EXAM/USBHS/HOST/HOST_IAP/HOST_IAP/Common/USB_Host/usb_host_config.h,61,ERR_USB_CONNECT,0x15,#,single-source,evt:CH32H417/EVT/EXAM/USBHS/HOST/HOST_IAP/HOST_IAP/Common/USB_Host/usb_host_config.h(L61)
hostiap-h417-hs,CH32H417/EVT/EXAM/USBHS/HOST/HOST_IAP/HOST_IAP/Common/USB_Host/usb_host_config.h,62,ERR_USB_DISCON,0x16,#,single-source,evt:CH32H417/EVT/EXAM/USBHS/HOST/HOST_IAP/HOST_IAP/Common/USB_Host/usb_host_config.h(L62)
hostiap-h417-hs,CH32H417/EVT/EXAM/USBHS/HOST/HOST_IAP/HOST_IAP/Common/USB_Host/usb_host_config.h,63,ERR_USB_BUF_OVER,0x17,#,single-source,evt:CH32H417/EVT/EXAM/USBHS/HOST/HOST_IAP/HOST_IAP/Common/USB_Host/usb_host_config.h(L63)
hostiap-h417-hs,CH32H417/EVT/EXAM/USBHS/HOST/HOST_IAP/HOST_IAP/Common/USB_Host/usb_host_config.h,64,ERR_USB_DISK_ERR,0x1F,#,single-source,evt:CH32H417/EVT/EXAM/USBHS/HOST/HOST_IAP/HOST_IAP/Common/USB_Host/usb_host_config.h(L64)
hostiap-h417-hs,CH32H417/EVT/EXAM/USBHS/HOST/HOST_IAP/HOST_IAP/Common/USB_Host/usb_host_config.h,65,ERR_USB_TRANSFER,0x20,#,single-source,evt:CH32H417/EVT/EXAM/USBHS/HOST/HOST_IAP/HOST_IAP/Common/USB_Host/usb_host_config.h(L65)
hostiap-h417-hs,CH32H417/EVT/EXAM/USBHS/HOST/HOST_IAP/HOST_IAP/Common/USB_Host/usb_host_config.h,66,ERR_USB_UNSUPPORT,0xFB,#,single-source,evt:CH32H417/EVT/EXAM/USBHS/HOST/HOST_IAP/HOST_IAP/Common/USB_Host/usb_host_config.h(L66)
hostiap-h417-hs,CH32H417/EVT/EXAM/USBHS/HOST/HOST_IAP/HOST_IAP/Common/USB_Host/usb_host_config.h,67,ERR_USB_UNAVAILABLE,0xFC,#,single-source,evt:CH32H417/EVT/EXAM/USBHS/HOST/HOST_IAP/HOST_IAP/Common/USB_Host/usb_host_config.h(L67)
hostiap-h417-hs,CH32H417/EVT/EXAM/USBHS/HOST/HOST_IAP/HOST_IAP/Common/USB_Host/usb_host_config.h,68,ERR_USB_UNKNOWN,0xFE,#,single-source,evt:CH32H417/EVT/EXAM/USBHS/HOST/HOST_IAP/HOST_IAP/Common/USB_Host/usb_host_config.h(L68)
hostiap-h417-hs,CH32H417/EVT/EXAM/USBHS/HOST/HOST_IAP/HOST_IAP/Common/USB_Host/usb_host_config.h,71,DEF_DEV_DESCR_GETFAIL,0x45,#,single-source,evt:CH32H417/EVT/EXAM/USBHS/HOST/HOST_IAP/HOST_IAP/Common/USB_Host/usb_host_config.h(L71)
hostiap-h417-hs,CH32H417/EVT/EXAM/USBHS/HOST/HOST_IAP/HOST_IAP/Common/USB_Host/usb_host_config.h,72,DEF_DEV_ADDR_SETFAIL,0x46,#,single-source,evt:CH32H417/EVT/EXAM/USBHS/HOST/HOST_IAP/HOST_IAP/Common/USB_Host/usb_host_config.h(L72)
hostiap-h417-hs,CH32H417/EVT/EXAM/USBHS/HOST/HOST_IAP/HOST_IAP/Common/USB_Host/usb_host_config.h,73,DEF_CFG_DESCR_GETFAIL,0x47,#,single-source,evt:CH32H417/EVT/EXAM/USBHS/HOST/HOST_IAP/HOST_IAP/Common/USB_Host/usb_host_config.h(L73)
hostiap-h417-hs,CH32H417/EVT/EXAM/USBHS/HOST/HOST_IAP/HOST_IAP/Common/USB_Host/usb_host_config.h,74,DEF_REP_DESCR_GETFAIL,0x48,#,single-source,evt:CH32H417/EVT/EXAM/USBHS/HOST/HOST_IAP/HOST_IAP/Common/USB_Host/usb_host_config.h(L74)
hostiap-h417-hs,CH32H417/EVT/EXAM/USBHS/HOST/HOST_IAP/HOST_IAP/Common/USB_Host/usb_host_config.h,75,DEF_CFG_VALUE_SETFAIL,0x49,#,single-source,evt:CH32H417/EVT/EXAM/USBHS/HOST/HOST_IAP/HOST_IAP/Common/USB_Host/usb_host_config.h(L75)
hostiap-h417-hs,CH32H417/EVT/EXAM/USBHS/HOST/HOST_IAP/HOST_IAP/Common/USB_Host/usb_host_config.h,76,DEF_DEV_TYPE_UNKNOWN,0xFF,#,single-source,evt:CH32H417/EVT/EXAM/USBHS/HOST/HOST_IAP/HOST_IAP/Common/USB_Host/usb_host_config.h(L76)
hostiap-h417-hs,CH32H417/EVT/EXAM/USBHS/HOST/HOST_IAP/HOST_IAP/Common/USB_Host/usb_host_config.h,79,DEF_BUS_RESET_TIME,11,#,single-source,evt:CH32H417/EVT/EXAM/USBHS/HOST/HOST_IAP/HOST_IAP/Common/USB_Host/usb_host_config.h(L79)
hostiap-h417-hs,CH32H417/EVT/EXAM/USBHS/HOST/HOST_IAP/HOST_IAP/Common/USB_Host/usb_host_config.h,80,DEF_BUS_RESET_TIMEOUT,30,#,single-source,evt:CH32H417/EVT/EXAM/USBHS/HOST/HOST_IAP/HOST_IAP/Common/USB_Host/usb_host_config.h(L80)
hostiap-h417-hs,CH32H417/EVT/EXAM/USBHS/HOST/HOST_IAP/HOST_IAP/Common/USB_Host/usb_host_config.h,81,DEF_RE_ATTACH_TIMEOUT,100,#,single-source,evt:CH32H417/EVT/EXAM/USBHS/HOST/HOST_IAP/HOST_IAP/Common/USB_Host/usb_host_config.h(L81)
hostiap-h417-hs,CH32H417/EVT/EXAM/USBHS/HOST/HOST_IAP/HOST_IAP/Common/USB_Host/usb_host_config.h,82,DEF_WAIT_USB_TRANSFER_CNT,1000,#,single-source,evt:CH32H417/EVT/EXAM/USBHS/HOST/HOST_IAP/HOST_IAP/Common/USB_Host/usb_host_config.h(L82)
hostiap-h417-hs,CH32H417/EVT/EXAM/USBHS/HOST/HOST_IAP/HOST_IAP/Common/USB_Host/usb_host_config.h,83,DEF_CTRL_TRANS_TIMEOVER_CNT,60000,#,single-source,evt:CH32H417/EVT/EXAM/USBHS/HOST/HOST_IAP/HOST_IAP/Common/USB_Host/usb_host_config.h(L83)
hostiap-h417-hs,CH32H417/EVT/EXAM/USBHS/HOST/HOST_IAP/HOST_IAP/Common/USB_Host/usb_host_config.h,86,DEF_ONE_USB_SUP_DEV_TOTAL,1,#,single-source,evt:CH32H417/EVT/EXAM/USBHS/HOST/HOST_IAP/HOST_IAP/Common/USB_Host/usb_host_config.h(L86)
hostiap-h417-hs,CH32H417/EVT/EXAM/USBHS/HOST/HOST_IAP/HOST_IAP/Common/USB_Host/usb_host_config.h,87,DEF_NEXT_HUB_PORT_NUM_MAX,4,#,single-source,evt:CH32H417/EVT/EXAM/USBHS/HOST/HOST_IAP/HOST_IAP/Common/USB_Host/usb_host_config.h(L87)
hostiap-h417-hs,CH32H417/EVT/EXAM/USBHS/HOST/HOST_IAP/HOST_IAP/Common/USB_Host/usb_host_config.h,88,DEF_INTERFACE_NUM_MAX,4,#,single-source,evt:CH32H417/EVT/EXAM/USBHS/HOST/HOST_IAP/HOST_IAP/Common/USB_Host/usb_host_config.h(L88)
hostiap-h417-hs,CH32H417/EVT/EXAM/USBHS/HOST/HOST_IAP/HOST_IAP/Common/USB_Host/usb_host_config.h,89,DEF_COM_BUF_LEN,255,#,single-source,evt:CH32H417/EVT/EXAM/USBHS/HOST/HOST_IAP/HOST_IAP/Common/USB_Host/usb_host_config.h(L89)
hostiap-h417-hs,CH32H417/EVT/EXAM/USBHS/HOST/HOST_IAP/HOST_IAP/Common/USB_Host/usb_host_config.h,92,DEF_DEBUG_PRINTF,1,#,single-source,evt:CH32H417/EVT/EXAM/USBHS/HOST/HOST_IAP/HOST_IAP/Common/USB_Host/usb_host_config.h(L92)
hostiap-h417-hs,CH32H417/EVT/EXAM/USBHS/HOST/HOST_IAP/HOST_IAP/V3F/User/system_ch32h417.c,20,SYSCLK_400M_CoreCLK_V5F_400M_V3F_100M_HSE,400000000,#,single-source,evt:CH32H417/EVT/EXAM/USBHS/HOST/HOST_IAP/HOST_IAP/V3F/User/system_ch32h417.c(L20)
hostiap-l103-fs,CH32L103/EVT/EXAM/USB/USBFS/HOST_IAP/HOST_IAP/User/Host_IAP/usb_host_iap.h,30,DEF_CORE_RV,0x01,#,single-source,evt:CH32L103/EVT/EXAM/USB/USBFS/HOST_IAP/HOST_IAP/User/Host_IAP/usb_host_iap.h(L30)
hostiap-l103-fs,CH32L103/EVT/EXAM/USB/USBFS/HOST_IAP/HOST_IAP/User/Host_IAP/usb_host_iap.h,31,DEF_CORE_CM3,0x10,#,single-source,evt:CH32L103/EVT/EXAM/USB/USBFS/HOST_IAP/HOST_IAP/User/Host_IAP/usb_host_iap.h(L31)
hostiap-l103-fs,CH32L103/EVT/EXAM/USB/USBFS/HOST_IAP/HOST_IAP/User/Host_IAP/usb_host_iap.h,32,DEF_CORE_TYPE,DEF_CORE_RV,#,single-source,evt:CH32L103/EVT/EXAM/USB/USBFS/HOST_IAP/HOST_IAP/User/Host_IAP/usb_host_iap.h(L32)
hostiap-l103-fs,CH32L103/EVT/EXAM/USB/USBFS/HOST_IAP/HOST_IAP/User/Host_IAP/usb_host_iap.h,35,DEF_IAP_FILE_NAME,"""/APP.BIN""",#,single-source,evt:CH32L103/EVT/EXAM/USB/USBFS/HOST_IAP/HOST_IAP/User/Host_IAP/usb_host_iap.h(L35)
hostiap-l103-fs,CH32L103/EVT/EXAM/USB/USBFS/HOST_IAP/HOST_IAP/User/Host_IAP/usb_host_iap.h,38,DEF_IAP_SUCCESS,0x00,#,single-source,evt:CH32L103/EVT/EXAM/USB/USBFS/HOST_IAP/HOST_IAP/User/Host_IAP/usb_host_iap.h(L38)
hostiap-l103-fs,CH32L103/EVT/EXAM/USB/USBFS/HOST_IAP/HOST_IAP/User/Host_IAP/usb_host_iap.h,39,DEF_IAP_DEFAULT,0xFF,#,single-source,evt:CH32L103/EVT/EXAM/USB/USBFS/HOST_IAP/HOST_IAP/User/Host_IAP/usb_host_iap.h(L39)
hostiap-l103-fs,CH32L103/EVT/EXAM/USB/USBFS/HOST_IAP/HOST_IAP/User/Host_IAP/usb_host_iap.h,40,DEF_IAP_ERR_DETECT,0xF1,#,single-source,evt:CH32L103/EVT/EXAM/USB/USBFS/HOST_IAP/HOST_IAP/User/Host_IAP/usb_host_iap.h(L40)
hostiap-l103-fs,CH32L103/EVT/EXAM/USB/USBFS/HOST_IAP/HOST_IAP/User/Host_IAP/usb_host_iap.h,41,DEF_IAP_ERR_ENUM,0xF2,#,single-source,evt:CH32L103/EVT/EXAM/USB/USBFS/HOST_IAP/HOST_IAP/User/Host_IAP/usb_host_iap.h(L41)
hostiap-l103-fs,CH32L103/EVT/EXAM/USB/USBFS/HOST_IAP/HOST_IAP/User/Host_IAP/usb_host_iap.h,42,DEF_IAP_ERR_FILE,0xF3,#,single-source,evt:CH32L103/EVT/EXAM/USB/USBFS/HOST_IAP/HOST_IAP/User/Host_IAP/usb_host_iap.h(L42)
hostiap-l103-fs,CH32L103/EVT/EXAM/USB/USBFS/HOST_IAP/HOST_IAP/User/Host_IAP/usb_host_iap.h,43,DEF_IAP_ERR_FLASH,0xF4,#,single-source,evt:CH32L103/EVT/EXAM/USB/USBFS/HOST_IAP/HOST_IAP/User/Host_IAP/usb_host_iap.h(L43)
hostiap-l103-fs,CH32L103/EVT/EXAM/USB/USBFS/HOST_IAP/HOST_IAP/User/Host_IAP/usb_host_iap.h,44,DEF_IAP_ERR_VERIFY,0xF5,#,single-source,evt:CH32L103/EVT/EXAM/USB/USBFS/HOST_IAP/HOST_IAP/User/Host_IAP/usb_host_iap.h(L44)
hostiap-l103-fs,CH32L103/EVT/EXAM/USB/USBFS/HOST_IAP/HOST_IAP/User/Host_IAP/usb_host_iap.h,45,DEF_IAP_ERR_LENGTH,0xF6,#,single-source,evt:CH32L103/EVT/EXAM/USB/USBFS/HOST_IAP/HOST_IAP/User/Host_IAP/usb_host_iap.h(L45)
hostiap-l103-fs,CH32L103/EVT/EXAM/USB/USBFS/HOST_IAP/HOST_IAP/User/Host_IAP/usb_host_iap.h,48,DEF_MAX_IAP_BUFFER_LEN,1024,#,single-source,evt:CH32L103/EVT/EXAM/USB/USBFS/HOST_IAP/HOST_IAP/User/Host_IAP/usb_host_iap.h(L48)
hostiap-l103-fs,CH32L103/EVT/EXAM/USB/USBFS/HOST_IAP/HOST_IAP/User/Host_IAP/usb_host_iap.h,51,DEF_FLASH_PAGE_SIZE,0x100,#,single-source,evt:CH32L103/EVT/EXAM/USB/USBFS/HOST_IAP/HOST_IAP/User/Host_IAP/usb_host_iap.h(L51)
hostiap-l103-fs,CH32L103/EVT/EXAM/USB/USBFS/HOST_IAP/HOST_IAP/User/Host_IAP/usb_host_iap.h,54,DEF_APP_CODE_START_ADDR,0x08008000,#,single-source,evt:CH32L103/EVT/EXAM/USB/USBFS/HOST_IAP/HOST_IAP/User/Host_IAP/usb_host_iap.h(L54)
hostiap-l103-fs,CH32L103/EVT/EXAM/USB/USBFS/HOST_IAP/HOST_IAP/User/Host_IAP/usb_host_iap.h,55,DEF_APP_CODE_END_ADDR,0x08010000,#,single-source,evt:CH32L103/EVT/EXAM/USB/USBFS/HOST_IAP/HOST_IAP/User/Host_IAP/usb_host_iap.h(L55)
hostiap-l103-fs,CH32L103/EVT/EXAM/USB/USBFS/HOST_IAP/HOST_IAP/User/Host_IAP/usb_host_iap.h,58,DEF_APP_CODE_MAXLEN,(DEF_APP_CODE_END_ADDR-DEF_APP_CODE_START_ADDR),#,single-source,evt:CH32L103/EVT/EXAM/USB/USBFS/HOST_IAP/HOST_IAP/User/Host_IAP/usb_host_iap.h(L58)
hostiap-l103-fs,CH32L103/EVT/EXAM/USB/USBFS/HOST_IAP/HOST_IAP/User/Host_IAP/usb_host_iap.h,61,DEF_VERIFY_CODE_START_ADDR,0x08007F00,#,single-source,evt:CH32L103/EVT/EXAM/USB/USBFS/HOST_IAP/HOST_IAP/User/Host_IAP/usb_host_iap.h(L61)
hostiap-l103-fs,CH32L103/EVT/EXAM/USB/USBFS/HOST_IAP/HOST_IAP/User/Host_IAP/usb_host_iap.h,62,DEF_VERIFY_CODE_END_ADDR,0x08008000,#,single-source,evt:CH32L103/EVT/EXAM/USB/USBFS/HOST_IAP/HOST_IAP/User/Host_IAP/usb_host_iap.h(L62)
hostiap-l103-fs,CH32L103/EVT/EXAM/USB/USBFS/HOST_IAP/HOST_IAP/User/Host_IAP/usb_host_iap.h,63,DEF_VERIFY_CODE_MAXLEN,(DEF_VERIFY_CODE_END_ADDR-DEF_VERIFY_CODE_START_ADDR),#,single-source,evt:CH32L103/EVT/EXAM/USB/USBFS/HOST_IAP/HOST_IAP/User/Host_IAP/usb_host_iap.h(L63)
hostiap-l103-fs,CH32L103/EVT/EXAM/USB/USBFS/HOST_IAP/HOST_IAP/User/Host_IAP/usb_host_iap.h,64,DEF_VERIFY_CODE_LEN,0x10,#,single-source,evt:CH32L103/EVT/EXAM/USB/USBFS/HOST_IAP/HOST_IAP/User/Host_IAP/usb_host_iap.h(L64)
hostiap-l103-fs,CH32L103/EVT/EXAM/USB/USBFS/HOST_IAP/HOST_IAP/User/Host_IAP/usb_host_iap.h,67,DEF_FLASH_OPERATION_KEY_CODE_0,0x1A86FF00,#,single-source,evt:CH32L103/EVT/EXAM/USB/USBFS/HOST_IAP/HOST_IAP/User/Host_IAP/usb_host_iap.h(L67)
hostiap-l103-fs,CH32L103/EVT/EXAM/USB/USBFS/HOST_IAP/HOST_IAP/User/Host_IAP/usb_host_iap.h,68,DEF_FLASH_OPERATION_KEY_CODE_1,0x55AA55AA,#,single-source,evt:CH32L103/EVT/EXAM/USB/USBFS/HOST_IAP/HOST_IAP/User/Host_IAP/usb_host_iap.h(L68)
hostiap-l103-fs,CH32L103/EVT/EXAM/USB/USBFS/HOST_IAP/HOST_IAP/User/USB_Host/ch32l103_usbfs_host.h,24,pUSBFS_SetupRequest,( (PUSB_SETUP_REQ)USBFS_TX_Buf ),#,single-source,evt:CH32L103/EVT/EXAM/USB/USBFS/HOST_IAP/HOST_IAP/User/USB_Host/ch32l103_usbfs_host.h(L24)
hostiap-l103-fs,CH32L103/EVT/EXAM/USB/USBFS/HOST_IAP/HOST_IAP/User/USB_Host/ch32l103_usbfs_host.h,77,USBFS_RX_Buf,RxBuffer,#,single-source,evt:CH32L103/EVT/EXAM/USB/USBFS/HOST_IAP/HOST_IAP/User/USB_Host/ch32l103_usbfs_host.h(L77)
hostiap-l103-fs,CH32L103/EVT/EXAM/USB/USBFS/HOST_IAP/HOST_IAP/User/USB_Host/ch32l103_usbfs_host.h,78,USBFS_TX_Buf,TxBuffer,#,single-source,evt:CH32L103/EVT/EXAM/USB/USBFS/HOST_IAP/HOST_IAP/User/USB_Host/ch32l103_usbfs_host.h(L78)
hostiap-l103-fs,CH32L103/EVT/EXAM/USB/USBFS/HOST_IAP/HOST_IAP/User/USB_Host/usb_host_config.h,31,DEF_TOTAL_ROOT_HUB,1,#,single-source,evt:CH32L103/EVT/EXAM/USB/USBFS/HOST_IAP/HOST_IAP/User/USB_Host/usb_host_config.h(L31)
hostiap-l103-fs,CH32L103/EVT/EXAM/USB/USBFS/HOST_IAP/HOST_IAP/User/USB_Host/usb_host_config.h,32,DEF_USB_PORT_FS_EN,1,#,single-source,evt:CH32L103/EVT/EXAM/USB/USBFS/HOST_IAP/HOST_IAP/User/USB_Host/usb_host_config.h(L32)
hostiap-l103-fs,CH32L103/EVT/EXAM/USB/USBFS/HOST_IAP/HOST_IAP/User/USB_Host/usb_host_config.h,33,DEF_USB_PORT_FS,0x00,#,single-source,evt:CH32L103/EVT/EXAM/USB/USBFS/HOST_IAP/HOST_IAP/User/USB_Host/usb_host_config.h(L33)
hostiap-l103-fs,CH32L103/EVT/EXAM/USB/USBFS/HOST_IAP/HOST_IAP/User/USB_Host/usb_host_config.h,36,ROOT_DEV_DISCONNECT,0,#,single-source,evt:CH32L103/EVT/EXAM/USB/USBFS/HOST_IAP/HOST_IAP/User/USB_Host/usb_host_config.h(L36)
hostiap-l103-fs,CH32L103/EVT/EXAM/USB/USBFS/HOST_IAP/HOST_IAP/User/USB_Host/usb_host_config.h,37,ROOT_DEV_CONNECTED,1,#,single-source,evt:CH32L103/EVT/EXAM/USB/USBFS/HOST_IAP/HOST_IAP/User/USB_Host/usb_host_config.h(L37)
hostiap-l103-fs,CH32L103/EVT/EXAM/USB/USBFS/HOST_IAP/HOST_IAP/User/USB_Host/usb_host_config.h,38,ROOT_DEV_FAILED,2,#,single-source,evt:CH32L103/EVT/EXAM/USB/USBFS/HOST_IAP/HOST_IAP/User/USB_Host/usb_host_config.h(L38)
hostiap-l103-fs,CH32L103/EVT/EXAM/USB/USBFS/HOST_IAP/HOST_IAP/User/USB_Host/usb_host_config.h,39,ROOT_DEV_SUCCESS,3,#,single-source,evt:CH32L103/EVT/EXAM/USB/USBFS/HOST_IAP/HOST_IAP/User/USB_Host/usb_host_config.h(L39)
hostiap-l103-fs,CH32L103/EVT/EXAM/USB/USBFS/HOST_IAP/HOST_IAP/User/USB_Host/usb_host_config.h,42,USB_DEVICE_ADDR,0x02,#,single-source,evt:CH32L103/EVT/EXAM/USB/USBFS/HOST_IAP/HOST_IAP/User/USB_Host/usb_host_config.h(L42)
hostiap-l103-fs,CH32L103/EVT/EXAM/USB/USBFS/HOST_IAP/HOST_IAP/User/USB_Host/usb_host_config.h,45,USB_LOW_SPEED,0x00,#,single-source,evt:CH32L103/EVT/EXAM/USB/USBFS/HOST_IAP/HOST_IAP/User/USB_Host/usb_host_config.h(L45)
hostiap-l103-fs,CH32L103/EVT/EXAM/USB/USBFS/HOST_IAP/HOST_IAP/User/USB_Host/usb_host_config.h,46,USB_FULL_SPEED,0x01,#,single-source,evt:CH32L103/EVT/EXAM/USB/USBFS/HOST_IAP/HOST_IAP/User/USB_Host/usb_host_config.h(L46)
hostiap-l103-fs,CH32L103/EVT/EXAM/USB/USBFS/HOST_IAP/HOST_IAP/User/USB_Host/usb_host_config.h,47,USB_HIGH_SPEED,0x02,#,single-source,evt:CH32L103/EVT/EXAM/USB/USBFS/HOST_IAP/HOST_IAP/User/USB_Host/usb_host_config.h(L47)
hostiap-l103-fs,CH32L103/EVT/EXAM/USB/USBFS/HOST_IAP/HOST_IAP/User/USB_Host/usb_host_config.h,48,USB_SPEED_CHECK_ERR,0xFF,#,single-source,evt:CH32L103/EVT/EXAM/USB/USBFS/HOST_IAP/HOST_IAP/User/USB_Host/usb_host_config.h(L48)
hostiap-l103-fs,CH32L103/EVT/EXAM/USB/USBFS/HOST_IAP/HOST_IAP/User/USB_Host/usb_host_config.h,51,DEF_DECR_CONFIG,0x02,#,single-source,evt:CH32L103/EVT/EXAM/USB/USBFS/HOST_IAP/HOST_IAP/User/USB_Host/usb_host_config.h(L51)
hostiap-l103-fs,CH32L103/EVT/EXAM/USB/USBFS/HOST_IAP/HOST_IAP/User/USB_Host/usb_host_config.h,52,DEF_DECR_INTERFACE,0x04,#,single-source,evt:CH32L103/EVT/EXAM/USB/USBFS/HOST_IAP/HOST_IAP/User/USB_Host/usb_host_config.h(L52)
hostiap-l103-fs,CH32L103/EVT/EXAM/USB/USBFS/HOST_IAP/HOST_IAP/User/USB_Host/usb_host_config.h,53,DEF_DECR_ENDPOINT,0x05,#,single-source,evt:CH32L103/EVT/EXAM/USB/USBFS/HOST_IAP/HOST_IAP/User/USB_Host/usb_host_config.h(L53)
hostiap-l103-fs,CH32L103/EVT/EXAM/USB/USBFS/HOST_IAP/HOST_IAP/User/USB_Host/usb_host_config.h,54,DEF_DECR_HID,0x21,#,single-source,evt:CH32L103/EVT/EXAM/USB/USBFS/HOST_IAP/HOST_IAP/User/USB_Host/usb_host_config.h(L54)
hostiap-l103-fs,CH32L103/EVT/EXAM/USB/USBFS/HOST_IAP/HOST_IAP/User/USB_Host/usb_host_config.h,57,ERR_SUCCESS,0x00,#,single-source,evt:CH32L103/EVT/EXAM/USB/USBFS/HOST_IAP/HOST_IAP/User/USB_Host/usb_host_config.h(L57)
hostiap-l103-fs,CH32L103/EVT/EXAM/USB/USBFS/HOST_IAP/HOST_IAP/User/USB_Host/usb_host_config.h,58,ERR_USB_CONNECT,0x15,#,single-source,evt:CH32L103/EVT/EXAM/USB/USBFS/HOST_IAP/HOST_IAP/User/USB_Host/usb_host_config.h(L58)
hostiap-l103-fs,CH32L103/EVT/EXAM/USB/USBFS/HOST_IAP/HOST_IAP/User/USB_Host/usb_host_config.h,59,ERR_USB_DISCON,0x16,#,single-source,evt:CH32L103/EVT/EXAM/USB/USBFS/HOST_IAP/HOST_IAP/User/USB_Host/usb_host_config.h(L59)
hostiap-l103-fs,CH32L103/EVT/EXAM/USB/USBFS/HOST_IAP/HOST_IAP/User/USB_Host/usb_host_config.h,60,ERR_USB_BUF_OVER,0x17,#,single-source,evt:CH32L103/EVT/EXAM/USB/USBFS/HOST_IAP/HOST_IAP/User/USB_Host/usb_host_config.h(L60)
hostiap-l103-fs,CH32L103/EVT/EXAM/USB/USBFS/HOST_IAP/HOST_IAP/User/USB_Host/usb_host_config.h,61,ERR_USB_DISK_ERR,0x1F,#,single-source,evt:CH32L103/EVT/EXAM/USB/USBFS/HOST_IAP/HOST_IAP/User/USB_Host/usb_host_config.h(L61)
hostiap-l103-fs,CH32L103/EVT/EXAM/USB/USBFS/HOST_IAP/HOST_IAP/User/USB_Host/usb_host_config.h,62,ERR_USB_TRANSFER,0x20,#,single-source,evt:CH32L103/EVT/EXAM/USB/USBFS/HOST_IAP/HOST_IAP/User/USB_Host/usb_host_config.h(L62)
hostiap-l103-fs,CH32L103/EVT/EXAM/USB/USBFS/HOST_IAP/HOST_IAP/User/USB_Host/usb_host_config.h,63,ERR_USB_UNSUPPORT,0xFB,#,single-source,evt:CH32L103/EVT/EXAM/USB/USBFS/HOST_IAP/HOST_IAP/User/USB_Host/usb_host_config.h(L63)
hostiap-l103-fs,CH32L103/EVT/EXAM/USB/USBFS/HOST_IAP/HOST_IAP/User/USB_Host/usb_host_config.h,64,ERR_USB_UNAVAILABLE,0xFC,#,single-source,evt:CH32L103/EVT/EXAM/USB/USBFS/HOST_IAP/HOST_IAP/User/USB_Host/usb_host_config.h(L64)
hostiap-l103-fs,CH32L103/EVT/EXAM/USB/USBFS/HOST_IAP/HOST_IAP/User/USB_Host/usb_host_config.h,65,ERR_USB_UNKNOWN,0xFE,#,single-source,evt:CH32L103/EVT/EXAM/USB/USBFS/HOST_IAP/HOST_IAP/User/USB_Host/usb_host_config.h(L65)
hostiap-l103-fs,CH32L103/EVT/EXAM/USB/USBFS/HOST_IAP/HOST_IAP/User/USB_Host/usb_host_config.h,68,DEF_DEV_DESCR_GETFAIL,0x45,#,single-source,evt:CH32L103/EVT/EXAM/USB/USBFS/HOST_IAP/HOST_IAP/User/USB_Host/usb_host_config.h(L68)
hostiap-l103-fs,CH32L103/EVT/EXAM/USB/USBFS/HOST_IAP/HOST_IAP/User/USB_Host/usb_host_config.h,69,DEF_DEV_ADDR_SETFAIL,0x46,#,single-source,evt:CH32L103/EVT/EXAM/USB/USBFS/HOST_IAP/HOST_IAP/User/USB_Host/usb_host_config.h(L69)
hostiap-l103-fs,CH32L103/EVT/EXAM/USB/USBFS/HOST_IAP/HOST_IAP/User/USB_Host/usb_host_config.h,70,DEF_CFG_DESCR_GETFAIL,0x47,#,single-source,evt:CH32L103/EVT/EXAM/USB/USBFS/HOST_IAP/HOST_IAP/User/USB_Host/usb_host_config.h(L70)
hostiap-l103-fs,CH32L103/EVT/EXAM/USB/USBFS/HOST_IAP/HOST_IAP/User/USB_Host/usb_host_config.h,71,DEF_REP_DESCR_GETFAIL,0x48,#,single-source,evt:CH32L103/EVT/EXAM/USB/USBFS/HOST_IAP/HOST_IAP/User/USB_Host/usb_host_config.h(L71)
hostiap-l103-fs,CH32L103/EVT/EXAM/USB/USBFS/HOST_IAP/HOST_IAP/User/USB_Host/usb_host_config.h,72,DEF_DEV_TYPE_UNKNOWN,0xFF,#,single-source,evt:CH32L103/EVT/EXAM/USB/USBFS/HOST_IAP/HOST_IAP/User/USB_Host/usb_host_config.h(L72)
hostiap-l103-fs,CH32L103/EVT/EXAM/USB/USBFS/HOST_IAP/HOST_IAP/User/USB_Host/usb_host_config.h,75,DEF_BUS_RESET_TIME,11,#,single-source,evt:CH32L103/EVT/EXAM/USB/USBFS/HOST_IAP/HOST_IAP/User/USB_Host/usb_host_config.h(L75)
hostiap-l103-fs,CH32L103/EVT/EXAM/USB/USBFS/HOST_IAP/HOST_IAP/User/USB_Host/usb_host_config.h,76,DEF_RE_ATTACH_TIMEOUT,100,#,single-source,evt:CH32L103/EVT/EXAM/USB/USBFS/HOST_IAP/HOST_IAP/User/USB_Host/usb_host_config.h(L76)
hostiap-l103-fs,CH32L103/EVT/EXAM/USB/USBFS/HOST_IAP/HOST_IAP/User/USB_Host/usb_host_config.h,77,DEF_WAIT_USB_TOUT_200US,1000,#,single-source,evt:CH32L103/EVT/EXAM/USB/USBFS/HOST_IAP/HOST_IAP/User/USB_Host/usb_host_config.h(L77)
hostiap-l103-fs,CH32L103/EVT/EXAM/USB/USBFS/HOST_IAP/HOST_IAP/User/USB_Host/usb_host_config.h,78,DEF_CTRL_TRANS_TIMEOVER_CNT,60000,#,single-source,evt:CH32L103/EVT/EXAM/USB/USBFS/HOST_IAP/HOST_IAP/User/USB_Host/usb_host_config.h(L78)
hostiap-l103-fs,CH32L103/EVT/EXAM/USB/USBFS/HOST_IAP/HOST_IAP/User/USB_Host/usb_host_config.h,81,DEF_ONE_USB_SUP_DEV_TOTAL,1,#,single-source,evt:CH32L103/EVT/EXAM/USB/USBFS/HOST_IAP/HOST_IAP/User/USB_Host/usb_host_config.h(L81)
hostiap-l103-fs,CH32L103/EVT/EXAM/USB/USBFS/HOST_IAP/HOST_IAP/User/USB_Host/usb_host_config.h,82,DEF_NEXT_HUB_PORT_NUM_MAX,4,#,single-source,evt:CH32L103/EVT/EXAM/USB/USBFS/HOST_IAP/HOST_IAP/User/USB_Host/usb_host_config.h(L82)
hostiap-l103-fs,CH32L103/EVT/EXAM/USB/USBFS/HOST_IAP/HOST_IAP/User/USB_Host/usb_host_config.h,83,DEF_INTERFACE_NUM_MAX,4,#,single-source,evt:CH32L103/EVT/EXAM/USB/USBFS/HOST_IAP/HOST_IAP/User/USB_Host/usb_host_config.h(L83)
hostiap-l103-fs,CH32L103/EVT/EXAM/USB/USBFS/HOST_IAP/HOST_IAP/User/USB_Host/usb_host_config.h,84,DEF_COM_BUF_LEN,255,#,single-source,evt:CH32L103/EVT/EXAM/USB/USBFS/HOST_IAP/HOST_IAP/User/USB_Host/usb_host_config.h(L84)
hostiap-l103-fs,CH32L103/EVT/EXAM/USB/USBFS/HOST_IAP/HOST_IAP/User/USB_Host/usb_host_config.h,87,DEF_DEBUG_PRINTF,1,#,single-source,evt:CH32L103/EVT/EXAM/USB/USBFS/HOST_IAP/HOST_IAP/User/USB_Host/usb_host_config.h(L87)
hostiap-l103-fs,CH32L103/EVT/EXAM/USB/USBFS/HOST_IAP/HOST_IAP/User/system_ch32l103.c,28,SYSCLK_FREQ_96MHz_HSI,96000000,#,single-source,evt:CH32L103/EVT/EXAM/USB/USBFS/HOST_IAP/HOST_IAP/User/system_ch32l103.c(L28)
hostiap-m030-fs,CH32M030/EVT/EXAM/USB/USBFS/HOST_IAP/HOST_IAP/User/Host_IAP/usb_host_iap.h,30,DEF_CORE_RV,0x01,#,single-source,evt:CH32M030/EVT/EXAM/USB/USBFS/HOST_IAP/HOST_IAP/User/Host_IAP/usb_host_iap.h(L30)
hostiap-m030-fs,CH32M030/EVT/EXAM/USB/USBFS/HOST_IAP/HOST_IAP/User/Host_IAP/usb_host_iap.h,31,DEF_CORE_CM3,0x10,#,single-source,evt:CH32M030/EVT/EXAM/USB/USBFS/HOST_IAP/HOST_IAP/User/Host_IAP/usb_host_iap.h(L31)
hostiap-m030-fs,CH32M030/EVT/EXAM/USB/USBFS/HOST_IAP/HOST_IAP/User/Host_IAP/usb_host_iap.h,32,DEF_CORE_TYPE,DEF_CORE_RV,#,single-source,evt:CH32M030/EVT/EXAM/USB/USBFS/HOST_IAP/HOST_IAP/User/Host_IAP/usb_host_iap.h(L32)
hostiap-m030-fs,CH32M030/EVT/EXAM/USB/USBFS/HOST_IAP/HOST_IAP/User/Host_IAP/usb_host_iap.h,35,DEF_IAP_FILE_NAME,"""/APP.BIN""",#,single-source,evt:CH32M030/EVT/EXAM/USB/USBFS/HOST_IAP/HOST_IAP/User/Host_IAP/usb_host_iap.h(L35)
hostiap-m030-fs,CH32M030/EVT/EXAM/USB/USBFS/HOST_IAP/HOST_IAP/User/Host_IAP/usb_host_iap.h,38,DEF_IAP_SUCCESS,0x00,#,single-source,evt:CH32M030/EVT/EXAM/USB/USBFS/HOST_IAP/HOST_IAP/User/Host_IAP/usb_host_iap.h(L38)
hostiap-m030-fs,CH32M030/EVT/EXAM/USB/USBFS/HOST_IAP/HOST_IAP/User/Host_IAP/usb_host_iap.h,39,DEF_IAP_DEFAULT,0xFF,#,single-source,evt:CH32M030/EVT/EXAM/USB/USBFS/HOST_IAP/HOST_IAP/User/Host_IAP/usb_host_iap.h(L39)
hostiap-m030-fs,CH32M030/EVT/EXAM/USB/USBFS/HOST_IAP/HOST_IAP/User/Host_IAP/usb_host_iap.h,40,DEF_IAP_ERR_DETECT,0xF1,#,single-source,evt:CH32M030/EVT/EXAM/USB/USBFS/HOST_IAP/HOST_IAP/User/Host_IAP/usb_host_iap.h(L40)
hostiap-m030-fs,CH32M030/EVT/EXAM/USB/USBFS/HOST_IAP/HOST_IAP/User/Host_IAP/usb_host_iap.h,41,DEF_IAP_ERR_ENUM,0xF2,#,single-source,evt:CH32M030/EVT/EXAM/USB/USBFS/HOST_IAP/HOST_IAP/User/Host_IAP/usb_host_iap.h(L41)
hostiap-m030-fs,CH32M030/EVT/EXAM/USB/USBFS/HOST_IAP/HOST_IAP/User/Host_IAP/usb_host_iap.h,42,DEF_IAP_ERR_FILE,0xF3,#,single-source,evt:CH32M030/EVT/EXAM/USB/USBFS/HOST_IAP/HOST_IAP/User/Host_IAP/usb_host_iap.h(L42)
hostiap-m030-fs,CH32M030/EVT/EXAM/USB/USBFS/HOST_IAP/HOST_IAP/User/Host_IAP/usb_host_iap.h,43,DEF_IAP_ERR_FLASH,0xF4,#,single-source,evt:CH32M030/EVT/EXAM/USB/USBFS/HOST_IAP/HOST_IAP/User/Host_IAP/usb_host_iap.h(L43)
hostiap-m030-fs,CH32M030/EVT/EXAM/USB/USBFS/HOST_IAP/HOST_IAP/User/Host_IAP/usb_host_iap.h,44,DEF_IAP_ERR_VERIFY,0xF5,#,single-source,evt:CH32M030/EVT/EXAM/USB/USBFS/HOST_IAP/HOST_IAP/User/Host_IAP/usb_host_iap.h(L44)
hostiap-m030-fs,CH32M030/EVT/EXAM/USB/USBFS/HOST_IAP/HOST_IAP/User/Host_IAP/usb_host_iap.h,45,DEF_IAP_ERR_LENGTH,0xF6,#,single-source,evt:CH32M030/EVT/EXAM/USB/USBFS/HOST_IAP/HOST_IAP/User/Host_IAP/usb_host_iap.h(L45)
hostiap-m030-fs,CH32M030/EVT/EXAM/USB/USBFS/HOST_IAP/HOST_IAP/User/Host_IAP/usb_host_iap.h,48,DEF_MAX_IAP_BUFFER_LEN,1024,#,single-source,evt:CH32M030/EVT/EXAM/USB/USBFS/HOST_IAP/HOST_IAP/User/Host_IAP/usb_host_iap.h(L48)
hostiap-m030-fs,CH32M030/EVT/EXAM/USB/USBFS/HOST_IAP/HOST_IAP/User/Host_IAP/usb_host_iap.h,51,DEF_FLASH_PAGE_SIZE,128,#,single-source,evt:CH32M030/EVT/EXAM/USB/USBFS/HOST_IAP/HOST_IAP/User/Host_IAP/usb_host_iap.h(L51)
hostiap-m030-fs,CH32M030/EVT/EXAM/USB/USBFS/HOST_IAP/HOST_IAP/User/Host_IAP/usb_host_iap.h,54,DEF_APP_CODE_START_ADDR,0x08008000,#,single-source,evt:CH32M030/EVT/EXAM/USB/USBFS/HOST_IAP/HOST_IAP/User/Host_IAP/usb_host_iap.h(L54)
hostiap-m030-fs,CH32M030/EVT/EXAM/USB/USBFS/HOST_IAP/HOST_IAP/User/Host_IAP/usb_host_iap.h,55,DEF_APP_CODE_END_ADDR,0x08010000,#,single-source,evt:CH32M030/EVT/EXAM/USB/USBFS/HOST_IAP/HOST_IAP/User/Host_IAP/usb_host_iap.h(L55)
hostiap-m030-fs,CH32M030/EVT/EXAM/USB/USBFS/HOST_IAP/HOST_IAP/User/Host_IAP/usb_host_iap.h,58,DEF_APP_CODE_MAXLEN,(DEF_APP_CODE_END_ADDR-DEF_APP_CODE_START_ADDR),#,single-source,evt:CH32M030/EVT/EXAM/USB/USBFS/HOST_IAP/HOST_IAP/User/Host_IAP/usb_host_iap.h(L58)
hostiap-m030-fs,CH32M030/EVT/EXAM/USB/USBFS/HOST_IAP/HOST_IAP/User/Host_IAP/usb_host_iap.h,61,DEF_VERIFY_CODE_START_ADDR,0x08007F00,#,single-source,evt:CH32M030/EVT/EXAM/USB/USBFS/HOST_IAP/HOST_IAP/User/Host_IAP/usb_host_iap.h(L61)
hostiap-m030-fs,CH32M030/EVT/EXAM/USB/USBFS/HOST_IAP/HOST_IAP/User/Host_IAP/usb_host_iap.h,62,DEF_VERIFY_CODE_END_ADDR,0x08008000,#,single-source,evt:CH32M030/EVT/EXAM/USB/USBFS/HOST_IAP/HOST_IAP/User/Host_IAP/usb_host_iap.h(L62)
hostiap-m030-fs,CH32M030/EVT/EXAM/USB/USBFS/HOST_IAP/HOST_IAP/User/Host_IAP/usb_host_iap.h,63,DEF_VERIFY_CODE_MAXLEN,(DEF_VERIFY_CODE_END_ADDR-DEF_VERIFY_CODE_START_ADDR),#,single-source,evt:CH32M030/EVT/EXAM/USB/USBFS/HOST_IAP/HOST_IAP/User/Host_IAP/usb_host_iap.h(L63)
hostiap-m030-fs,CH32M030/EVT/EXAM/USB/USBFS/HOST_IAP/HOST_IAP/User/Host_IAP/usb_host_iap.h,64,DEF_VERIFY_CODE_LEN,0x10,#,single-source,evt:CH32M030/EVT/EXAM/USB/USBFS/HOST_IAP/HOST_IAP/User/Host_IAP/usb_host_iap.h(L64)
hostiap-m030-fs,CH32M030/EVT/EXAM/USB/USBFS/HOST_IAP/HOST_IAP/User/Host_IAP/usb_host_iap.h,67,DEF_FLASH_OPERATION_KEY_CODE_0,0x1A86FF00,#,single-source,evt:CH32M030/EVT/EXAM/USB/USBFS/HOST_IAP/HOST_IAP/User/Host_IAP/usb_host_iap.h(L67)
hostiap-m030-fs,CH32M030/EVT/EXAM/USB/USBFS/HOST_IAP/HOST_IAP/User/Host_IAP/usb_host_iap.h,68,DEF_FLASH_OPERATION_KEY_CODE_1,0x55AA55AA,#,single-source,evt:CH32M030/EVT/EXAM/USB/USBFS/HOST_IAP/HOST_IAP/User/Host_IAP/usb_host_iap.h(L68)
hostiap-m030-fs,CH32M030/EVT/EXAM/USB/USBFS/HOST_IAP/HOST_IAP/User/USB_Host/ch32m030_usbfs_host.h,24,pUSBFS_SetupRequest,( (PUSB_SETUP_REQ)USBFS_TX_Buf ),#,single-source,evt:CH32M030/EVT/EXAM/USB/USBFS/HOST_IAP/HOST_IAP/User/USB_Host/ch32m030_usbfs_host.h(L24)
hostiap-m030-fs,CH32M030/EVT/EXAM/USB/USBFS/HOST_IAP/HOST_IAP/User/USB_Host/ch32m030_usbfs_host.h,77,USBFS_RX_Buf,RxBuffer,#,single-source,evt:CH32M030/EVT/EXAM/USB/USBFS/HOST_IAP/HOST_IAP/User/USB_Host/ch32m030_usbfs_host.h(L77)
hostiap-m030-fs,CH32M030/EVT/EXAM/USB/USBFS/HOST_IAP/HOST_IAP/User/USB_Host/ch32m030_usbfs_host.h,78,USBFS_TX_Buf,TxBuffer,#,single-source,evt:CH32M030/EVT/EXAM/USB/USBFS/HOST_IAP/HOST_IAP/User/USB_Host/ch32m030_usbfs_host.h(L78)
hostiap-m030-fs,CH32M030/EVT/EXAM/USB/USBFS/HOST_IAP/HOST_IAP/User/USB_Host/usb_host_config.h,31,DEF_TOTAL_ROOT_HUB,1,#,single-source,evt:CH32M030/EVT/EXAM/USB/USBFS/HOST_IAP/HOST_IAP/User/USB_Host/usb_host_config.h(L31)
hostiap-m030-fs,CH32M030/EVT/EXAM/USB/USBFS/HOST_IAP/HOST_IAP/User/USB_Host/usb_host_config.h,32,DEF_USB_PORT_FS_EN,1,#,single-source,evt:CH32M030/EVT/EXAM/USB/USBFS/HOST_IAP/HOST_IAP/User/USB_Host/usb_host_config.h(L32)
hostiap-m030-fs,CH32M030/EVT/EXAM/USB/USBFS/HOST_IAP/HOST_IAP/User/USB_Host/usb_host_config.h,33,DEF_USB_PORT_FS,0x00,#,single-source,evt:CH32M030/EVT/EXAM/USB/USBFS/HOST_IAP/HOST_IAP/User/USB_Host/usb_host_config.h(L33)
hostiap-m030-fs,CH32M030/EVT/EXAM/USB/USBFS/HOST_IAP/HOST_IAP/User/USB_Host/usb_host_config.h,36,ROOT_DEV_DISCONNECT,0,#,single-source,evt:CH32M030/EVT/EXAM/USB/USBFS/HOST_IAP/HOST_IAP/User/USB_Host/usb_host_config.h(L36)
hostiap-m030-fs,CH32M030/EVT/EXAM/USB/USBFS/HOST_IAP/HOST_IAP/User/USB_Host/usb_host_config.h,37,ROOT_DEV_CONNECTED,1,#,single-source,evt:CH32M030/EVT/EXAM/USB/USBFS/HOST_IAP/HOST_IAP/User/USB_Host/usb_host_config.h(L37)
hostiap-m030-fs,CH32M030/EVT/EXAM/USB/USBFS/HOST_IAP/HOST_IAP/User/USB_Host/usb_host_config.h,38,ROOT_DEV_FAILED,2,#,single-source,evt:CH32M030/EVT/EXAM/USB/USBFS/HOST_IAP/HOST_IAP/User/USB_Host/usb_host_config.h(L38)
hostiap-m030-fs,CH32M030/EVT/EXAM/USB/USBFS/HOST_IAP/HOST_IAP/User/USB_Host/usb_host_config.h,39,ROOT_DEV_SUCCESS,3,#,single-source,evt:CH32M030/EVT/EXAM/USB/USBFS/HOST_IAP/HOST_IAP/User/USB_Host/usb_host_config.h(L39)
hostiap-m030-fs,CH32M030/EVT/EXAM/USB/USBFS/HOST_IAP/HOST_IAP/User/USB_Host/usb_host_config.h,42,USB_DEVICE_ADDR,0x02,#,single-source,evt:CH32M030/EVT/EXAM/USB/USBFS/HOST_IAP/HOST_IAP/User/USB_Host/usb_host_config.h(L42)
hostiap-m030-fs,CH32M030/EVT/EXAM/USB/USBFS/HOST_IAP/HOST_IAP/User/USB_Host/usb_host_config.h,45,USB_LOW_SPEED,0x00,#,single-source,evt:CH32M030/EVT/EXAM/USB/USBFS/HOST_IAP/HOST_IAP/User/USB_Host/usb_host_config.h(L45)
hostiap-m030-fs,CH32M030/EVT/EXAM/USB/USBFS/HOST_IAP/HOST_IAP/User/USB_Host/usb_host_config.h,46,USB_FULL_SPEED,0x01,#,single-source,evt:CH32M030/EVT/EXAM/USB/USBFS/HOST_IAP/HOST_IAP/User/USB_Host/usb_host_config.h(L46)
hostiap-m030-fs,CH32M030/EVT/EXAM/USB/USBFS/HOST_IAP/HOST_IAP/User/USB_Host/usb_host_config.h,47,USB_HIGH_SPEED,0x02,#,single-source,evt:CH32M030/EVT/EXAM/USB/USBFS/HOST_IAP/HOST_IAP/User/USB_Host/usb_host_config.h(L47)
hostiap-m030-fs,CH32M030/EVT/EXAM/USB/USBFS/HOST_IAP/HOST_IAP/User/USB_Host/usb_host_config.h,48,USB_SPEED_CHECK_ERR,0xFF,#,single-source,evt:CH32M030/EVT/EXAM/USB/USBFS/HOST_IAP/HOST_IAP/User/USB_Host/usb_host_config.h(L48)
hostiap-m030-fs,CH32M030/EVT/EXAM/USB/USBFS/HOST_IAP/HOST_IAP/User/USB_Host/usb_host_config.h,51,DEF_DECR_CONFIG,0x02,#,single-source,evt:CH32M030/EVT/EXAM/USB/USBFS/HOST_IAP/HOST_IAP/User/USB_Host/usb_host_config.h(L51)
hostiap-m030-fs,CH32M030/EVT/EXAM/USB/USBFS/HOST_IAP/HOST_IAP/User/USB_Host/usb_host_config.h,52,DEF_DECR_INTERFACE,0x04,#,single-source,evt:CH32M030/EVT/EXAM/USB/USBFS/HOST_IAP/HOST_IAP/User/USB_Host/usb_host_config.h(L52)
hostiap-m030-fs,CH32M030/EVT/EXAM/USB/USBFS/HOST_IAP/HOST_IAP/User/USB_Host/usb_host_config.h,53,DEF_DECR_ENDPOINT,0x05,#,single-source,evt:CH32M030/EVT/EXAM/USB/USBFS/HOST_IAP/HOST_IAP/User/USB_Host/usb_host_config.h(L53)
hostiap-m030-fs,CH32M030/EVT/EXAM/USB/USBFS/HOST_IAP/HOST_IAP/User/USB_Host/usb_host_config.h,54,DEF_DECR_HID,0x21,#,single-source,evt:CH32M030/EVT/EXAM/USB/USBFS/HOST_IAP/HOST_IAP/User/USB_Host/usb_host_config.h(L54)
hostiap-m030-fs,CH32M030/EVT/EXAM/USB/USBFS/HOST_IAP/HOST_IAP/User/USB_Host/usb_host_config.h,57,ERR_SUCCESS,0x00,#,single-source,evt:CH32M030/EVT/EXAM/USB/USBFS/HOST_IAP/HOST_IAP/User/USB_Host/usb_host_config.h(L57)
hostiap-m030-fs,CH32M030/EVT/EXAM/USB/USBFS/HOST_IAP/HOST_IAP/User/USB_Host/usb_host_config.h,58,ERR_USB_CONNECT,0x15,#,single-source,evt:CH32M030/EVT/EXAM/USB/USBFS/HOST_IAP/HOST_IAP/User/USB_Host/usb_host_config.h(L58)
hostiap-m030-fs,CH32M030/EVT/EXAM/USB/USBFS/HOST_IAP/HOST_IAP/User/USB_Host/usb_host_config.h,59,ERR_USB_DISCON,0x16,#,single-source,evt:CH32M030/EVT/EXAM/USB/USBFS/HOST_IAP/HOST_IAP/User/USB_Host/usb_host_config.h(L59)
hostiap-m030-fs,CH32M030/EVT/EXAM/USB/USBFS/HOST_IAP/HOST_IAP/User/USB_Host/usb_host_config.h,60,ERR_USB_BUF_OVER,0x17,#,single-source,evt:CH32M030/EVT/EXAM/USB/USBFS/HOST_IAP/HOST_IAP/User/USB_Host/usb_host_config.h(L60)
hostiap-m030-fs,CH32M030/EVT/EXAM/USB/USBFS/HOST_IAP/HOST_IAP/User/USB_Host/usb_host_config.h,61,ERR_USB_DISK_ERR,0x1F,#,single-source,evt:CH32M030/EVT/EXAM/USB/USBFS/HOST_IAP/HOST_IAP/User/USB_Host/usb_host_config.h(L61)
hostiap-m030-fs,CH32M030/EVT/EXAM/USB/USBFS/HOST_IAP/HOST_IAP/User/USB_Host/usb_host_config.h,62,ERR_USB_TRANSFER,0x20,#,single-source,evt:CH32M030/EVT/EXAM/USB/USBFS/HOST_IAP/HOST_IAP/User/USB_Host/usb_host_config.h(L62)
hostiap-m030-fs,CH32M030/EVT/EXAM/USB/USBFS/HOST_IAP/HOST_IAP/User/USB_Host/usb_host_config.h,63,ERR_USB_UNSUPPORT,0xFB,#,single-source,evt:CH32M030/EVT/EXAM/USB/USBFS/HOST_IAP/HOST_IAP/User/USB_Host/usb_host_config.h(L63)
hostiap-m030-fs,CH32M030/EVT/EXAM/USB/USBFS/HOST_IAP/HOST_IAP/User/USB_Host/usb_host_config.h,64,ERR_USB_UNAVAILABLE,0xFC,#,single-source,evt:CH32M030/EVT/EXAM/USB/USBFS/HOST_IAP/HOST_IAP/User/USB_Host/usb_host_config.h(L64)
hostiap-m030-fs,CH32M030/EVT/EXAM/USB/USBFS/HOST_IAP/HOST_IAP/User/USB_Host/usb_host_config.h,65,ERR_USB_UNKNOWN,0xFE,#,single-source,evt:CH32M030/EVT/EXAM/USB/USBFS/HOST_IAP/HOST_IAP/User/USB_Host/usb_host_config.h(L65)
hostiap-m030-fs,CH32M030/EVT/EXAM/USB/USBFS/HOST_IAP/HOST_IAP/User/USB_Host/usb_host_config.h,68,DEF_DEV_DESCR_GETFAIL,0x45,#,single-source,evt:CH32M030/EVT/EXAM/USB/USBFS/HOST_IAP/HOST_IAP/User/USB_Host/usb_host_config.h(L68)
hostiap-m030-fs,CH32M030/EVT/EXAM/USB/USBFS/HOST_IAP/HOST_IAP/User/USB_Host/usb_host_config.h,69,DEF_DEV_ADDR_SETFAIL,0x46,#,single-source,evt:CH32M030/EVT/EXAM/USB/USBFS/HOST_IAP/HOST_IAP/User/USB_Host/usb_host_config.h(L69)
hostiap-m030-fs,CH32M030/EVT/EXAM/USB/USBFS/HOST_IAP/HOST_IAP/User/USB_Host/usb_host_config.h,70,DEF_CFG_DESCR_GETFAIL,0x47,#,single-source,evt:CH32M030/EVT/EXAM/USB/USBFS/HOST_IAP/HOST_IAP/User/USB_Host/usb_host_config.h(L70)
hostiap-m030-fs,CH32M030/EVT/EXAM/USB/USBFS/HOST_IAP/HOST_IAP/User/USB_Host/usb_host_config.h,71,DEF_REP_DESCR_GETFAIL,0x48,#,single-source,evt:CH32M030/EVT/EXAM/USB/USBFS/HOST_IAP/HOST_IAP/User/USB_Host/usb_host_config.h(L71)
hostiap-m030-fs,CH32M030/EVT/EXAM/USB/USBFS/HOST_IAP/HOST_IAP/User/USB_Host/usb_host_config.h,72,DEF_DEV_TYPE_UNKNOWN,0xFF,#,single-source,evt:CH32M030/EVT/EXAM/USB/USBFS/HOST_IAP/HOST_IAP/User/USB_Host/usb_host_config.h(L72)
hostiap-m030-fs,CH32M030/EVT/EXAM/USB/USBFS/HOST_IAP/HOST_IAP/User/USB_Host/usb_host_config.h,75,DEF_BUS_RESET_TIME,11,#,single-source,evt:CH32M030/EVT/EXAM/USB/USBFS/HOST_IAP/HOST_IAP/User/USB_Host/usb_host_config.h(L75)
hostiap-m030-fs,CH32M030/EVT/EXAM/USB/USBFS/HOST_IAP/HOST_IAP/User/USB_Host/usb_host_config.h,76,DEF_RE_ATTACH_TIMEOUT,100,#,single-source,evt:CH32M030/EVT/EXAM/USB/USBFS/HOST_IAP/HOST_IAP/User/USB_Host/usb_host_config.h(L76)
hostiap-m030-fs,CH32M030/EVT/EXAM/USB/USBFS/HOST_IAP/HOST_IAP/User/USB_Host/usb_host_config.h,77,DEF_WAIT_USB_TOUT_200US,1000,#,single-source,evt:CH32M030/EVT/EXAM/USB/USBFS/HOST_IAP/HOST_IAP/User/USB_Host/usb_host_config.h(L77)
hostiap-m030-fs,CH32M030/EVT/EXAM/USB/USBFS/HOST_IAP/HOST_IAP/User/USB_Host/usb_host_config.h,78,DEF_CTRL_TRANS_TIMEOVER_CNT,60000,#,single-source,evt:CH32M030/EVT/EXAM/USB/USBFS/HOST_IAP/HOST_IAP/User/USB_Host/usb_host_config.h(L78)
hostiap-m030-fs,CH32M030/EVT/EXAM/USB/USBFS/HOST_IAP/HOST_IAP/User/USB_Host/usb_host_config.h,81,DEF_ONE_USB_SUP_DEV_TOTAL,1,#,single-source,evt:CH32M030/EVT/EXAM/USB/USBFS/HOST_IAP/HOST_IAP/User/USB_Host/usb_host_config.h(L81)
hostiap-m030-fs,CH32M030/EVT/EXAM/USB/USBFS/HOST_IAP/HOST_IAP/User/USB_Host/usb_host_config.h,82,DEF_NEXT_HUB_PORT_NUM_MAX,4,#,single-source,evt:CH32M030/EVT/EXAM/USB/USBFS/HOST_IAP/HOST_IAP/User/USB_Host/usb_host_config.h(L82)
hostiap-m030-fs,CH32M030/EVT/EXAM/USB/USBFS/HOST_IAP/HOST_IAP/User/USB_Host/usb_host_config.h,83,DEF_INTERFACE_NUM_MAX,4,#,single-source,evt:CH32M030/EVT/EXAM/USB/USBFS/HOST_IAP/HOST_IAP/User/USB_Host/usb_host_config.h(L83)
hostiap-m030-fs,CH32M030/EVT/EXAM/USB/USBFS/HOST_IAP/HOST_IAP/User/USB_Host/usb_host_config.h,84,DEF_COM_BUF_LEN,255,#,single-source,evt:CH32M030/EVT/EXAM/USB/USBFS/HOST_IAP/HOST_IAP/User/USB_Host/usb_host_config.h(L84)
hostiap-m030-fs,CH32M030/EVT/EXAM/USB/USBFS/HOST_IAP/HOST_IAP/User/USB_Host/usb_host_config.h,87,DEF_DEBUG_PRINTF,1,#,single-source,evt:CH32M030/EVT/EXAM/USB/USBFS/HOST_IAP/HOST_IAP/User/USB_Host/usb_host_config.h(L87)
hostiap-m030-fs,CH32M030/EVT/EXAM/USB/USBFS/HOST_IAP/HOST_IAP/User/system_ch32m030.c,26,SYSCLK_FREQ_72MHz_HSI,72000000,#,single-source,evt:CH32M030/EVT/EXAM/USB/USBFS/HOST_IAP/HOST_IAP/User/system_ch32m030.c(L26)
hostiap-v103-fs,CH32V103/EVT/EXAM/USB/USBFS/HOST_IAP/HOST_IAP/User/Host_IAP/usb_host_iap.h,25,DEF_CORE_RV,0x01,#,single-source,evt:CH32V103/EVT/EXAM/USB/USBFS/HOST_IAP/HOST_IAP/User/Host_IAP/usb_host_iap.h(L25)
hostiap-v103-fs,CH32V103/EVT/EXAM/USB/USBFS/HOST_IAP/HOST_IAP/User/Host_IAP/usb_host_iap.h,26,DEF_CORE_CM3,0x10,#,single-source,evt:CH32V103/EVT/EXAM/USB/USBFS/HOST_IAP/HOST_IAP/User/Host_IAP/usb_host_iap.h(L26)
hostiap-v103-fs,CH32V103/EVT/EXAM/USB/USBFS/HOST_IAP/HOST_IAP/User/Host_IAP/usb_host_iap.h,27,DEF_CORE_TYPE,DEF_CORE_RV,#,single-source,evt:CH32V103/EVT/EXAM/USB/USBFS/HOST_IAP/HOST_IAP/User/Host_IAP/usb_host_iap.h(L27)
hostiap-v103-fs,CH32V103/EVT/EXAM/USB/USBFS/HOST_IAP/HOST_IAP/User/Host_IAP/usb_host_iap.h,30,DEF_IAP_FILE_NAME,"""/APP.BIN""",#,single-source,evt:CH32V103/EVT/EXAM/USB/USBFS/HOST_IAP/HOST_IAP/User/Host_IAP/usb_host_iap.h(L30)
hostiap-v103-fs,CH32V103/EVT/EXAM/USB/USBFS/HOST_IAP/HOST_IAP/User/Host_IAP/usb_host_iap.h,33,DEF_IAP_SUCCESS,0x00,#,single-source,evt:CH32V103/EVT/EXAM/USB/USBFS/HOST_IAP/HOST_IAP/User/Host_IAP/usb_host_iap.h(L33)
hostiap-v103-fs,CH32V103/EVT/EXAM/USB/USBFS/HOST_IAP/HOST_IAP/User/Host_IAP/usb_host_iap.h,34,DEF_IAP_DEFAULT,0xFF,#,single-source,evt:CH32V103/EVT/EXAM/USB/USBFS/HOST_IAP/HOST_IAP/User/Host_IAP/usb_host_iap.h(L34)
hostiap-v103-fs,CH32V103/EVT/EXAM/USB/USBFS/HOST_IAP/HOST_IAP/User/Host_IAP/usb_host_iap.h,35,DEF_IAP_ERR_DETECT,0xF1,#,single-source,evt:CH32V103/EVT/EXAM/USB/USBFS/HOST_IAP/HOST_IAP/User/Host_IAP/usb_host_iap.h(L35)
hostiap-v103-fs,CH32V103/EVT/EXAM/USB/USBFS/HOST_IAP/HOST_IAP/User/Host_IAP/usb_host_iap.h,36,DEF_IAP_ERR_ENUM,0xF2,#,single-source,evt:CH32V103/EVT/EXAM/USB/USBFS/HOST_IAP/HOST_IAP/User/Host_IAP/usb_host_iap.h(L36)
hostiap-v103-fs,CH32V103/EVT/EXAM/USB/USBFS/HOST_IAP/HOST_IAP/User/Host_IAP/usb_host_iap.h,37,DEF_IAP_ERR_FILE,0xF3,#,single-source,evt:CH32V103/EVT/EXAM/USB/USBFS/HOST_IAP/HOST_IAP/User/Host_IAP/usb_host_iap.h(L37)
hostiap-v103-fs,CH32V103/EVT/EXAM/USB/USBFS/HOST_IAP/HOST_IAP/User/Host_IAP/usb_host_iap.h,38,DEF_IAP_ERR_FLASH,0xF4,#,single-source,evt:CH32V103/EVT/EXAM/USB/USBFS/HOST_IAP/HOST_IAP/User/Host_IAP/usb_host_iap.h(L38)
hostiap-v103-fs,CH32V103/EVT/EXAM/USB/USBFS/HOST_IAP/HOST_IAP/User/Host_IAP/usb_host_iap.h,39,DEF_IAP_ERR_VERIFY,0xF5,#,single-source,evt:CH32V103/EVT/EXAM/USB/USBFS/HOST_IAP/HOST_IAP/User/Host_IAP/usb_host_iap.h(L39)
hostiap-v103-fs,CH32V103/EVT/EXAM/USB/USBFS/HOST_IAP/HOST_IAP/User/Host_IAP/usb_host_iap.h,40,DEF_IAP_ERR_LENGTH,0xF6,#,single-source,evt:CH32V103/EVT/EXAM/USB/USBFS/HOST_IAP/HOST_IAP/User/Host_IAP/usb_host_iap.h(L40)
hostiap-v103-fs,CH32V103/EVT/EXAM/USB/USBFS/HOST_IAP/HOST_IAP/User/Host_IAP/usb_host_iap.h,43,DEF_MAX_IAP_BUFFER_LEN,1024,#,single-source,evt:CH32V103/EVT/EXAM/USB/USBFS/HOST_IAP/HOST_IAP/User/Host_IAP/usb_host_iap.h(L43)
hostiap-v103-fs,CH32V103/EVT/EXAM/USB/USBFS/HOST_IAP/HOST_IAP/User/Host_IAP/usb_host_iap.h,46,DEF_FLASH_PAGE_SIZE,0x80,#,single-source,evt:CH32V103/EVT/EXAM/USB/USBFS/HOST_IAP/HOST_IAP/User/Host_IAP/usb_host_iap.h(L46)
hostiap-v103-fs,CH32V103/EVT/EXAM/USB/USBFS/HOST_IAP/HOST_IAP/User/Host_IAP/usb_host_iap.h,49,DEF_APP_CODE_START_ADDR,0x08005000,#,single-source,evt:CH32V103/EVT/EXAM/USB/USBFS/HOST_IAP/HOST_IAP/User/Host_IAP/usb_host_iap.h(L49)
hostiap-v103-fs,CH32V103/EVT/EXAM/USB/USBFS/HOST_IAP/HOST_IAP/User/Host_IAP/usb_host_iap.h,50,DEF_APP_CODE_END_ADDR,0x08010000,#,single-source,evt:CH32V103/EVT/EXAM/USB/USBFS/HOST_IAP/HOST_IAP/User/Host_IAP/usb_host_iap.h(L50)
hostiap-v103-fs,CH32V103/EVT/EXAM/USB/USBFS/HOST_IAP/HOST_IAP/User/Host_IAP/usb_host_iap.h,52,DEF_APP_CODE_MAXLEN,(DEF_APP_CODE_END_ADDR-DEF_APP_CODE_START_ADDR),#,single-source,evt:CH32V103/EVT/EXAM/USB/USBFS/HOST_IAP/HOST_IAP/User/Host_IAP/usb_host_iap.h(L52)
hostiap-v103-fs,CH32V103/EVT/EXAM/USB/USBFS/HOST_IAP/HOST_IAP/User/Host_IAP/usb_host_iap.h,55,DEF_VERIFY_CODE_START_ADDR,0x08004F00,#,single-source,evt:CH32V103/EVT/EXAM/USB/USBFS/HOST_IAP/HOST_IAP/User/Host_IAP/usb_host_iap.h(L55)
hostiap-v103-fs,CH32V103/EVT/EXAM/USB/USBFS/HOST_IAP/HOST_IAP/User/Host_IAP/usb_host_iap.h,56,DEF_VERIFY_CODE_END_ADDR,0x08005000,#,single-source,evt:CH32V103/EVT/EXAM/USB/USBFS/HOST_IAP/HOST_IAP/User/Host_IAP/usb_host_iap.h(L56)
hostiap-v103-fs,CH32V103/EVT/EXAM/USB/USBFS/HOST_IAP/HOST_IAP/User/Host_IAP/usb_host_iap.h,57,DEF_VERIFY_CODE_MAXLEN,(DEF_VERIFY_CODE_END_ADDR-DEF_VERIFY_CODE_START_ADDR),#,single-source,evt:CH32V103/EVT/EXAM/USB/USBFS/HOST_IAP/HOST_IAP/User/Host_IAP/usb_host_iap.h(L57)
hostiap-v103-fs,CH32V103/EVT/EXAM/USB/USBFS/HOST_IAP/HOST_IAP/User/Host_IAP/usb_host_iap.h,58,DEF_VERIFY_CODE_LEN,0x10,#,single-source,evt:CH32V103/EVT/EXAM/USB/USBFS/HOST_IAP/HOST_IAP/User/Host_IAP/usb_host_iap.h(L58)
hostiap-v103-fs,CH32V103/EVT/EXAM/USB/USBFS/HOST_IAP/HOST_IAP/User/Host_IAP/usb_host_iap.h,61,DEF_FLASH_OPERATION_KEY_CODE_0,0x1A86FF00,#,single-source,evt:CH32V103/EVT/EXAM/USB/USBFS/HOST_IAP/HOST_IAP/User/Host_IAP/usb_host_iap.h(L61)
hostiap-v103-fs,CH32V103/EVT/EXAM/USB/USBFS/HOST_IAP/HOST_IAP/User/Host_IAP/usb_host_iap.h,62,DEF_FLASH_OPERATION_KEY_CODE_1,0x55AA55AA,#,single-source,evt:CH32V103/EVT/EXAM/USB/USBFS/HOST_IAP/HOST_IAP/User/Host_IAP/usb_host_iap.h(L62)
hostiap-v103-fs,CH32V103/EVT/EXAM/USB/USBFS/HOST_IAP/HOST_IAP/User/USB_Host/ch32v10x_usbfs_host.h,29,pUSBFS_SetupRequest,( (PUSB_SETUP_REQ)USBFS_TX_Buf ),#,single-source,evt:CH32V103/EVT/EXAM/USB/USBFS/HOST_IAP/HOST_IAP/User/USB_Host/ch32v10x_usbfs_host.h(L29)
hostiap-v103-fs,CH32V103/EVT/EXAM/USB/USBFS/HOST_IAP/HOST_IAP/User/USB_Host/ch32v10x_usbfs_host.h,30,USBFS_RX_Buf_RX_Buf,RxBuffer,#,single-source,evt:CH32V103/EVT/EXAM/USB/USBFS/HOST_IAP/HOST_IAP/User/USB_Host/ch32v10x_usbfs_host.h(L30)
hostiap-v103-fs,CH32V103/EVT/EXAM/USB/USBFS/HOST_IAP/HOST_IAP/User/USB_Host/ch32v10x_usbfs_host.h,31,USBFS_TX_Buf,TxBuffer,#,single-source,evt:CH32V103/EVT/EXAM/USB/USBFS/HOST_IAP/HOST_IAP/User/USB_Host/ch32v10x_usbfs_host.h(L31)
hostiap-v103-fs,CH32V103/EVT/EXAM/USB/USBFS/HOST_IAP/HOST_IAP/User/USB_Host/usb_host_config.h,32,DEF_TOTAL_ROOT_HUB,1,#,single-source,evt:CH32V103/EVT/EXAM/USB/USBFS/HOST_IAP/HOST_IAP/User/USB_Host/usb_host_config.h(L32)
hostiap-v103-fs,CH32V103/EVT/EXAM/USB/USBFS/HOST_IAP/HOST_IAP/User/USB_Host/usb_host_config.h,33,DEF_USB_PORT_HD_EN,1,#,single-source,evt:CH32V103/EVT/EXAM/USB/USBFS/HOST_IAP/HOST_IAP/User/USB_Host/usb_host_config.h(L33)
hostiap-v103-fs,CH32V103/EVT/EXAM/USB/USBFS/HOST_IAP/HOST_IAP/User/USB_Host/usb_host_config.h,34,DEF_USB_PORT_HD,0x00,#,single-source,evt:CH32V103/EVT/EXAM/USB/USBFS/HOST_IAP/HOST_IAP/User/USB_Host/usb_host_config.h(L34)
hostiap-v103-fs,CH32V103/EVT/EXAM/USB/USBFS/HOST_IAP/HOST_IAP/User/USB_Host/usb_host_config.h,37,ROOT_DEV_DISCONNECT,0,#,single-source,evt:CH32V103/EVT/EXAM/USB/USBFS/HOST_IAP/HOST_IAP/User/USB_Host/usb_host_config.h(L37)
hostiap-v103-fs,CH32V103/EVT/EXAM/USB/USBFS/HOST_IAP/HOST_IAP/User/USB_Host/usb_host_config.h,38,ROOT_DEV_CONNECTED,1,#,single-source,evt:CH32V103/EVT/EXAM/USB/USBFS/HOST_IAP/HOST_IAP/User/USB_Host/usb_host_config.h(L38)
hostiap-v103-fs,CH32V103/EVT/EXAM/USB/USBFS/HOST_IAP/HOST_IAP/User/USB_Host/usb_host_config.h,39,ROOT_DEV_FAILED,2,#,single-source,evt:CH32V103/EVT/EXAM/USB/USBFS/HOST_IAP/HOST_IAP/User/USB_Host/usb_host_config.h(L39)
hostiap-v103-fs,CH32V103/EVT/EXAM/USB/USBFS/HOST_IAP/HOST_IAP/User/USB_Host/usb_host_config.h,40,ROOT_DEV_SUCCESS,3,#,single-source,evt:CH32V103/EVT/EXAM/USB/USBFS/HOST_IAP/HOST_IAP/User/USB_Host/usb_host_config.h(L40)
hostiap-v103-fs,CH32V103/EVT/EXAM/USB/USBFS/HOST_IAP/HOST_IAP/User/USB_Host/usb_host_config.h,43,USB_DEVICE_ADDR,0x02,#,single-source,evt:CH32V103/EVT/EXAM/USB/USBFS/HOST_IAP/HOST_IAP/User/USB_Host/usb_host_config.h(L43)
hostiap-v103-fs,CH32V103/EVT/EXAM/USB/USBFS/HOST_IAP/HOST_IAP/User/USB_Host/usb_host_config.h,46,USB_LOW_SPEED,0x00,#,single-source,evt:CH32V103/EVT/EXAM/USB/USBFS/HOST_IAP/HOST_IAP/User/USB_Host/usb_host_config.h(L46)
hostiap-v103-fs,CH32V103/EVT/EXAM/USB/USBFS/HOST_IAP/HOST_IAP/User/USB_Host/usb_host_config.h,47,USB_FULL_SPEED,0x01,#,single-source,evt:CH32V103/EVT/EXAM/USB/USBFS/HOST_IAP/HOST_IAP/User/USB_Host/usb_host_config.h(L47)
hostiap-v103-fs,CH32V103/EVT/EXAM/USB/USBFS/HOST_IAP/HOST_IAP/User/USB_Host/usb_host_config.h,48,USB_HIGH_SPEED,0x02,#,single-source,evt:CH32V103/EVT/EXAM/USB/USBFS/HOST_IAP/HOST_IAP/User/USB_Host/usb_host_config.h(L48)
hostiap-v103-fs,CH32V103/EVT/EXAM/USB/USBFS/HOST_IAP/HOST_IAP/User/USB_Host/usb_host_config.h,49,USB_SPEED_CHECK_ERR,0xFF,#,single-source,evt:CH32V103/EVT/EXAM/USB/USBFS/HOST_IAP/HOST_IAP/User/USB_Host/usb_host_config.h(L49)
hostiap-v103-fs,CH32V103/EVT/EXAM/USB/USBFS/HOST_IAP/HOST_IAP/User/USB_Host/usb_host_config.h,52,DEF_DECR_CONFIG,0x02,#,single-source,evt:CH32V103/EVT/EXAM/USB/USBFS/HOST_IAP/HOST_IAP/User/USB_Host/usb_host_config.h(L52)
hostiap-v103-fs,CH32V103/EVT/EXAM/USB/USBFS/HOST_IAP/HOST_IAP/User/USB_Host/usb_host_config.h,53,DEF_DECR_INTERFACE,0x04,#,single-source,evt:CH32V103/EVT/EXAM/USB/USBFS/HOST_IAP/HOST_IAP/User/USB_Host/usb_host_config.h(L53)
hostiap-v103-fs,CH32V103/EVT/EXAM/USB/USBFS/HOST_IAP/HOST_IAP/User/USB_Host/usb_host_config.h,54,DEF_DECR_ENDPOINT,0x05,#,single-source,evt:CH32V103/EVT/EXAM/USB/USBFS/HOST_IAP/HOST_IAP/User/USB_Host/usb_host_config.h(L54)
hostiap-v103-fs,CH32V103/EVT/EXAM/USB/USBFS/HOST_IAP/HOST_IAP/User/USB_Host/usb_host_config.h,55,DEF_DECR_HID,0x21,#,single-source,evt:CH32V103/EVT/EXAM/USB/USBFS/HOST_IAP/HOST_IAP/User/USB_Host/usb_host_config.h(L55)
hostiap-v103-fs,CH32V103/EVT/EXAM/USB/USBFS/HOST_IAP/HOST_IAP/User/USB_Host/usb_host_config.h,58,ERR_SUCCESS,0x00,#,single-source,evt:CH32V103/EVT/EXAM/USB/USBFS/HOST_IAP/HOST_IAP/User/USB_Host/usb_host_config.h(L58)
hostiap-v103-fs,CH32V103/EVT/EXAM/USB/USBFS/HOST_IAP/HOST_IAP/User/USB_Host/usb_host_config.h,59,ERR_USB_CONNECT,0x15,#,single-source,evt:CH32V103/EVT/EXAM/USB/USBFS/HOST_IAP/HOST_IAP/User/USB_Host/usb_host_config.h(L59)
hostiap-v103-fs,CH32V103/EVT/EXAM/USB/USBFS/HOST_IAP/HOST_IAP/User/USB_Host/usb_host_config.h,60,ERR_USB_DISCON,0x16,#,single-source,evt:CH32V103/EVT/EXAM/USB/USBFS/HOST_IAP/HOST_IAP/User/USB_Host/usb_host_config.h(L60)
hostiap-v103-fs,CH32V103/EVT/EXAM/USB/USBFS/HOST_IAP/HOST_IAP/User/USB_Host/usb_host_config.h,61,ERR_USB_BUF_OVER,0x17,#,single-source,evt:CH32V103/EVT/EXAM/USB/USBFS/HOST_IAP/HOST_IAP/User/USB_Host/usb_host_config.h(L61)
hostiap-v103-fs,CH32V103/EVT/EXAM/USB/USBFS/HOST_IAP/HOST_IAP/User/USB_Host/usb_host_config.h,62,ERR_USB_DISK_ERR,0x1F,#,single-source,evt:CH32V103/EVT/EXAM/USB/USBFS/HOST_IAP/HOST_IAP/User/USB_Host/usb_host_config.h(L62)
hostiap-v103-fs,CH32V103/EVT/EXAM/USB/USBFS/HOST_IAP/HOST_IAP/User/USB_Host/usb_host_config.h,63,ERR_USB_TRANSFER,0x20,#,single-source,evt:CH32V103/EVT/EXAM/USB/USBFS/HOST_IAP/HOST_IAP/User/USB_Host/usb_host_config.h(L63)
hostiap-v103-fs,CH32V103/EVT/EXAM/USB/USBFS/HOST_IAP/HOST_IAP/User/USB_Host/usb_host_config.h,64,ERR_USB_UNSUPPORT,0xFB,#,single-source,evt:CH32V103/EVT/EXAM/USB/USBFS/HOST_IAP/HOST_IAP/User/USB_Host/usb_host_config.h(L64)
hostiap-v103-fs,CH32V103/EVT/EXAM/USB/USBFS/HOST_IAP/HOST_IAP/User/USB_Host/usb_host_config.h,65,ERR_USB_UNAVAILABLE,0xFC,#,single-source,evt:CH32V103/EVT/EXAM/USB/USBFS/HOST_IAP/HOST_IAP/User/USB_Host/usb_host_config.h(L65)
hostiap-v103-fs,CH32V103/EVT/EXAM/USB/USBFS/HOST_IAP/HOST_IAP/User/USB_Host/usb_host_config.h,66,ERR_USB_UNKNOWN,0xFE,#,single-source,evt:CH32V103/EVT/EXAM/USB/USBFS/HOST_IAP/HOST_IAP/User/USB_Host/usb_host_config.h(L66)
hostiap-v103-fs,CH32V103/EVT/EXAM/USB/USBFS/HOST_IAP/HOST_IAP/User/USB_Host/usb_host_config.h,69,DEF_DEV_DESCR_GETFAIL,0x45,#,single-source,evt:CH32V103/EVT/EXAM/USB/USBFS/HOST_IAP/HOST_IAP/User/USB_Host/usb_host_config.h(L69)
hostiap-v103-fs,CH32V103/EVT/EXAM/USB/USBFS/HOST_IAP/HOST_IAP/User/USB_Host/usb_host_config.h,70,DEF_DEV_ADDR_SETFAIL,0x46,#,single-source,evt:CH32V103/EVT/EXAM/USB/USBFS/HOST_IAP/HOST_IAP/User/USB_Host/usb_host_config.h(L70)
hostiap-v103-fs,CH32V103/EVT/EXAM/USB/USBFS/HOST_IAP/HOST_IAP/User/USB_Host/usb_host_config.h,71,DEF_CFG_DESCR_GETFAIL,0x47,#,single-source,evt:CH32V103/EVT/EXAM/USB/USBFS/HOST_IAP/HOST_IAP/User/USB_Host/usb_host_config.h(L71)
hostiap-v103-fs,CH32V103/EVT/EXAM/USB/USBFS/HOST_IAP/HOST_IAP/User/USB_Host/usb_host_config.h,72,DEF_REP_DESCR_GETFAIL,0x48,#,single-source,evt:CH32V103/EVT/EXAM/USB/USBFS/HOST_IAP/HOST_IAP/User/USB_Host/usb_host_config.h(L72)
hostiap-v103-fs,CH32V103/EVT/EXAM/USB/USBFS/HOST_IAP/HOST_IAP/User/USB_Host/usb_host_config.h,73,DEF_DEV_TYPE_UNKNOWN,0xFF,#,single-source,evt:CH32V103/EVT/EXAM/USB/USBFS/HOST_IAP/HOST_IAP/User/USB_Host/usb_host_config.h(L73)
hostiap-v103-fs,CH32V103/EVT/EXAM/USB/USBFS/HOST_IAP/HOST_IAP/User/USB_Host/usb_host_config.h,76,DEF_BUS_RESET_TIME,11,#,single-source,evt:CH32V103/EVT/EXAM/USB/USBFS/HOST_IAP/HOST_IAP/User/USB_Host/usb_host_config.h(L76)
hostiap-v103-fs,CH32V103/EVT/EXAM/USB/USBFS/HOST_IAP/HOST_IAP/User/USB_Host/usb_host_config.h,77,DEF_RE_ATTACH_TIMEOUT,100,#,single-source,evt:CH32V103/EVT/EXAM/USB/USBFS/HOST_IAP/HOST_IAP/User/USB_Host/usb_host_config.h(L77)
hostiap-v103-fs,CH32V103/EVT/EXAM/USB/USBFS/HOST_IAP/HOST_IAP/User/USB_Host/usb_host_config.h,78,DEF_WAIT_USB_TOUT_200US,1000,#,single-source,evt:CH32V103/EVT/EXAM/USB/USBFS/HOST_IAP/HOST_IAP/User/USB_Host/usb_host_config.h(L78)
hostiap-v103-fs,CH32V103/EVT/EXAM/USB/USBFS/HOST_IAP/HOST_IAP/User/USB_Host/usb_host_config.h,79,DEF_CTRL_TRANS_TIMEOVER_CNT,60000,#,single-source,evt:CH32V103/EVT/EXAM/USB/USBFS/HOST_IAP/HOST_IAP/User/USB_Host/usb_host_config.h(L79)
hostiap-v103-fs,CH32V103/EVT/EXAM/USB/USBFS/HOST_IAP/HOST_IAP/User/USB_Host/usb_host_config.h,82,DEF_NEXT_HUB_PORT_NUM_MAX,1,#,single-source,evt:CH32V103/EVT/EXAM/USB/USBFS/HOST_IAP/HOST_IAP/User/USB_Host/usb_host_config.h(L82)
hostiap-v103-fs,CH32V103/EVT/EXAM/USB/USBFS/HOST_IAP/HOST_IAP/User/USB_Host/usb_host_config.h,83,DEF_COM_BUF_LEN,255,#,single-source,evt:CH32V103/EVT/EXAM/USB/USBFS/HOST_IAP/HOST_IAP/User/USB_Host/usb_host_config.h(L83)
hostiap-v103-fs,CH32V103/EVT/EXAM/USB/USBFS/HOST_IAP/HOST_IAP/User/USB_Host/usb_host_config.h,86,DEF_DEBUG_PRINTF,1,#,single-source,evt:CH32V103/EVT/EXAM/USB/USBFS/HOST_IAP/HOST_IAP/User/USB_Host/usb_host_config.h(L86)
hostiap-v103-fs,CH32V103/EVT/EXAM/USB/USBFS/HOST_IAP/HOST_IAP/User/system_ch32v10x.c,22,SYSCLK_FREQ_72MHz_HSE,72000000,#,single-source,evt:CH32V103/EVT/EXAM/USB/USBFS/HOST_IAP/HOST_IAP/User/system_ch32v10x.c(L22)
hostiap-v205-fs,CH32V205/EVT/EXAM/USBFS/Host/HOST_IAP/HOST_IAP/User/Host_IAP/usb_host_iap.h,30,DEF_CORE_RV,0x01,#,single-source,evt:CH32V205/EVT/EXAM/USBFS/Host/HOST_IAP/HOST_IAP/User/Host_IAP/usb_host_iap.h(L30)
hostiap-v205-fs,CH32V205/EVT/EXAM/USBFS/Host/HOST_IAP/HOST_IAP/User/Host_IAP/usb_host_iap.h,31,DEF_CORE_CM3,0x10,#,single-source,evt:CH32V205/EVT/EXAM/USBFS/Host/HOST_IAP/HOST_IAP/User/Host_IAP/usb_host_iap.h(L31)
hostiap-v205-fs,CH32V205/EVT/EXAM/USBFS/Host/HOST_IAP/HOST_IAP/User/Host_IAP/usb_host_iap.h,32,DEF_CORE_TYPE,DEF_CORE_RV,#,single-source,evt:CH32V205/EVT/EXAM/USBFS/Host/HOST_IAP/HOST_IAP/User/Host_IAP/usb_host_iap.h(L32)
hostiap-v205-fs,CH32V205/EVT/EXAM/USBFS/Host/HOST_IAP/HOST_IAP/User/Host_IAP/usb_host_iap.h,35,DEF_IAP_FILE_NAME,"""/APP.BIN""",#,single-source,evt:CH32V205/EVT/EXAM/USBFS/Host/HOST_IAP/HOST_IAP/User/Host_IAP/usb_host_iap.h(L35)
hostiap-v205-fs,CH32V205/EVT/EXAM/USBFS/Host/HOST_IAP/HOST_IAP/User/Host_IAP/usb_host_iap.h,38,DEF_IAP_SUCCESS,0x00,#,single-source,evt:CH32V205/EVT/EXAM/USBFS/Host/HOST_IAP/HOST_IAP/User/Host_IAP/usb_host_iap.h(L38)
hostiap-v205-fs,CH32V205/EVT/EXAM/USBFS/Host/HOST_IAP/HOST_IAP/User/Host_IAP/usb_host_iap.h,39,DEF_IAP_DEFAULT,0xFF,#,single-source,evt:CH32V205/EVT/EXAM/USBFS/Host/HOST_IAP/HOST_IAP/User/Host_IAP/usb_host_iap.h(L39)
hostiap-v205-fs,CH32V205/EVT/EXAM/USBFS/Host/HOST_IAP/HOST_IAP/User/Host_IAP/usb_host_iap.h,40,DEF_IAP_ERR_DETECT,0xF1,#,single-source,evt:CH32V205/EVT/EXAM/USBFS/Host/HOST_IAP/HOST_IAP/User/Host_IAP/usb_host_iap.h(L40)
hostiap-v205-fs,CH32V205/EVT/EXAM/USBFS/Host/HOST_IAP/HOST_IAP/User/Host_IAP/usb_host_iap.h,41,DEF_IAP_ERR_ENUM,0xF2,#,single-source,evt:CH32V205/EVT/EXAM/USBFS/Host/HOST_IAP/HOST_IAP/User/Host_IAP/usb_host_iap.h(L41)
hostiap-v205-fs,CH32V205/EVT/EXAM/USBFS/Host/HOST_IAP/HOST_IAP/User/Host_IAP/usb_host_iap.h,42,DEF_IAP_ERR_FILE,0xF3,#,single-source,evt:CH32V205/EVT/EXAM/USBFS/Host/HOST_IAP/HOST_IAP/User/Host_IAP/usb_host_iap.h(L42)
hostiap-v205-fs,CH32V205/EVT/EXAM/USBFS/Host/HOST_IAP/HOST_IAP/User/Host_IAP/usb_host_iap.h,43,DEF_IAP_ERR_FLASH,0xF4,#,single-source,evt:CH32V205/EVT/EXAM/USBFS/Host/HOST_IAP/HOST_IAP/User/Host_IAP/usb_host_iap.h(L43)
hostiap-v205-fs,CH32V205/EVT/EXAM/USBFS/Host/HOST_IAP/HOST_IAP/User/Host_IAP/usb_host_iap.h,44,DEF_IAP_ERR_VERIFY,0xF5,#,single-source,evt:CH32V205/EVT/EXAM/USBFS/Host/HOST_IAP/HOST_IAP/User/Host_IAP/usb_host_iap.h(L44)
hostiap-v205-fs,CH32V205/EVT/EXAM/USBFS/Host/HOST_IAP/HOST_IAP/User/Host_IAP/usb_host_iap.h,45,DEF_IAP_ERR_LENGTH,0xF6,#,single-source,evt:CH32V205/EVT/EXAM/USBFS/Host/HOST_IAP/HOST_IAP/User/Host_IAP/usb_host_iap.h(L45)
hostiap-v205-fs,CH32V205/EVT/EXAM/USBFS/Host/HOST_IAP/HOST_IAP/User/Host_IAP/usb_host_iap.h,48,DEF_MAX_IAP_BUFFER_LEN,1024,#,single-source,evt:CH32V205/EVT/EXAM/USBFS/Host/HOST_IAP/HOST_IAP/User/Host_IAP/usb_host_iap.h(L48)
hostiap-v205-fs,CH32V205/EVT/EXAM/USBFS/Host/HOST_IAP/HOST_IAP/User/Host_IAP/usb_host_iap.h,51,DEF_FLASH_PAGE_SIZE,0x100,#,single-source,evt:CH32V205/EVT/EXAM/USBFS/Host/HOST_IAP/HOST_IAP/User/Host_IAP/usb_host_iap.h(L51)
hostiap-v205-fs,CH32V205/EVT/EXAM/USBFS/Host/HOST_IAP/HOST_IAP/User/Host_IAP/usb_host_iap.h,54,DEF_APP_CODE_START_ADDR,0x08008000,#,single-source,evt:CH32V205/EVT/EXAM/USBFS/Host/HOST_IAP/HOST_IAP/User/Host_IAP/usb_host_iap.h(L54)
hostiap-v205-fs,CH32V205/EVT/EXAM/USBFS/Host/HOST_IAP/HOST_IAP/User/Host_IAP/usb_host_iap.h,55,DEF_APP_CODE_END_ADDR,0x08010000,#,single-source,evt:CH32V205/EVT/EXAM/USBFS/Host/HOST_IAP/HOST_IAP/User/Host_IAP/usb_host_iap.h(L55)
hostiap-v205-fs,CH32V205/EVT/EXAM/USBFS/Host/HOST_IAP/HOST_IAP/User/Host_IAP/usb_host_iap.h,58,DEF_APP_CODE_MAXLEN,(DEF_APP_CODE_END_ADDR-DEF_APP_CODE_START_ADDR),#,single-source,evt:CH32V205/EVT/EXAM/USBFS/Host/HOST_IAP/HOST_IAP/User/Host_IAP/usb_host_iap.h(L58)
hostiap-v205-fs,CH32V205/EVT/EXAM/USBFS/Host/HOST_IAP/HOST_IAP/User/Host_IAP/usb_host_iap.h,61,DEF_VERIFY_CODE_START_ADDR,0x08007F00,#,single-source,evt:CH32V205/EVT/EXAM/USBFS/Host/HOST_IAP/HOST_IAP/User/Host_IAP/usb_host_iap.h(L61)
hostiap-v205-fs,CH32V205/EVT/EXAM/USBFS/Host/HOST_IAP/HOST_IAP/User/Host_IAP/usb_host_iap.h,62,DEF_VERIFY_CODE_END_ADDR,0x08008000,#,single-source,evt:CH32V205/EVT/EXAM/USBFS/Host/HOST_IAP/HOST_IAP/User/Host_IAP/usb_host_iap.h(L62)
hostiap-v205-fs,CH32V205/EVT/EXAM/USBFS/Host/HOST_IAP/HOST_IAP/User/Host_IAP/usb_host_iap.h,63,DEF_VERIFY_CODE_MAXLEN,(DEF_VERIFY_CODE_END_ADDR-DEF_VERIFY_CODE_START_ADDR),#,single-source,evt:CH32V205/EVT/EXAM/USBFS/Host/HOST_IAP/HOST_IAP/User/Host_IAP/usb_host_iap.h(L63)
hostiap-v205-fs,CH32V205/EVT/EXAM/USBFS/Host/HOST_IAP/HOST_IAP/User/Host_IAP/usb_host_iap.h,64,DEF_VERIFY_CODE_LEN,0x10,#,single-source,evt:CH32V205/EVT/EXAM/USBFS/Host/HOST_IAP/HOST_IAP/User/Host_IAP/usb_host_iap.h(L64)
hostiap-v205-fs,CH32V205/EVT/EXAM/USBFS/Host/HOST_IAP/HOST_IAP/User/Host_IAP/usb_host_iap.h,67,DEF_FLASH_OPERATION_KEY_CODE_0,0x1A86FF00,#,single-source,evt:CH32V205/EVT/EXAM/USBFS/Host/HOST_IAP/HOST_IAP/User/Host_IAP/usb_host_iap.h(L67)
hostiap-v205-fs,CH32V205/EVT/EXAM/USBFS/Host/HOST_IAP/HOST_IAP/User/Host_IAP/usb_host_iap.h,68,DEF_FLASH_OPERATION_KEY_CODE_1,0x55AA55AA,#,single-source,evt:CH32V205/EVT/EXAM/USBFS/Host/HOST_IAP/HOST_IAP/User/Host_IAP/usb_host_iap.h(L68)
hostiap-v205-fs,CH32V205/EVT/EXAM/USBFS/Host/HOST_IAP/HOST_IAP/User/USB_Host/ch32v205_usbfs_host.h,31,pUSBFS_SetupRequest,( (PUSB_SETUP_REQ)USBFS_TX_Buf ),#,single-source,evt:CH32V205/EVT/EXAM/USBFS/Host/HOST_IAP/HOST_IAP/User/USB_Host/ch32v205_usbfs_host.h(L31)
hostiap-v205-fs,CH32V205/EVT/EXAM/USBFS/Host/HOST_IAP/HOST_IAP/User/USB_Host/ch32v205_usbfs_host.h,35,USBFS_MAX_PACKET_SIZE,64,#,single-source,evt:CH32V205/EVT/EXAM/USBFS/Host/HOST_IAP/HOST_IAP/User/USB_Host/ch32v205_usbfs_host.h(L35)
hostiap-v205-fs,CH32V205/EVT/EXAM/USBFS/Host/HOST_IAP/HOST_IAP/User/USB_Host/ch32v205_usbfs_host.h,89,USBFS_RX_Buf,RxBuffer,#,single-source,evt:CH32V205/EVT/EXAM/USBFS/Host/HOST_IAP/HOST_IAP/User/USB_Host/ch32v205_usbfs_host.h(L89)
hostiap-v205-fs,CH32V205/EVT/EXAM/USBFS/Host/HOST_IAP/HOST_IAP/User/USB_Host/ch32v205_usbfs_host.h,90,USBFS_TX_Buf,TxBuffer,#,single-source,evt:CH32V205/EVT/EXAM/USBFS/Host/HOST_IAP/HOST_IAP/User/USB_Host/ch32v205_usbfs_host.h(L90)
hostiap-v205-fs,CH32V205/EVT/EXAM/USBFS/Host/HOST_IAP/HOST_IAP/User/USB_Host/usb_host_config.h,31,DEF_TOTAL_ROOT_HUB,1,#,single-source,evt:CH32V205/EVT/EXAM/USBFS/Host/HOST_IAP/HOST_IAP/User/USB_Host/usb_host_config.h(L31)
hostiap-v205-fs,CH32V205/EVT/EXAM/USBFS/Host/HOST_IAP/HOST_IAP/User/USB_Host/usb_host_config.h,32,DEF_USB_PORT_FS_EN,1,#,single-source,evt:CH32V205/EVT/EXAM/USBFS/Host/HOST_IAP/HOST_IAP/User/USB_Host/usb_host_config.h(L32)
hostiap-v205-fs,CH32V205/EVT/EXAM/USBFS/Host/HOST_IAP/HOST_IAP/User/USB_Host/usb_host_config.h,33,DEF_USB_PORT_FS,0x00,#,single-source,evt:CH32V205/EVT/EXAM/USBFS/Host/HOST_IAP/HOST_IAP/User/USB_Host/usb_host_config.h(L33)
hostiap-v205-fs,CH32V205/EVT/EXAM/USBFS/Host/HOST_IAP/HOST_IAP/User/USB_Host/usb_host_config.h,36,ROOT_DEV_DISCONNECT,0,#,single-source,evt:CH32V205/EVT/EXAM/USBFS/Host/HOST_IAP/HOST_IAP/User/USB_Host/usb_host_config.h(L36)
hostiap-v205-fs,CH32V205/EVT/EXAM/USBFS/Host/HOST_IAP/HOST_IAP/User/USB_Host/usb_host_config.h,37,ROOT_DEV_CONNECTED,1,#,single-source,evt:CH32V205/EVT/EXAM/USBFS/Host/HOST_IAP/HOST_IAP/User/USB_Host/usb_host_config.h(L37)
hostiap-v205-fs,CH32V205/EVT/EXAM/USBFS/Host/HOST_IAP/HOST_IAP/User/USB_Host/usb_host_config.h,38,ROOT_DEV_FAILED,2,#,single-source,evt:CH32V205/EVT/EXAM/USBFS/Host/HOST_IAP/HOST_IAP/User/USB_Host/usb_host_config.h(L38)
hostiap-v205-fs,CH32V205/EVT/EXAM/USBFS/Host/HOST_IAP/HOST_IAP/User/USB_Host/usb_host_config.h,39,ROOT_DEV_SUCCESS,3,#,single-source,evt:CH32V205/EVT/EXAM/USBFS/Host/HOST_IAP/HOST_IAP/User/USB_Host/usb_host_config.h(L39)
hostiap-v205-fs,CH32V205/EVT/EXAM/USBFS/Host/HOST_IAP/HOST_IAP/User/USB_Host/usb_host_config.h,42,USB_DEVICE_ADDR,0x02,#,single-source,evt:CH32V205/EVT/EXAM/USBFS/Host/HOST_IAP/HOST_IAP/User/USB_Host/usb_host_config.h(L42)
hostiap-v205-fs,CH32V205/EVT/EXAM/USBFS/Host/HOST_IAP/HOST_IAP/User/USB_Host/usb_host_config.h,45,USB_LOW_SPEED,0x00,#,single-source,evt:CH32V205/EVT/EXAM/USBFS/Host/HOST_IAP/HOST_IAP/User/USB_Host/usb_host_config.h(L45)
hostiap-v205-fs,CH32V205/EVT/EXAM/USBFS/Host/HOST_IAP/HOST_IAP/User/USB_Host/usb_host_config.h,46,USB_FULL_SPEED,0x01,#,single-source,evt:CH32V205/EVT/EXAM/USBFS/Host/HOST_IAP/HOST_IAP/User/USB_Host/usb_host_config.h(L46)
hostiap-v205-fs,CH32V205/EVT/EXAM/USBFS/Host/HOST_IAP/HOST_IAP/User/USB_Host/usb_host_config.h,47,USB_HIGH_SPEED,0x02,#,single-source,evt:CH32V205/EVT/EXAM/USBFS/Host/HOST_IAP/HOST_IAP/User/USB_Host/usb_host_config.h(L47)
hostiap-v205-fs,CH32V205/EVT/EXAM/USBFS/Host/HOST_IAP/HOST_IAP/User/USB_Host/usb_host_config.h,48,USB_SPEED_CHECK_ERR,0xFF,#,single-source,evt:CH32V205/EVT/EXAM/USBFS/Host/HOST_IAP/HOST_IAP/User/USB_Host/usb_host_config.h(L48)
hostiap-v205-fs,CH32V205/EVT/EXAM/USBFS/Host/HOST_IAP/HOST_IAP/User/USB_Host/usb_host_config.h,51,DEF_DECR_CONFIG,0x02,#,single-source,evt:CH32V205/EVT/EXAM/USBFS/Host/HOST_IAP/HOST_IAP/User/USB_Host/usb_host_config.h(L51)
hostiap-v205-fs,CH32V205/EVT/EXAM/USBFS/Host/HOST_IAP/HOST_IAP/User/USB_Host/usb_host_config.h,52,DEF_DECR_INTERFACE,0x04,#,single-source,evt:CH32V205/EVT/EXAM/USBFS/Host/HOST_IAP/HOST_IAP/User/USB_Host/usb_host_config.h(L52)
hostiap-v205-fs,CH32V205/EVT/EXAM/USBFS/Host/HOST_IAP/HOST_IAP/User/USB_Host/usb_host_config.h,53,DEF_DECR_ENDPOINT,0x05,#,single-source,evt:CH32V205/EVT/EXAM/USBFS/Host/HOST_IAP/HOST_IAP/User/USB_Host/usb_host_config.h(L53)
hostiap-v205-fs,CH32V205/EVT/EXAM/USBFS/Host/HOST_IAP/HOST_IAP/User/USB_Host/usb_host_config.h,54,DEF_DECR_HID,0x21,#,single-source,evt:CH32V205/EVT/EXAM/USBFS/Host/HOST_IAP/HOST_IAP/User/USB_Host/usb_host_config.h(L54)
hostiap-v205-fs,CH32V205/EVT/EXAM/USBFS/Host/HOST_IAP/HOST_IAP/User/USB_Host/usb_host_config.h,57,ERR_SUCCESS,0x00,#,single-source,evt:CH32V205/EVT/EXAM/USBFS/Host/HOST_IAP/HOST_IAP/User/USB_Host/usb_host_config.h(L57)
hostiap-v205-fs,CH32V205/EVT/EXAM/USBFS/Host/HOST_IAP/HOST_IAP/User/USB_Host/usb_host_config.h,58,ERR_USB_CONNECT,0x15,#,single-source,evt:CH32V205/EVT/EXAM/USBFS/Host/HOST_IAP/HOST_IAP/User/USB_Host/usb_host_config.h(L58)
hostiap-v205-fs,CH32V205/EVT/EXAM/USBFS/Host/HOST_IAP/HOST_IAP/User/USB_Host/usb_host_config.h,59,ERR_USB_DISCON,0x16,#,single-source,evt:CH32V205/EVT/EXAM/USBFS/Host/HOST_IAP/HOST_IAP/User/USB_Host/usb_host_config.h(L59)
hostiap-v205-fs,CH32V205/EVT/EXAM/USBFS/Host/HOST_IAP/HOST_IAP/User/USB_Host/usb_host_config.h,60,ERR_USB_BUF_OVER,0x17,#,single-source,evt:CH32V205/EVT/EXAM/USBFS/Host/HOST_IAP/HOST_IAP/User/USB_Host/usb_host_config.h(L60)
hostiap-v205-fs,CH32V205/EVT/EXAM/USBFS/Host/HOST_IAP/HOST_IAP/User/USB_Host/usb_host_config.h,61,ERR_USB_DISK_ERR,0x1F,#,single-source,evt:CH32V205/EVT/EXAM/USBFS/Host/HOST_IAP/HOST_IAP/User/USB_Host/usb_host_config.h(L61)
hostiap-v205-fs,CH32V205/EVT/EXAM/USBFS/Host/HOST_IAP/HOST_IAP/User/USB_Host/usb_host_config.h,62,ERR_USB_TRANSFER,0x20,#,single-source,evt:CH32V205/EVT/EXAM/USBFS/Host/HOST_IAP/HOST_IAP/User/USB_Host/usb_host_config.h(L62)
hostiap-v205-fs,CH32V205/EVT/EXAM/USBFS/Host/HOST_IAP/HOST_IAP/User/USB_Host/usb_host_config.h,63,ERR_USB_UNSUPPORT,0xFB,#,single-source,evt:CH32V205/EVT/EXAM/USBFS/Host/HOST_IAP/HOST_IAP/User/USB_Host/usb_host_config.h(L63)
hostiap-v205-fs,CH32V205/EVT/EXAM/USBFS/Host/HOST_IAP/HOST_IAP/User/USB_Host/usb_host_config.h,64,ERR_USB_UNAVAILABLE,0xFC,#,single-source,evt:CH32V205/EVT/EXAM/USBFS/Host/HOST_IAP/HOST_IAP/User/USB_Host/usb_host_config.h(L64)
hostiap-v205-fs,CH32V205/EVT/EXAM/USBFS/Host/HOST_IAP/HOST_IAP/User/USB_Host/usb_host_config.h,65,ERR_USB_UNKNOWN,0xFE,#,single-source,evt:CH32V205/EVT/EXAM/USBFS/Host/HOST_IAP/HOST_IAP/User/USB_Host/usb_host_config.h(L65)
hostiap-v205-fs,CH32V205/EVT/EXAM/USBFS/Host/HOST_IAP/HOST_IAP/User/USB_Host/usb_host_config.h,68,DEF_DEV_DESCR_GETFAIL,0x45,#,single-source,evt:CH32V205/EVT/EXAM/USBFS/Host/HOST_IAP/HOST_IAP/User/USB_Host/usb_host_config.h(L68)
hostiap-v205-fs,CH32V205/EVT/EXAM/USBFS/Host/HOST_IAP/HOST_IAP/User/USB_Host/usb_host_config.h,69,DEF_DEV_ADDR_SETFAIL,0x46,#,single-source,evt:CH32V205/EVT/EXAM/USBFS/Host/HOST_IAP/HOST_IAP/User/USB_Host/usb_host_config.h(L69)
hostiap-v205-fs,CH32V205/EVT/EXAM/USBFS/Host/HOST_IAP/HOST_IAP/User/USB_Host/usb_host_config.h,70,DEF_CFG_DESCR_GETFAIL,0x47,#,single-source,evt:CH32V205/EVT/EXAM/USBFS/Host/HOST_IAP/HOST_IAP/User/USB_Host/usb_host_config.h(L70)
hostiap-v205-fs,CH32V205/EVT/EXAM/USBFS/Host/HOST_IAP/HOST_IAP/User/USB_Host/usb_host_config.h,71,DEF_REP_DESCR_GETFAIL,0x48,#,single-source,evt:CH32V205/EVT/EXAM/USBFS/Host/HOST_IAP/HOST_IAP/User/USB_Host/usb_host_config.h(L71)
hostiap-v205-fs,CH32V205/EVT/EXAM/USBFS/Host/HOST_IAP/HOST_IAP/User/USB_Host/usb_host_config.h,72,DEF_DEV_TYPE_UNKNOWN,0xFF,#,single-source,evt:CH32V205/EVT/EXAM/USBFS/Host/HOST_IAP/HOST_IAP/User/USB_Host/usb_host_config.h(L72)
hostiap-v205-fs,CH32V205/EVT/EXAM/USBFS/Host/HOST_IAP/HOST_IAP/User/USB_Host/usb_host_config.h,75,DEF_BUS_RESET_TIME,11,#,single-source,evt:CH32V205/EVT/EXAM/USBFS/Host/HOST_IAP/HOST_IAP/User/USB_Host/usb_host_config.h(L75)
hostiap-v205-fs,CH32V205/EVT/EXAM/USBFS/Host/HOST_IAP/HOST_IAP/User/USB_Host/usb_host_config.h,76,DEF_RE_ATTACH_TIMEOUT,100,#,single-source,evt:CH32V205/EVT/EXAM/USBFS/Host/HOST_IAP/HOST_IAP/User/USB_Host/usb_host_config.h(L76)
hostiap-v205-fs,CH32V205/EVT/EXAM/USBFS/Host/HOST_IAP/HOST_IAP/User/USB_Host/usb_host_config.h,77,DEF_WAIT_USB_TRANSFER_CNT,1000,#,single-source,evt:CH32V205/EVT/EXAM/USBFS/Host/HOST_IAP/HOST_IAP/User/USB_Host/usb_host_config.h(L77)
hostiap-v205-fs,CH32V205/EVT/EXAM/USBFS/Host/HOST_IAP/HOST_IAP/User/USB_Host/usb_host_config.h,78,DEF_CTRL_TRANS_TIMEOVER_CNT,60000,#,single-source,evt:CH32V205/EVT/EXAM/USBFS/Host/HOST_IAP/HOST_IAP/User/USB_Host/usb_host_config.h(L78)
hostiap-v205-fs,CH32V205/EVT/EXAM/USBFS/Host/HOST_IAP/HOST_IAP/User/USB_Host/usb_host_config.h,81,DEF_ONE_USB_SUP_DEV_TOTAL,1,#,single-source,evt:CH32V205/EVT/EXAM/USBFS/Host/HOST_IAP/HOST_IAP/User/USB_Host/usb_host_config.h(L81)
hostiap-v205-fs,CH32V205/EVT/EXAM/USBFS/Host/HOST_IAP/HOST_IAP/User/USB_Host/usb_host_config.h,82,DEF_NEXT_HUB_PORT_NUM_MAX,4,#,single-source,evt:CH32V205/EVT/EXAM/USBFS/Host/HOST_IAP/HOST_IAP/User/USB_Host/usb_host_config.h(L82)
hostiap-v205-fs,CH32V205/EVT/EXAM/USBFS/Host/HOST_IAP/HOST_IAP/User/USB_Host/usb_host_config.h,83,DEF_INTERFACE_NUM_MAX,4,#,single-source,evt:CH32V205/EVT/EXAM/USBFS/Host/HOST_IAP/HOST_IAP/User/USB_Host/usb_host_config.h(L83)
hostiap-v205-fs,CH32V205/EVT/EXAM/USBFS/Host/HOST_IAP/HOST_IAP/User/USB_Host/usb_host_config.h,84,DEF_COM_BUF_LEN,255,#,single-source,evt:CH32V205/EVT/EXAM/USBFS/Host/HOST_IAP/HOST_IAP/User/USB_Host/usb_host_config.h(L84)
hostiap-v205-fs,CH32V205/EVT/EXAM/USBFS/Host/HOST_IAP/HOST_IAP/User/USB_Host/usb_host_config.h,87,DEF_DEBUG_PRINTF,1,#,single-source,evt:CH32V205/EVT/EXAM/USBFS/Host/HOST_IAP/HOST_IAP/User/USB_Host/usb_host_config.h(L87)
hostiap-v205-fs,CH32V205/EVT/EXAM/USBFS/Host/HOST_IAP/HOST_IAP/User/system_ch32v205.c,21,SYSCLK_FREQ_160MHz_HSE,160000000,#,single-source,evt:CH32V205/EVT/EXAM/USBFS/Host/HOST_IAP/HOST_IAP/User/system_ch32v205.c(L21)
hostiap-v205-hs,CH32V205/EVT/EXAM/USBHS/Host/HOST_IAP/HOST_IAP/User/USB_Host/ch32v205_usbhs_host.h,29,pUSBHS_SetupRequest,( (PUSB_SETUP_REQ)TxBuffer ),#,single-source,evt:CH32V205/EVT/EXAM/USBHS/Host/HOST_IAP/HOST_IAP/User/USB_Host/ch32v205_usbhs_host.h(L29)
hostiap-v205-hs,CH32V205/EVT/EXAM/USBHS/Host/HOST_IAP/HOST_IAP/User/USB_Host/ch32v205_usbhs_host.h,33,DEFAULT_ENDP0_SIZE,8,#,single-source,evt:CH32V205/EVT/EXAM/USBHS/Host/HOST_IAP/HOST_IAP/User/USB_Host/ch32v205_usbhs_host.h(L33)
hostiap-v205-hs,CH32V205/EVT/EXAM/USBHS/Host/HOST_IAP/HOST_IAP/User/USB_Host/ch32v205_usbhs_host.h,36,USBHS_MAX_PACKET_SIZE,64,#,single-source,evt:CH32V205/EVT/EXAM/USBHS/Host/HOST_IAP/HOST_IAP/User/USB_Host/ch32v205_usbhs_host.h(L36)
hostiap-v205-hs,CH32V205/EVT/EXAM/USBHS/Host/HOST_IAP/HOST_IAP/User/USB_Host/usb_host_config.h,31,DEF_TOTAL_ROOT_HUB,2,#,single-source,evt:CH32V205/EVT/EXAM/USBHS/Host/HOST_IAP/HOST_IAP/User/USB_Host/usb_host_config.h(L31)
hostiap-v205-hs,CH32V205/EVT/EXAM/USBHS/Host/HOST_IAP/HOST_IAP/User/USB_Host/usb_host_config.h,32,DEF_USB_PORT_FS_EN,0,#,single-source,evt:CH32V205/EVT/EXAM/USBHS/Host/HOST_IAP/HOST_IAP/User/USB_Host/usb_host_config.h(L32)
hostiap-v205-hs,CH32V205/EVT/EXAM/USBHS/Host/HOST_IAP/HOST_IAP/User/USB_Host/usb_host_config.h,33,DEF_USB_PORT_HS_EN,1,#,single-source,evt:CH32V205/EVT/EXAM/USBHS/Host/HOST_IAP/HOST_IAP/User/USB_Host/usb_host_config.h(L33)
hostiap-v205-hs,CH32V205/EVT/EXAM/USBHS/Host/HOST_IAP/HOST_IAP/User/USB_Host/usb_host_config.h,34,DEF_USB_PORT_FS,0x00,#,single-source,evt:CH32V205/EVT/EXAM/USBHS/Host/HOST_IAP/HOST_IAP/User/USB_Host/usb_host_config.h(L34)
hostiap-v205-hs,CH32V205/EVT/EXAM/USBHS/Host/HOST_IAP/HOST_IAP/User/USB_Host/usb_host_config.h,35,DEF_USB_PORT_HS,0x01,#,single-source,evt:CH32V205/EVT/EXAM/USBHS/Host/HOST_IAP/HOST_IAP/User/USB_Host/usb_host_config.h(L35)
hostiap-v205-hs,CH32V205/EVT/EXAM/USBHS/Host/HOST_IAP/HOST_IAP/User/USB_Host/usb_host_config.h,38,ROOT_DEV_DISCONNECT,0,#,single-source,evt:CH32V205/EVT/EXAM/USBHS/Host/HOST_IAP/HOST_IAP/User/USB_Host/usb_host_config.h(L38)
hostiap-v205-hs,CH32V205/EVT/EXAM/USBHS/Host/HOST_IAP/HOST_IAP/User/USB_Host/usb_host_config.h,39,ROOT_DEV_CONNECTED,1,#,single-source,evt:CH32V205/EVT/EXAM/USBHS/Host/HOST_IAP/HOST_IAP/User/USB_Host/usb_host_config.h(L39)
hostiap-v205-hs,CH32V205/EVT/EXAM/USBHS/Host/HOST_IAP/HOST_IAP/User/USB_Host/usb_host_config.h,40,ROOT_DEV_FAILED,2,#,single-source,evt:CH32V205/EVT/EXAM/USBHS/Host/HOST_IAP/HOST_IAP/User/USB_Host/usb_host_config.h(L40)
hostiap-v205-hs,CH32V205/EVT/EXAM/USBHS/Host/HOST_IAP/HOST_IAP/User/USB_Host/usb_host_config.h,41,ROOT_DEV_SUCCESS,3,#,single-source,evt:CH32V205/EVT/EXAM/USBHS/Host/HOST_IAP/HOST_IAP/User/USB_Host/usb_host_config.h(L41)
hostiap-v205-hs,CH32V205/EVT/EXAM/USBHS/Host/HOST_IAP/HOST_IAP/User/USB_Host/usb_host_config.h,44,USB_DEVICE_ADDR,0x02,#,single-source,evt:CH32V205/EVT/EXAM/USBHS/Host/HOST_IAP/HOST_IAP/User/USB_Host/usb_host_config.h(L44)
hostiap-v205-hs,CH32V205/EVT/EXAM/USBHS/Host/HOST_IAP/HOST_IAP/User/USB_Host/usb_host_config.h,47,USB_LOW_SPEED,0x00,#,single-source,evt:CH32V205/EVT/EXAM/USBHS/Host/HOST_IAP/HOST_IAP/User/USB_Host/usb_host_config.h(L47)
hostiap-v205-hs,CH32V205/EVT/EXAM/USBHS/Host/HOST_IAP/HOST_IAP/User/USB_Host/usb_host_config.h,48,USB_FULL_SPEED,0x01,#,single-source,evt:CH32V205/EVT/EXAM/USBHS/Host/HOST_IAP/HOST_IAP/User/USB_Host/usb_host_config.h(L48)
hostiap-v205-hs,CH32V205/EVT/EXAM/USBHS/Host/HOST_IAP/HOST_IAP/User/USB_Host/usb_host_config.h,49,USB_HIGH_SPEED,0x02,#,single-source,evt:CH32V205/EVT/EXAM/USBHS/Host/HOST_IAP/HOST_IAP/User/USB_Host/usb_host_config.h(L49)
hostiap-v205-hs,CH32V205/EVT/EXAM/USBHS/Host/HOST_IAP/HOST_IAP/User/USB_Host/usb_host_config.h,50,USB_SPEED_CHECK_ERR,0xFF,#,single-source,evt:CH32V205/EVT/EXAM/USBHS/Host/HOST_IAP/HOST_IAP/User/USB_Host/usb_host_config.h(L50)
hostiap-v205-hs,CH32V205/EVT/EXAM/USBHS/Host/HOST_IAP/HOST_IAP/User/USB_Host/usb_host_config.h,53,DEF_DECR_CONFIG,0x02,#,single-source,evt:CH32V205/EVT/EXAM/USBHS/Host/HOST_IAP/HOST_IAP/User/USB_Host/usb_host_config.h(L53)
hostiap-v205-hs,CH32V205/EVT/EXAM/USBHS/Host/HOST_IAP/HOST_IAP/User/USB_Host/usb_host_config.h,54,DEF_DECR_INTERFACE,0x04,#,single-source,evt:CH32V205/EVT/EXAM/USBHS/Host/HOST_IAP/HOST_IAP/User/USB_Host/usb_host_config.h(L54)
hostiap-v205-hs,CH32V205/EVT/EXAM/USBHS/Host/HOST_IAP/HOST_IAP/User/USB_Host/usb_host_config.h,55,DEF_DECR_ENDPOINT,0x05,#,single-source,evt:CH32V205/EVT/EXAM/USBHS/Host/HOST_IAP/HOST_IAP/User/USB_Host/usb_host_config.h(L55)
hostiap-v205-hs,CH32V205/EVT/EXAM/USBHS/Host/HOST_IAP/HOST_IAP/User/USB_Host/usb_host_config.h,56,DEF_DECR_HID,0x21,#,single-source,evt:CH32V205/EVT/EXAM/USBHS/Host/HOST_IAP/HOST_IAP/User/USB_Host/usb_host_config.h(L56)
hostiap-v205-hs,CH32V205/EVT/EXAM/USBHS/Host/HOST_IAP/HOST_IAP/User/USB_Host/usb_host_config.h,59,ERR_SUCCESS,0x00,#,single-source,evt:CH32V205/EVT/EXAM/USBHS/Host/HOST_IAP/HOST_IAP/User/USB_Host/usb_host_config.h(L59)
hostiap-v205-hs,CH32V205/EVT/EXAM/USBHS/Host/HOST_IAP/HOST_IAP/User/USB_Host/usb_host_config.h,60,ERR_USB_CONNECT,0x15,#,single-source,evt:CH32V205/EVT/EXAM/USBHS/Host/HOST_IAP/HOST_IAP/User/USB_Host/usb_host_config.h(L60)
hostiap-v205-hs,CH32V205/EVT/EXAM/USBHS/Host/HOST_IAP/HOST_IAP/User/USB_Host/usb_host_config.h,61,ERR_USB_DISCON,0x16,#,single-source,evt:CH32V205/EVT/EXAM/USBHS/Host/HOST_IAP/HOST_IAP/User/USB_Host/usb_host_config.h(L61)
hostiap-v205-hs,CH32V205/EVT/EXAM/USBHS/Host/HOST_IAP/HOST_IAP/User/USB_Host/usb_host_config.h,62,ERR_USB_BUF_OVER,0x17,#,single-source,evt:CH32V205/EVT/EXAM/USBHS/Host/HOST_IAP/HOST_IAP/User/USB_Host/usb_host_config.h(L62)
hostiap-v205-hs,CH32V205/EVT/EXAM/USBHS/Host/HOST_IAP/HOST_IAP/User/USB_Host/usb_host_config.h,63,ERR_USB_DISK_ERR,0x1F,#,single-source,evt:CH32V205/EVT/EXAM/USBHS/Host/HOST_IAP/HOST_IAP/User/USB_Host/usb_host_config.h(L63)
hostiap-v205-hs,CH32V205/EVT/EXAM/USBHS/Host/HOST_IAP/HOST_IAP/User/USB_Host/usb_host_config.h,64,ERR_USB_TRANSFER,0x20,#,single-source,evt:CH32V205/EVT/EXAM/USBHS/Host/HOST_IAP/HOST_IAP/User/USB_Host/usb_host_config.h(L64)
hostiap-v205-hs,CH32V205/EVT/EXAM/USBHS/Host/HOST_IAP/HOST_IAP/User/USB_Host/usb_host_config.h,65,ERR_USB_UNSUPPORT,0xFB,#,single-source,evt:CH32V205/EVT/EXAM/USBHS/Host/HOST_IAP/HOST_IAP/User/USB_Host/usb_host_config.h(L65)
hostiap-v205-hs,CH32V205/EVT/EXAM/USBHS/Host/HOST_IAP/HOST_IAP/User/USB_Host/usb_host_config.h,66,ERR_USB_UNAVAILABLE,0xFC,#,single-source,evt:CH32V205/EVT/EXAM/USBHS/Host/HOST_IAP/HOST_IAP/User/USB_Host/usb_host_config.h(L66)
hostiap-v205-hs,CH32V205/EVT/EXAM/USBHS/Host/HOST_IAP/HOST_IAP/User/USB_Host/usb_host_config.h,67,ERR_USB_UNKNOWN,0xFE,#,single-source,evt:CH32V205/EVT/EXAM/USBHS/Host/HOST_IAP/HOST_IAP/User/USB_Host/usb_host_config.h(L67)
hostiap-v205-hs,CH32V205/EVT/EXAM/USBHS/Host/HOST_IAP/HOST_IAP/User/USB_Host/usb_host_config.h,70,DEF_DEV_DESCR_GETFAIL,0x45,#,single-source,evt:CH32V205/EVT/EXAM/USBHS/Host/HOST_IAP/HOST_IAP/User/USB_Host/usb_host_config.h(L70)
hostiap-v205-hs,CH32V205/EVT/EXAM/USBHS/Host/HOST_IAP/HOST_IAP/User/USB_Host/usb_host_config.h,71,DEF_DEV_ADDR_SETFAIL,0x46,#,single-source,evt:CH32V205/EVT/EXAM/USBHS/Host/HOST_IAP/HOST_IAP/User/USB_Host/usb_host_config.h(L71)
hostiap-v205-hs,CH32V205/EVT/EXAM/USBHS/Host/HOST_IAP/HOST_IAP/User/USB_Host/usb_host_config.h,72,DEF_CFG_DESCR_GETFAIL,0x47,#,single-source,evt:CH32V205/EVT/EXAM/USBHS/Host/HOST_IAP/HOST_IAP/User/USB_Host/usb_host_config.h(L72)
hostiap-v205-hs,CH32V205/EVT/EXAM/USBHS/Host/HOST_IAP/HOST_IAP/User/USB_Host/usb_host_config.h,73,DEF_REP_DESCR_GETFAIL,0x48,#,single-source,evt:CH32V205/EVT/EXAM/USBHS/Host/HOST_IAP/HOST_IAP/User/USB_Host/usb_host_config.h(L73)
hostiap-v205-hs,CH32V205/EVT/EXAM/USBHS/Host/HOST_IAP/HOST_IAP/User/USB_Host/usb_host_config.h,74,DEF_DEV_TYPE_UNKNOWN,0xFF,#,single-source,evt:CH32V205/EVT/EXAM/USBHS/Host/HOST_IAP/HOST_IAP/User/USB_Host/usb_host_config.h(L74)
hostiap-v205-hs,CH32V205/EVT/EXAM/USBHS/Host/HOST_IAP/HOST_IAP/User/USB_Host/usb_host_config.h,77,DEF_BUS_RESET_TIME,11,#,single-source,evt:CH32V205/EVT/EXAM/USBHS/Host/HOST_IAP/HOST_IAP/User/USB_Host/usb_host_config.h(L77)
hostiap-v205-hs,CH32V205/EVT/EXAM/USBHS/Host/HOST_IAP/HOST_IAP/User/USB_Host/usb_host_config.h,78,DEF_BUS_RESET_TIMEOUT,30,#,single-source,evt:CH32V205/EVT/EXAM/USBHS/Host/HOST_IAP/HOST_IAP/User/USB_Host/usb_host_config.h(L78)
hostiap-v205-hs,CH32V205/EVT/EXAM/USBHS/Host/HOST_IAP/HOST_IAP/User/USB_Host/usb_host_config.h,79,DEF_RE_ATTACH_TIMEOUT,100,#,single-source,evt:CH32V205/EVT/EXAM/USBHS/Host/HOST_IAP/HOST_IAP/User/USB_Host/usb_host_config.h(L79)
hostiap-v205-hs,CH32V205/EVT/EXAM/USBHS/Host/HOST_IAP/HOST_IAP/User/USB_Host/usb_host_config.h,80,DEF_WAIT_USB_TOUT_200US,1000,#,single-source,evt:CH32V205/EVT/EXAM/USBHS/Host/HOST_IAP/HOST_IAP/User/USB_Host/usb_host_config.h(L80)
hostiap-v205-hs,CH32V205/EVT/EXAM/USBHS/Host/HOST_IAP/HOST_IAP/User/USB_Host/usb_host_config.h,81,DEF_CTRL_TRANS_TIMEOVER_CNT,60000,#,single-source,evt:CH32V205/EVT/EXAM/USBHS/Host/HOST_IAP/HOST_IAP/User/USB_Host/usb_host_config.h(L81)
hostiap-v205-hs,CH32V205/EVT/EXAM/USBHS/Host/HOST_IAP/HOST_IAP/User/USB_Host/usb_host_config.h,84,DEF_ONE_USB_SUP_DEV_TOTAL,1,#,single-source,evt:CH32V205/EVT/EXAM/USBHS/Host/HOST_IAP/HOST_IAP/User/USB_Host/usb_host_config.h(L84)
hostiap-v205-hs,CH32V205/EVT/EXAM/USBHS/Host/HOST_IAP/HOST_IAP/User/USB_Host/usb_host_config.h,85,DEF_NEXT_HUB_PORT_NUM_MAX,4,#,single-source,evt:CH32V205/EVT/EXAM/USBHS/Host/HOST_IAP/HOST_IAP/User/USB_Host/usb_host_config.h(L85)
hostiap-v205-hs,CH32V205/EVT/EXAM/USBHS/Host/HOST_IAP/HOST_IAP/User/USB_Host/usb_host_config.h,86,DEF_INTERFACE_NUM_MAX,4,#,single-source,evt:CH32V205/EVT/EXAM/USBHS/Host/HOST_IAP/HOST_IAP/User/USB_Host/usb_host_config.h(L86)
hostiap-v205-hs,CH32V205/EVT/EXAM/USBHS/Host/HOST_IAP/HOST_IAP/User/USB_Host/usb_host_config.h,87,DEF_COM_BUF_LEN,255,#,single-source,evt:CH32V205/EVT/EXAM/USBHS/Host/HOST_IAP/HOST_IAP/User/USB_Host/usb_host_config.h(L87)
hostiap-v205-hs,CH32V205/EVT/EXAM/USBHS/Host/HOST_IAP/HOST_IAP/User/USB_Host/usb_host_config.h,91,DEF_DEBUG_PRINTF,1,#,single-source,evt:CH32V205/EVT/EXAM/USBHS/Host/HOST_IAP/HOST_IAP/User/USB_Host/usb_host_config.h(L91)
hostiap-v205-hs,CH32V205/EVT/EXAM/USBHS/Host/HOST_IAP/HOST_IAP/User/system_ch32v205.c,21,SYSCLK_FREQ_160MHz_HSE,160000000,#,single-source,evt:CH32V205/EVT/EXAM/USBHS/Host/HOST_IAP/HOST_IAP/User/system_ch32v205.c(L21)
hostiap-v205-hs,CH32V205/EVT/EXAM/USBHS/Host/HOST_IAP/HOST_IAP/User/usb_host_iap.h,30,DEF_CORE_RV,0x01,#,single-source,evt:CH32V205/EVT/EXAM/USBHS/Host/HOST_IAP/HOST_IAP/User/usb_host_iap.h(L30)
hostiap-v205-hs,CH32V205/EVT/EXAM/USBHS/Host/HOST_IAP/HOST_IAP/User/usb_host_iap.h,31,DEF_CORE_CM3,0x10,#,single-source,evt:CH32V205/EVT/EXAM/USBHS/Host/HOST_IAP/HOST_IAP/User/usb_host_iap.h(L31)
hostiap-v205-hs,CH32V205/EVT/EXAM/USBHS/Host/HOST_IAP/HOST_IAP/User/usb_host_iap.h,32,DEF_CORE_TYPE,DEF_CORE_RV,#,single-source,evt:CH32V205/EVT/EXAM/USBHS/Host/HOST_IAP/HOST_IAP/User/usb_host_iap.h(L32)
hostiap-v205-hs,CH32V205/EVT/EXAM/USBHS/Host/HOST_IAP/HOST_IAP/User/usb_host_iap.h,35,DEF_IAP_FILE_NAME,"""/APP.BIN""",#,single-source,evt:CH32V205/EVT/EXAM/USBHS/Host/HOST_IAP/HOST_IAP/User/usb_host_iap.h(L35)
hostiap-v205-hs,CH32V205/EVT/EXAM/USBHS/Host/HOST_IAP/HOST_IAP/User/usb_host_iap.h,38,DEF_IAP_SUCCESS,0x00,#,single-source,evt:CH32V205/EVT/EXAM/USBHS/Host/HOST_IAP/HOST_IAP/User/usb_host_iap.h(L38)
hostiap-v205-hs,CH32V205/EVT/EXAM/USBHS/Host/HOST_IAP/HOST_IAP/User/usb_host_iap.h,39,DEF_IAP_DEFAULT,0xFF,#,single-source,evt:CH32V205/EVT/EXAM/USBHS/Host/HOST_IAP/HOST_IAP/User/usb_host_iap.h(L39)
hostiap-v205-hs,CH32V205/EVT/EXAM/USBHS/Host/HOST_IAP/HOST_IAP/User/usb_host_iap.h,40,DEF_IAP_ERR_DETECT,0xF1,#,single-source,evt:CH32V205/EVT/EXAM/USBHS/Host/HOST_IAP/HOST_IAP/User/usb_host_iap.h(L40)
hostiap-v205-hs,CH32V205/EVT/EXAM/USBHS/Host/HOST_IAP/HOST_IAP/User/usb_host_iap.h,41,DEF_IAP_ERR_ENUM,0xF2,#,single-source,evt:CH32V205/EVT/EXAM/USBHS/Host/HOST_IAP/HOST_IAP/User/usb_host_iap.h(L41)
hostiap-v205-hs,CH32V205/EVT/EXAM/USBHS/Host/HOST_IAP/HOST_IAP/User/usb_host_iap.h,42,DEF_IAP_ERR_FILE,0xF3,#,single-source,evt:CH32V205/EVT/EXAM/USBHS/Host/HOST_IAP/HOST_IAP/User/usb_host_iap.h(L42)
hostiap-v205-hs,CH32V205/EVT/EXAM/USBHS/Host/HOST_IAP/HOST_IAP/User/usb_host_iap.h,43,DEF_IAP_ERR_FLASH,0xF4,#,single-source,evt:CH32V205/EVT/EXAM/USBHS/Host/HOST_IAP/HOST_IAP/User/usb_host_iap.h(L43)
hostiap-v205-hs,CH32V205/EVT/EXAM/USBHS/Host/HOST_IAP/HOST_IAP/User/usb_host_iap.h,44,DEF_IAP_ERR_VERIFY,0xF5,#,single-source,evt:CH32V205/EVT/EXAM/USBHS/Host/HOST_IAP/HOST_IAP/User/usb_host_iap.h(L44)
hostiap-v205-hs,CH32V205/EVT/EXAM/USBHS/Host/HOST_IAP/HOST_IAP/User/usb_host_iap.h,45,DEF_IAP_ERR_LENGTH,0xF6,#,single-source,evt:CH32V205/EVT/EXAM/USBHS/Host/HOST_IAP/HOST_IAP/User/usb_host_iap.h(L45)
hostiap-v205-hs,CH32V205/EVT/EXAM/USBHS/Host/HOST_IAP/HOST_IAP/User/usb_host_iap.h,48,DEF_MAX_IAP_BUFFER_LEN,1024,#,single-source,evt:CH32V205/EVT/EXAM/USBHS/Host/HOST_IAP/HOST_IAP/User/usb_host_iap.h(L48)
hostiap-v205-hs,CH32V205/EVT/EXAM/USBHS/Host/HOST_IAP/HOST_IAP/User/usb_host_iap.h,51,DEF_FLASH_PAGE_SIZE,0x100,#,single-source,evt:CH32V205/EVT/EXAM/USBHS/Host/HOST_IAP/HOST_IAP/User/usb_host_iap.h(L51)
hostiap-v205-hs,CH32V205/EVT/EXAM/USBHS/Host/HOST_IAP/HOST_IAP/User/usb_host_iap.h,54,DEF_APP_CODE_START_ADDR,0x08008000,#,single-source,evt:CH32V205/EVT/EXAM/USBHS/Host/HOST_IAP/HOST_IAP/User/usb_host_iap.h(L54)
hostiap-v205-hs,CH32V205/EVT/EXAM/USBHS/Host/HOST_IAP/HOST_IAP/User/usb_host_iap.h,55,DEF_APP_CODE_END_ADDR,0x08010000,#,single-source,evt:CH32V205/EVT/EXAM/USBHS/Host/HOST_IAP/HOST_IAP/User/usb_host_iap.h(L55)
hostiap-v205-hs,CH32V205/EVT/EXAM/USBHS/Host/HOST_IAP/HOST_IAP/User/usb_host_iap.h,58,DEF_APP_CODE_MAXLEN,(DEF_APP_CODE_END_ADDR-DEF_APP_CODE_START_ADDR),#,single-source,evt:CH32V205/EVT/EXAM/USBHS/Host/HOST_IAP/HOST_IAP/User/usb_host_iap.h(L58)
hostiap-v205-hs,CH32V205/EVT/EXAM/USBHS/Host/HOST_IAP/HOST_IAP/User/usb_host_iap.h,61,DEF_VERIFY_CODE_START_ADDR,0x08007F00,#,single-source,evt:CH32V205/EVT/EXAM/USBHS/Host/HOST_IAP/HOST_IAP/User/usb_host_iap.h(L61)
hostiap-v205-hs,CH32V205/EVT/EXAM/USBHS/Host/HOST_IAP/HOST_IAP/User/usb_host_iap.h,62,DEF_VERIFY_CODE_END_ADDR,0x08008000,#,single-source,evt:CH32V205/EVT/EXAM/USBHS/Host/HOST_IAP/HOST_IAP/User/usb_host_iap.h(L62)
hostiap-v205-hs,CH32V205/EVT/EXAM/USBHS/Host/HOST_IAP/HOST_IAP/User/usb_host_iap.h,63,DEF_VERIFY_CODE_MAXLEN,(DEF_VERIFY_CODE_END_ADDR-DEF_VERIFY_CODE_START_ADDR),#,single-source,evt:CH32V205/EVT/EXAM/USBHS/Host/HOST_IAP/HOST_IAP/User/usb_host_iap.h(L63)
hostiap-v205-hs,CH32V205/EVT/EXAM/USBHS/Host/HOST_IAP/HOST_IAP/User/usb_host_iap.h,64,DEF_VERIFY_CODE_LEN,0x10,#,single-source,evt:CH32V205/EVT/EXAM/USBHS/Host/HOST_IAP/HOST_IAP/User/usb_host_iap.h(L64)
hostiap-v205-hs,CH32V205/EVT/EXAM/USBHS/Host/HOST_IAP/HOST_IAP/User/usb_host_iap.h,67,DEF_FLASH_OPERATION_KEY_CODE_0,0x1A86FF00,#,single-source,evt:CH32V205/EVT/EXAM/USBHS/Host/HOST_IAP/HOST_IAP/User/usb_host_iap.h(L67)
hostiap-v205-hs,CH32V205/EVT/EXAM/USBHS/Host/HOST_IAP/HOST_IAP/User/usb_host_iap.h,68,DEF_FLASH_OPERATION_KEY_CODE_1,0x55AA55AA,#,single-source,evt:CH32V205/EVT/EXAM/USBHS/Host/HOST_IAP/HOST_IAP/User/usb_host_iap.h(L68)
hostiap-v20x-fs,CH32V20x/EVT/EXAM/USB/USBFS/HOST_IAP/HOST_IAP/User/Host_IAP/usb_host_iap.h,45,DEF_CORE_RV,0x01,#,single-source,evt:CH32V20x/EVT/EXAM/USB/USBFS/HOST_IAP/HOST_IAP/User/Host_IAP/usb_host_iap.h(L45)
hostiap-v20x-fs,CH32V20x/EVT/EXAM/USB/USBFS/HOST_IAP/HOST_IAP/User/Host_IAP/usb_host_iap.h,46,DEF_CORE_CM3,0x10,#,single-source,evt:CH32V20x/EVT/EXAM/USB/USBFS/HOST_IAP/HOST_IAP/User/Host_IAP/usb_host_iap.h(L46)
hostiap-v20x-fs,CH32V20x/EVT/EXAM/USB/USBFS/HOST_IAP/HOST_IAP/User/Host_IAP/usb_host_iap.h,47,DEF_CORE_TYPE,DEF_CORE_RV,#,single-source,evt:CH32V20x/EVT/EXAM/USB/USBFS/HOST_IAP/HOST_IAP/User/Host_IAP/usb_host_iap.h(L47)
hostiap-v20x-fs,CH32V20x/EVT/EXAM/USB/USBFS/HOST_IAP/HOST_IAP/User/Host_IAP/usb_host_iap.h,50,DEF_IAP_FILE_NAME,"""/APP.BIN""",#,single-source,evt:CH32V20x/EVT/EXAM/USB/USBFS/HOST_IAP/HOST_IAP/User/Host_IAP/usb_host_iap.h(L50)
hostiap-v20x-fs,CH32V20x/EVT/EXAM/USB/USBFS/HOST_IAP/HOST_IAP/User/Host_IAP/usb_host_iap.h,53,DEF_IAP_SUCCESS,0x00,#,single-source,evt:CH32V20x/EVT/EXAM/USB/USBFS/HOST_IAP/HOST_IAP/User/Host_IAP/usb_host_iap.h(L53)
hostiap-v20x-fs,CH32V20x/EVT/EXAM/USB/USBFS/HOST_IAP/HOST_IAP/User/Host_IAP/usb_host_iap.h,54,DEF_IAP_DEFAULT,0xFF,#,single-source,evt:CH32V20x/EVT/EXAM/USB/USBFS/HOST_IAP/HOST_IAP/User/Host_IAP/usb_host_iap.h(L54)
hostiap-v20x-fs,CH32V20x/EVT/EXAM/USB/USBFS/HOST_IAP/HOST_IAP/User/Host_IAP/usb_host_iap.h,55,DEF_IAP_ERR_DETECT,0xF1,#,single-source,evt:CH32V20x/EVT/EXAM/USB/USBFS/HOST_IAP/HOST_IAP/User/Host_IAP/usb_host_iap.h(L55)
hostiap-v20x-fs,CH32V20x/EVT/EXAM/USB/USBFS/HOST_IAP/HOST_IAP/User/Host_IAP/usb_host_iap.h,56,DEF_IAP_ERR_ENUM,0xF2,#,single-source,evt:CH32V20x/EVT/EXAM/USB/USBFS/HOST_IAP/HOST_IAP/User/Host_IAP/usb_host_iap.h(L56)
hostiap-v20x-fs,CH32V20x/EVT/EXAM/USB/USBFS/HOST_IAP/HOST_IAP/User/Host_IAP/usb_host_iap.h,57,DEF_IAP_ERR_FILE,0xF3,#,single-source,evt:CH32V20x/EVT/EXAM/USB/USBFS/HOST_IAP/HOST_IAP/User/Host_IAP/usb_host_iap.h(L57)
hostiap-v20x-fs,CH32V20x/EVT/EXAM/USB/USBFS/HOST_IAP/HOST_IAP/User/Host_IAP/usb_host_iap.h,58,DEF_IAP_ERR_FLASH,0xF4,#,single-source,evt:CH32V20x/EVT/EXAM/USB/USBFS/HOST_IAP/HOST_IAP/User/Host_IAP/usb_host_iap.h(L58)
hostiap-v20x-fs,CH32V20x/EVT/EXAM/USB/USBFS/HOST_IAP/HOST_IAP/User/Host_IAP/usb_host_iap.h,59,DEF_IAP_ERR_VERIFY,0xF5,#,single-source,evt:CH32V20x/EVT/EXAM/USB/USBFS/HOST_IAP/HOST_IAP/User/Host_IAP/usb_host_iap.h(L59)
hostiap-v20x-fs,CH32V20x/EVT/EXAM/USB/USBFS/HOST_IAP/HOST_IAP/User/Host_IAP/usb_host_iap.h,60,DEF_IAP_ERR_LENGTH,0xF6,#,single-source,evt:CH32V20x/EVT/EXAM/USB/USBFS/HOST_IAP/HOST_IAP/User/Host_IAP/usb_host_iap.h(L60)
hostiap-v20x-fs,CH32V20x/EVT/EXAM/USB/USBFS/HOST_IAP/HOST_IAP/User/Host_IAP/usb_host_iap.h,63,DEF_MAX_IAP_BUFFER_LEN,1024,#,single-source,evt:CH32V20x/EVT/EXAM/USB/USBFS/HOST_IAP/HOST_IAP/User/Host_IAP/usb_host_iap.h(L63)
hostiap-v20x-fs,CH32V20x/EVT/EXAM/USB/USBFS/HOST_IAP/HOST_IAP/User/Host_IAP/usb_host_iap.h,66,DEF_FLASH_PAGE_SIZE,0x100,#,single-source,evt:CH32V20x/EVT/EXAM/USB/USBFS/HOST_IAP/HOST_IAP/User/Host_IAP/usb_host_iap.h(L66)
hostiap-v20x-fs,CH32V20x/EVT/EXAM/USB/USBFS/HOST_IAP/HOST_IAP/User/Host_IAP/usb_host_iap.h,69,DEF_APP_CODE_START_ADDR,0x08005000,#,single-source,evt:CH32V20x/EVT/EXAM/USB/USBFS/HOST_IAP/HOST_IAP/User/Host_IAP/usb_host_iap.h(L69)
hostiap-v20x-fs,CH32V20x/EVT/EXAM/USB/USBFS/HOST_IAP/HOST_IAP/User/Host_IAP/usb_host_iap.h,71,DEF_APP_CODE_END_ADDR,0x08010000,#,single-source,evt:CH32V20x/EVT/EXAM/USB/USBFS/HOST_IAP/HOST_IAP/User/Host_IAP/usb_host_iap.h(L71)
hostiap-v20x-fs,CH32V20x/EVT/EXAM/USB/USBFS/HOST_IAP/HOST_IAP/User/Host_IAP/usb_host_iap.h,75,DEF_APP_CODE_END_ADDR,0x08020000,#,single-source,evt:CH32V20x/EVT/EXAM/USB/USBFS/HOST_IAP/HOST_IAP/User/Host_IAP/usb_host_iap.h(L75)
hostiap-v20x-fs,CH32V20x/EVT/EXAM/USB/USBFS/HOST_IAP/HOST_IAP/User/Host_IAP/usb_host_iap.h,79,DEF_APP_CODE_MAXLEN,(DEF_APP_CODE_END_ADDR-DEF_APP_CODE_START_ADDR),#,single-source,evt:CH32V20x/EVT/EXAM/USB/USBFS/HOST_IAP/HOST_IAP/User/Host_IAP/usb_host_iap.h(L79)
hostiap-v20x-fs,CH32V20x/EVT/EXAM/USB/USBFS/HOST_IAP/HOST_IAP/User/Host_IAP/usb_host_iap.h,82,DEF_VERIFY_CODE_START_ADDR,0x08004F00,#,single-source,evt:CH32V20x/EVT/EXAM/USB/USBFS/HOST_IAP/HOST_IAP/User/Host_IAP/usb_host_iap.h(L82)
hostiap-v20x-fs,CH32V20x/EVT/EXAM/USB/USBFS/HOST_IAP/HOST_IAP/User/Host_IAP/usb_host_iap.h,83,DEF_VERIFY_CODE_END_ADDR,0x08005000,#,single-source,evt:CH32V20x/EVT/EXAM/USB/USBFS/HOST_IAP/HOST_IAP/User/Host_IAP/usb_host_iap.h(L83)
hostiap-v20x-fs,CH32V20x/EVT/EXAM/USB/USBFS/HOST_IAP/HOST_IAP/User/Host_IAP/usb_host_iap.h,84,DEF_VERIFY_CODE_MAXLEN,(DEF_VERIFY_CODE_END_ADDR-DEF_VERIFY_CODE_START_ADDR),#,single-source,evt:CH32V20x/EVT/EXAM/USB/USBFS/HOST_IAP/HOST_IAP/User/Host_IAP/usb_host_iap.h(L84)
hostiap-v20x-fs,CH32V20x/EVT/EXAM/USB/USBFS/HOST_IAP/HOST_IAP/User/Host_IAP/usb_host_iap.h,85,DEF_VERIFY_CODE_LEN,0x10,#,single-source,evt:CH32V20x/EVT/EXAM/USB/USBFS/HOST_IAP/HOST_IAP/User/Host_IAP/usb_host_iap.h(L85)
hostiap-v20x-fs,CH32V20x/EVT/EXAM/USB/USBFS/HOST_IAP/HOST_IAP/User/Host_IAP/usb_host_iap.h,88,DEF_FLASH_OPERATION_KEY_CODE_0,0x1A86FF00,#,single-source,evt:CH32V20x/EVT/EXAM/USB/USBFS/HOST_IAP/HOST_IAP/User/Host_IAP/usb_host_iap.h(L88)
hostiap-v20x-fs,CH32V20x/EVT/EXAM/USB/USBFS/HOST_IAP/HOST_IAP/User/Host_IAP/usb_host_iap.h,89,DEF_FLASH_OPERATION_KEY_CODE_1,0x55AA55AA,#,single-source,evt:CH32V20x/EVT/EXAM/USB/USBFS/HOST_IAP/HOST_IAP/User/Host_IAP/usb_host_iap.h(L89)
hostiap-v20x-fs,CH32V20x/EVT/EXAM/USB/USBFS/HOST_IAP/HOST_IAP/User/USB_Host/ch32v20x_usbfs_host.h,24,pUSBFS_SetupRequest,( (PUSB_SETUP_REQ)USBFS_TX_Buf ),#,single-source,evt:CH32V20x/EVT/EXAM/USB/USBFS/HOST_IAP/HOST_IAP/User/USB_Host/ch32v20x_usbfs_host.h(L24)
hostiap-v20x-fs,CH32V20x/EVT/EXAM/USB/USBFS/HOST_IAP/HOST_IAP/User/USB_Host/ch32v20x_usbfs_host.h,77,USBFS_RX_Buf,RxBuffer,#,single-source,evt:CH32V20x/EVT/EXAM/USB/USBFS/HOST_IAP/HOST_IAP/User/USB_Host/ch32v20x_usbfs_host.h(L77)
hostiap-v20x-fs,CH32V20x/EVT/EXAM/USB/USBFS/HOST_IAP/HOST_IAP/User/USB_Host/ch32v20x_usbfs_host.h,78,USBFS_TX_Buf,TxBuffer,#,single-source,evt:CH32V20x/EVT/EXAM/USB/USBFS/HOST_IAP/HOST_IAP/User/USB_Host/ch32v20x_usbfs_host.h(L78)
hostiap-v20x-fs,CH32V20x/EVT/EXAM/USB/USBFS/HOST_IAP/HOST_IAP/User/USB_Host/usb_host_config.h,31,DEF_TOTAL_ROOT_HUB,1,#,single-source,evt:CH32V20x/EVT/EXAM/USB/USBFS/HOST_IAP/HOST_IAP/User/USB_Host/usb_host_config.h(L31)
hostiap-v20x-fs,CH32V20x/EVT/EXAM/USB/USBFS/HOST_IAP/HOST_IAP/User/USB_Host/usb_host_config.h,32,DEF_USB_PORT_FS_EN,1,#,single-source,evt:CH32V20x/EVT/EXAM/USB/USBFS/HOST_IAP/HOST_IAP/User/USB_Host/usb_host_config.h(L32)
hostiap-v20x-fs,CH32V20x/EVT/EXAM/USB/USBFS/HOST_IAP/HOST_IAP/User/USB_Host/usb_host_config.h,33,DEF_USB_PORT_FS,0x00,#,single-source,evt:CH32V20x/EVT/EXAM/USB/USBFS/HOST_IAP/HOST_IAP/User/USB_Host/usb_host_config.h(L33)
hostiap-v20x-fs,CH32V20x/EVT/EXAM/USB/USBFS/HOST_IAP/HOST_IAP/User/USB_Host/usb_host_config.h,36,ROOT_DEV_DISCONNECT,0,#,single-source,evt:CH32V20x/EVT/EXAM/USB/USBFS/HOST_IAP/HOST_IAP/User/USB_Host/usb_host_config.h(L36)
hostiap-v20x-fs,CH32V20x/EVT/EXAM/USB/USBFS/HOST_IAP/HOST_IAP/User/USB_Host/usb_host_config.h,37,ROOT_DEV_CONNECTED,1,#,single-source,evt:CH32V20x/EVT/EXAM/USB/USBFS/HOST_IAP/HOST_IAP/User/USB_Host/usb_host_config.h(L37)
hostiap-v20x-fs,CH32V20x/EVT/EXAM/USB/USBFS/HOST_IAP/HOST_IAP/User/USB_Host/usb_host_config.h,38,ROOT_DEV_FAILED,2,#,single-source,evt:CH32V20x/EVT/EXAM/USB/USBFS/HOST_IAP/HOST_IAP/User/USB_Host/usb_host_config.h(L38)
hostiap-v20x-fs,CH32V20x/EVT/EXAM/USB/USBFS/HOST_IAP/HOST_IAP/User/USB_Host/usb_host_config.h,39,ROOT_DEV_SUCCESS,3,#,single-source,evt:CH32V20x/EVT/EXAM/USB/USBFS/HOST_IAP/HOST_IAP/User/USB_Host/usb_host_config.h(L39)
hostiap-v20x-fs,CH32V20x/EVT/EXAM/USB/USBFS/HOST_IAP/HOST_IAP/User/USB_Host/usb_host_config.h,42,USB_DEVICE_ADDR,0x02,#,single-source,evt:CH32V20x/EVT/EXAM/USB/USBFS/HOST_IAP/HOST_IAP/User/USB_Host/usb_host_config.h(L42)
hostiap-v20x-fs,CH32V20x/EVT/EXAM/USB/USBFS/HOST_IAP/HOST_IAP/User/USB_Host/usb_host_config.h,45,USB_LOW_SPEED,0x00,#,single-source,evt:CH32V20x/EVT/EXAM/USB/USBFS/HOST_IAP/HOST_IAP/User/USB_Host/usb_host_config.h(L45)
hostiap-v20x-fs,CH32V20x/EVT/EXAM/USB/USBFS/HOST_IAP/HOST_IAP/User/USB_Host/usb_host_config.h,46,USB_FULL_SPEED,0x01,#,single-source,evt:CH32V20x/EVT/EXAM/USB/USBFS/HOST_IAP/HOST_IAP/User/USB_Host/usb_host_config.h(L46)
hostiap-v20x-fs,CH32V20x/EVT/EXAM/USB/USBFS/HOST_IAP/HOST_IAP/User/USB_Host/usb_host_config.h,47,USB_HIGH_SPEED,0x02,#,single-source,evt:CH32V20x/EVT/EXAM/USB/USBFS/HOST_IAP/HOST_IAP/User/USB_Host/usb_host_config.h(L47)
hostiap-v20x-fs,CH32V20x/EVT/EXAM/USB/USBFS/HOST_IAP/HOST_IAP/User/USB_Host/usb_host_config.h,48,USB_SPEED_CHECK_ERR,0xFF,#,single-source,evt:CH32V20x/EVT/EXAM/USB/USBFS/HOST_IAP/HOST_IAP/User/USB_Host/usb_host_config.h(L48)
hostiap-v20x-fs,CH32V20x/EVT/EXAM/USB/USBFS/HOST_IAP/HOST_IAP/User/USB_Host/usb_host_config.h,51,DEF_DECR_CONFIG,0x02,#,single-source,evt:CH32V20x/EVT/EXAM/USB/USBFS/HOST_IAP/HOST_IAP/User/USB_Host/usb_host_config.h(L51)
hostiap-v20x-fs,CH32V20x/EVT/EXAM/USB/USBFS/HOST_IAP/HOST_IAP/User/USB_Host/usb_host_config.h,52,DEF_DECR_INTERFACE,0x04,#,single-source,evt:CH32V20x/EVT/EXAM/USB/USBFS/HOST_IAP/HOST_IAP/User/USB_Host/usb_host_config.h(L52)
hostiap-v20x-fs,CH32V20x/EVT/EXAM/USB/USBFS/HOST_IAP/HOST_IAP/User/USB_Host/usb_host_config.h,53,DEF_DECR_ENDPOINT,0x05,#,single-source,evt:CH32V20x/EVT/EXAM/USB/USBFS/HOST_IAP/HOST_IAP/User/USB_Host/usb_host_config.h(L53)
hostiap-v20x-fs,CH32V20x/EVT/EXAM/USB/USBFS/HOST_IAP/HOST_IAP/User/USB_Host/usb_host_config.h,54,DEF_DECR_HID,0x21,#,single-source,evt:CH32V20x/EVT/EXAM/USB/USBFS/HOST_IAP/HOST_IAP/User/USB_Host/usb_host_config.h(L54)
hostiap-v20x-fs,CH32V20x/EVT/EXAM/USB/USBFS/HOST_IAP/HOST_IAP/User/USB_Host/usb_host_config.h,57,ERR_SUCCESS,0x00,#,single-source,evt:CH32V20x/EVT/EXAM/USB/USBFS/HOST_IAP/HOST_IAP/User/USB_Host/usb_host_config.h(L57)
hostiap-v20x-fs,CH32V20x/EVT/EXAM/USB/USBFS/HOST_IAP/HOST_IAP/User/USB_Host/usb_host_config.h,58,ERR_USB_CONNECT,0x15,#,single-source,evt:CH32V20x/EVT/EXAM/USB/USBFS/HOST_IAP/HOST_IAP/User/USB_Host/usb_host_config.h(L58)
hostiap-v20x-fs,CH32V20x/EVT/EXAM/USB/USBFS/HOST_IAP/HOST_IAP/User/USB_Host/usb_host_config.h,59,ERR_USB_DISCON,0x16,#,single-source,evt:CH32V20x/EVT/EXAM/USB/USBFS/HOST_IAP/HOST_IAP/User/USB_Host/usb_host_config.h(L59)
hostiap-v20x-fs,CH32V20x/EVT/EXAM/USB/USBFS/HOST_IAP/HOST_IAP/User/USB_Host/usb_host_config.h,60,ERR_USB_BUF_OVER,0x17,#,single-source,evt:CH32V20x/EVT/EXAM/USB/USBFS/HOST_IAP/HOST_IAP/User/USB_Host/usb_host_config.h(L60)
hostiap-v20x-fs,CH32V20x/EVT/EXAM/USB/USBFS/HOST_IAP/HOST_IAP/User/USB_Host/usb_host_config.h,61,ERR_USB_DISK_ERR,0x1F,#,single-source,evt:CH32V20x/EVT/EXAM/USB/USBFS/HOST_IAP/HOST_IAP/User/USB_Host/usb_host_config.h(L61)
hostiap-v20x-fs,CH32V20x/EVT/EXAM/USB/USBFS/HOST_IAP/HOST_IAP/User/USB_Host/usb_host_config.h,62,ERR_USB_TRANSFER,0x20,#,single-source,evt:CH32V20x/EVT/EXAM/USB/USBFS/HOST_IAP/HOST_IAP/User/USB_Host/usb_host_config.h(L62)
hostiap-v20x-fs,CH32V20x/EVT/EXAM/USB/USBFS/HOST_IAP/HOST_IAP/User/USB_Host/usb_host_config.h,63,ERR_USB_UNSUPPORT,0xFB,#,single-source,evt:CH32V20x/EVT/EXAM/USB/USBFS/HOST_IAP/HOST_IAP/User/USB_Host/usb_host_config.h(L63)
hostiap-v20x-fs,CH32V20x/EVT/EXAM/USB/USBFS/HOST_IAP/HOST_IAP/User/USB_Host/usb_host_config.h,64,ERR_USB_UNAVAILABLE,0xFC,#,single-source,evt:CH32V20x/EVT/EXAM/USB/USBFS/HOST_IAP/HOST_IAP/User/USB_Host/usb_host_config.h(L64)
hostiap-v20x-fs,CH32V20x/EVT/EXAM/USB/USBFS/HOST_IAP/HOST_IAP/User/USB_Host/usb_host_config.h,65,ERR_USB_UNKNOWN,0xFE,#,single-source,evt:CH32V20x/EVT/EXAM/USB/USBFS/HOST_IAP/HOST_IAP/User/USB_Host/usb_host_config.h(L65)
hostiap-v20x-fs,CH32V20x/EVT/EXAM/USB/USBFS/HOST_IAP/HOST_IAP/User/USB_Host/usb_host_config.h,68,DEF_DEV_DESCR_GETFAIL,0x45,#,single-source,evt:CH32V20x/EVT/EXAM/USB/USBFS/HOST_IAP/HOST_IAP/User/USB_Host/usb_host_config.h(L68)
hostiap-v20x-fs,CH32V20x/EVT/EXAM/USB/USBFS/HOST_IAP/HOST_IAP/User/USB_Host/usb_host_config.h,69,DEF_DEV_ADDR_SETFAIL,0x46,#,single-source,evt:CH32V20x/EVT/EXAM/USB/USBFS/HOST_IAP/HOST_IAP/User/USB_Host/usb_host_config.h(L69)
hostiap-v20x-fs,CH32V20x/EVT/EXAM/USB/USBFS/HOST_IAP/HOST_IAP/User/USB_Host/usb_host_config.h,70,DEF_CFG_DESCR_GETFAIL,0x47,#,single-source,evt:CH32V20x/EVT/EXAM/USB/USBFS/HOST_IAP/HOST_IAP/User/USB_Host/usb_host_config.h(L70)
hostiap-v20x-fs,CH32V20x/EVT/EXAM/USB/USBFS/HOST_IAP/HOST_IAP/User/USB_Host/usb_host_config.h,71,DEF_REP_DESCR_GETFAIL,0x48,#,single-source,evt:CH32V20x/EVT/EXAM/USB/USBFS/HOST_IAP/HOST_IAP/User/USB_Host/usb_host_config.h(L71)
hostiap-v20x-fs,CH32V20x/EVT/EXAM/USB/USBFS/HOST_IAP/HOST_IAP/User/USB_Host/usb_host_config.h,72,DEF_DEV_TYPE_UNKNOWN,0xFF,#,single-source,evt:CH32V20x/EVT/EXAM/USB/USBFS/HOST_IAP/HOST_IAP/User/USB_Host/usb_host_config.h(L72)
hostiap-v20x-fs,CH32V20x/EVT/EXAM/USB/USBFS/HOST_IAP/HOST_IAP/User/USB_Host/usb_host_config.h,75,DEF_BUS_RESET_TIME,11,#,single-source,evt:CH32V20x/EVT/EXAM/USB/USBFS/HOST_IAP/HOST_IAP/User/USB_Host/usb_host_config.h(L75)
hostiap-v20x-fs,CH32V20x/EVT/EXAM/USB/USBFS/HOST_IAP/HOST_IAP/User/USB_Host/usb_host_config.h,76,DEF_RE_ATTACH_TIMEOUT,100,#,single-source,evt:CH32V20x/EVT/EXAM/USB/USBFS/HOST_IAP/HOST_IAP/User/USB_Host/usb_host_config.h(L76)
hostiap-v20x-fs,CH32V20x/EVT/EXAM/USB/USBFS/HOST_IAP/HOST_IAP/User/USB_Host/usb_host_config.h,77,DEF_WAIT_USB_TOUT_200US,1000,#,single-source,evt:CH32V20x/EVT/EXAM/USB/USBFS/HOST_IAP/HOST_IAP/User/USB_Host/usb_host_config.h(L77)
hostiap-v20x-fs,CH32V20x/EVT/EXAM/USB/USBFS/HOST_IAP/HOST_IAP/User/USB_Host/usb_host_config.h,78,DEF_CTRL_TRANS_TIMEOVER_CNT,60000,#,single-source,evt:CH32V20x/EVT/EXAM/USB/USBFS/HOST_IAP/HOST_IAP/User/USB_Host/usb_host_config.h(L78)
hostiap-v20x-fs,CH32V20x/EVT/EXAM/USB/USBFS/HOST_IAP/HOST_IAP/User/USB_Host/usb_host_config.h,81,DEF_ONE_USB_SUP_DEV_TOTAL,1,#,single-source,evt:CH32V20x/EVT/EXAM/USB/USBFS/HOST_IAP/HOST_IAP/User/USB_Host/usb_host_config.h(L81)
hostiap-v20x-fs,CH32V20x/EVT/EXAM/USB/USBFS/HOST_IAP/HOST_IAP/User/USB_Host/usb_host_config.h,82,DEF_NEXT_HUB_PORT_NUM_MAX,4,#,single-source,evt:CH32V20x/EVT/EXAM/USB/USBFS/HOST_IAP/HOST_IAP/User/USB_Host/usb_host_config.h(L82)
hostiap-v20x-fs,CH32V20x/EVT/EXAM/USB/USBFS/HOST_IAP/HOST_IAP/User/USB_Host/usb_host_config.h,83,DEF_INTERFACE_NUM_MAX,4,#,single-source,evt:CH32V20x/EVT/EXAM/USB/USBFS/HOST_IAP/HOST_IAP/User/USB_Host/usb_host_config.h(L83)
hostiap-v20x-fs,CH32V20x/EVT/EXAM/USB/USBFS/HOST_IAP/HOST_IAP/User/USB_Host/usb_host_config.h,84,DEF_COM_BUF_LEN,255,#,single-source,evt:CH32V20x/EVT/EXAM/USB/USBFS/HOST_IAP/HOST_IAP/User/USB_Host/usb_host_config.h(L84)
hostiap-v20x-fs,CH32V20x/EVT/EXAM/USB/USBFS/HOST_IAP/HOST_IAP/User/USB_Host/usb_host_config.h,87,DEF_DEBUG_PRINTF,1,#,single-source,evt:CH32V20x/EVT/EXAM/USB/USBFS/HOST_IAP/HOST_IAP/User/USB_Host/usb_host_config.h(L87)
hostiap-v20x-fs,CH32V20x/EVT/EXAM/USB/USBFS/HOST_IAP/HOST_IAP/User/system_ch32v20x.c,25,SYSCLK_FREQ_96MHz_HSE,96000000,#,single-source,evt:CH32V20x/EVT/EXAM/USB/USBFS/HOST_IAP/HOST_IAP/User/system_ch32v20x.c(L25)
hostiap-v30x-fs,CH32V307/EVT/EXAM/USB/USBFS/HOST_IAP/HOST_IAP/User/Host_IAP/usb_host_iap.h,45,DEF_CORE_RV,0x01,#,single-source,evt:CH32V307/EVT/EXAM/USB/USBFS/HOST_IAP/HOST_IAP/User/Host_IAP/usb_host_iap.h(L45)
hostiap-v30x-fs,CH32V307/EVT/EXAM/USB/USBFS/HOST_IAP/HOST_IAP/User/Host_IAP/usb_host_iap.h,46,DEF_CORE_CM3,0x10,#,single-source,evt:CH32V307/EVT/EXAM/USB/USBFS/HOST_IAP/HOST_IAP/User/Host_IAP/usb_host_iap.h(L46)
hostiap-v30x-fs,CH32V307/EVT/EXAM/USB/USBFS/HOST_IAP/HOST_IAP/User/Host_IAP/usb_host_iap.h,47,DEF_CORE_TYPE,DEF_CORE_RV,#,single-source,evt:CH32V307/EVT/EXAM/USB/USBFS/HOST_IAP/HOST_IAP/User/Host_IAP/usb_host_iap.h(L47)
hostiap-v30x-fs,CH32V307/EVT/EXAM/USB/USBFS/HOST_IAP/HOST_IAP/User/Host_IAP/usb_host_iap.h,50,DEF_IAP_FILE_NAME,"""/APP.BIN""",#,single-source,evt:CH32V307/EVT/EXAM/USB/USBFS/HOST_IAP/HOST_IAP/User/Host_IAP/usb_host_iap.h(L50)
hostiap-v30x-fs,CH32V307/EVT/EXAM/USB/USBFS/HOST_IAP/HOST_IAP/User/Host_IAP/usb_host_iap.h,53,DEF_IAP_SUCCESS,0x00,#,single-source,evt:CH32V307/EVT/EXAM/USB/USBFS/HOST_IAP/HOST_IAP/User/Host_IAP/usb_host_iap.h(L53)
hostiap-v30x-fs,CH32V307/EVT/EXAM/USB/USBFS/HOST_IAP/HOST_IAP/User/Host_IAP/usb_host_iap.h,54,DEF_IAP_DEFAULT,0xFF,#,single-source,evt:CH32V307/EVT/EXAM/USB/USBFS/HOST_IAP/HOST_IAP/User/Host_IAP/usb_host_iap.h(L54)
hostiap-v30x-fs,CH32V307/EVT/EXAM/USB/USBFS/HOST_IAP/HOST_IAP/User/Host_IAP/usb_host_iap.h,55,DEF_IAP_ERR_DETECT,0xF1,#,single-source,evt:CH32V307/EVT/EXAM/USB/USBFS/HOST_IAP/HOST_IAP/User/Host_IAP/usb_host_iap.h(L55)
hostiap-v30x-fs,CH32V307/EVT/EXAM/USB/USBFS/HOST_IAP/HOST_IAP/User/Host_IAP/usb_host_iap.h,56,DEF_IAP_ERR_ENUM,0xF2,#,single-source,evt:CH32V307/EVT/EXAM/USB/USBFS/HOST_IAP/HOST_IAP/User/Host_IAP/usb_host_iap.h(L56)
hostiap-v30x-fs,CH32V307/EVT/EXAM/USB/USBFS/HOST_IAP/HOST_IAP/User/Host_IAP/usb_host_iap.h,57,DEF_IAP_ERR_FILE,0xF3,#,single-source,evt:CH32V307/EVT/EXAM/USB/USBFS/HOST_IAP/HOST_IAP/User/Host_IAP/usb_host_iap.h(L57)
hostiap-v30x-fs,CH32V307/EVT/EXAM/USB/USBFS/HOST_IAP/HOST_IAP/User/Host_IAP/usb_host_iap.h,58,DEF_IAP_ERR_FLASH,0xF4,#,single-source,evt:CH32V307/EVT/EXAM/USB/USBFS/HOST_IAP/HOST_IAP/User/Host_IAP/usb_host_iap.h(L58)
hostiap-v30x-fs,CH32V307/EVT/EXAM/USB/USBFS/HOST_IAP/HOST_IAP/User/Host_IAP/usb_host_iap.h,59,DEF_IAP_ERR_VERIFY,0xF5,#,single-source,evt:CH32V307/EVT/EXAM/USB/USBFS/HOST_IAP/HOST_IAP/User/Host_IAP/usb_host_iap.h(L59)
hostiap-v30x-fs,CH32V307/EVT/EXAM/USB/USBFS/HOST_IAP/HOST_IAP/User/Host_IAP/usb_host_iap.h,60,DEF_IAP_ERR_LENGTH,0xF6,#,single-source,evt:CH32V307/EVT/EXAM/USB/USBFS/HOST_IAP/HOST_IAP/User/Host_IAP/usb_host_iap.h(L60)
hostiap-v30x-fs,CH32V307/EVT/EXAM/USB/USBFS/HOST_IAP/HOST_IAP/User/Host_IAP/usb_host_iap.h,63,DEF_MAX_IAP_BUFFER_LEN,1024,#,single-source,evt:CH32V307/EVT/EXAM/USB/USBFS/HOST_IAP/HOST_IAP/User/Host_IAP/usb_host_iap.h(L63)
hostiap-v30x-fs,CH32V307/EVT/EXAM/USB/USBFS/HOST_IAP/HOST_IAP/User/Host_IAP/usb_host_iap.h,66,DEF_FLASH_PAGE_SIZE,0x100,#,single-source,evt:CH32V307/EVT/EXAM/USB/USBFS/HOST_IAP/HOST_IAP/User/Host_IAP/usb_host_iap.h(L66)
hostiap-v30x-fs,CH32V307/EVT/EXAM/USB/USBFS/HOST_IAP/HOST_IAP/User/Host_IAP/usb_host_iap.h,69,DEF_APP_CODE_START_ADDR,0x08006000,#,single-source,evt:CH32V307/EVT/EXAM/USB/USBFS/HOST_IAP/HOST_IAP/User/Host_IAP/usb_host_iap.h(L69)
hostiap-v30x-fs,CH32V307/EVT/EXAM/USB/USBFS/HOST_IAP/HOST_IAP/User/Host_IAP/usb_host_iap.h,70,DEF_APP_CODE_END_ADDR,0x08030000,#,single-source,evt:CH32V307/EVT/EXAM/USB/USBFS/HOST_IAP/HOST_IAP/User/Host_IAP/usb_host_iap.h(L70)
hostiap-v30x-fs,CH32V307/EVT/EXAM/USB/USBFS/HOST_IAP/HOST_IAP/User/Host_IAP/usb_host_iap.h,74,DEF_APP_CODE_MAXLEN,(DEF_APP_CODE_END_ADDR-DEF_APP_CODE_START_ADDR),#,single-source,evt:CH32V307/EVT/EXAM/USB/USBFS/HOST_IAP/HOST_IAP/User/Host_IAP/usb_host_iap.h(L74)
hostiap-v30x-fs,CH32V307/EVT/EXAM/USB/USBFS/HOST_IAP/HOST_IAP/User/Host_IAP/usb_host_iap.h,77,DEF_VERIFY_CODE_START_ADDR,0x08005F00,#,single-source,evt:CH32V307/EVT/EXAM/USB/USBFS/HOST_IAP/HOST_IAP/User/Host_IAP/usb_host_iap.h(L77)
hostiap-v30x-fs,CH32V307/EVT/EXAM/USB/USBFS/HOST_IAP/HOST_IAP/User/Host_IAP/usb_host_iap.h,78,DEF_VERIFY_CODE_END_ADDR,0x08006000,#,single-source,evt:CH32V307/EVT/EXAM/USB/USBFS/HOST_IAP/HOST_IAP/User/Host_IAP/usb_host_iap.h(L78)
hostiap-v30x-fs,CH32V307/EVT/EXAM/USB/USBFS/HOST_IAP/HOST_IAP/User/Host_IAP/usb_host_iap.h,79,DEF_VERIFY_CODE_MAXLEN,(DEF_VERIFY_CODE_END_ADDR-DEF_VERIFY_CODE_START_ADDR),#,single-source,evt:CH32V307/EVT/EXAM/USB/USBFS/HOST_IAP/HOST_IAP/User/Host_IAP/usb_host_iap.h(L79)
hostiap-v30x-fs,CH32V307/EVT/EXAM/USB/USBFS/HOST_IAP/HOST_IAP/User/Host_IAP/usb_host_iap.h,80,DEF_VERIFY_CODE_LEN,0x10,#,single-source,evt:CH32V307/EVT/EXAM/USB/USBFS/HOST_IAP/HOST_IAP/User/Host_IAP/usb_host_iap.h(L80)
hostiap-v30x-fs,CH32V307/EVT/EXAM/USB/USBFS/HOST_IAP/HOST_IAP/User/Host_IAP/usb_host_iap.h,83,DEF_FLASH_OPERATION_KEY_CODE_0,0x1A86FF00,#,single-source,evt:CH32V307/EVT/EXAM/USB/USBFS/HOST_IAP/HOST_IAP/User/Host_IAP/usb_host_iap.h(L83)
hostiap-v30x-fs,CH32V307/EVT/EXAM/USB/USBFS/HOST_IAP/HOST_IAP/User/Host_IAP/usb_host_iap.h,84,DEF_FLASH_OPERATION_KEY_CODE_1,0x55AA55AA,#,single-source,evt:CH32V307/EVT/EXAM/USB/USBFS/HOST_IAP/HOST_IAP/User/Host_IAP/usb_host_iap.h(L84)
hostiap-v30x-fs,CH32V307/EVT/EXAM/USB/USBFS/HOST_IAP/HOST_IAP/User/USB_Host/ch32v30x_usbfs_host.h,28,pUSBFS_SetupRequest,( (PUSB_SETUP_REQ)USBFS_TX_Buf ),#,single-source,evt:CH32V307/EVT/EXAM/USB/USBFS/HOST_IAP/HOST_IAP/User/USB_Host/ch32v30x_usbfs_host.h(L28)
hostiap-v30x-fs,CH32V307/EVT/EXAM/USB/USBFS/HOST_IAP/HOST_IAP/User/USB_Host/ch32v30x_usbfs_host.h,81,USBFS_RX_Buf,RxBuffer,#,single-source,evt:CH32V307/EVT/EXAM/USB/USBFS/HOST_IAP/HOST_IAP/User/USB_Host/ch32v30x_usbfs_host.h(L81)
hostiap-v30x-fs,CH32V307/EVT/EXAM/USB/USBFS/HOST_IAP/HOST_IAP/User/USB_Host/ch32v30x_usbfs_host.h,82,USBFS_TX_Buf,TxBuffer,#,single-source,evt:CH32V307/EVT/EXAM/USB/USBFS/HOST_IAP/HOST_IAP/User/USB_Host/ch32v30x_usbfs_host.h(L82)
hostiap-v30x-fs,CH32V307/EVT/EXAM/USB/USBFS/HOST_IAP/HOST_IAP/User/USB_Host/usb_host_config.h,34,DEF_TOTAL_ROOT_HUB,2,#,single-source,evt:CH32V307/EVT/EXAM/USB/USBFS/HOST_IAP/HOST_IAP/User/USB_Host/usb_host_config.h(L34)
hostiap-v30x-fs,CH32V307/EVT/EXAM/USB/USBFS/HOST_IAP/HOST_IAP/User/USB_Host/usb_host_config.h,35,DEF_USB_PORT_FS_EN,1,#,single-source,evt:CH32V307/EVT/EXAM/USB/USBFS/HOST_IAP/HOST_IAP/User/USB_Host/usb_host_config.h(L35)
hostiap-v30x-fs,CH32V307/EVT/EXAM/USB/USBFS/HOST_IAP/HOST_IAP/User/USB_Host/usb_host_config.h,36,DEF_USB_PORT_HS_EN,0,#,single-source,evt:CH32V307/EVT/EXAM/USB/USBFS/HOST_IAP/HOST_IAP/User/USB_Host/usb_host_config.h(L36)
hostiap-v30x-fs,CH32V307/EVT/EXAM/USB/USBFS/HOST_IAP/HOST_IAP/User/USB_Host/usb_host_config.h,37,DEF_USB_PORT_FS,0x00,#,single-source,evt:CH32V307/EVT/EXAM/USB/USBFS/HOST_IAP/HOST_IAP/User/USB_Host/usb_host_config.h(L37)
hostiap-v30x-fs,CH32V307/EVT/EXAM/USB/USBFS/HOST_IAP/HOST_IAP/User/USB_Host/usb_host_config.h,38,DEF_USB_PORT_HS,0x01,#,single-source,evt:CH32V307/EVT/EXAM/USB/USBFS/HOST_IAP/HOST_IAP/User/USB_Host/usb_host_config.h(L38)
hostiap-v30x-fs,CH32V307/EVT/EXAM/USB/USBFS/HOST_IAP/HOST_IAP/User/USB_Host/usb_host_config.h,41,ROOT_DEV_DISCONNECT,0,#,single-source,evt:CH32V307/EVT/EXAM/USB/USBFS/HOST_IAP/HOST_IAP/User/USB_Host/usb_host_config.h(L41)
hostiap-v30x-fs,CH32V307/EVT/EXAM/USB/USBFS/HOST_IAP/HOST_IAP/User/USB_Host/usb_host_config.h,42,ROOT_DEV_CONNECTED,1,#,single-source,evt:CH32V307/EVT/EXAM/USB/USBFS/HOST_IAP/HOST_IAP/User/USB_Host/usb_host_config.h(L42)
hostiap-v30x-fs,CH32V307/EVT/EXAM/USB/USBFS/HOST_IAP/HOST_IAP/User/USB_Host/usb_host_config.h,43,ROOT_DEV_FAILED,2,#,single-source,evt:CH32V307/EVT/EXAM/USB/USBFS/HOST_IAP/HOST_IAP/User/USB_Host/usb_host_config.h(L43)
hostiap-v30x-fs,CH32V307/EVT/EXAM/USB/USBFS/HOST_IAP/HOST_IAP/User/USB_Host/usb_host_config.h,44,ROOT_DEV_SUCCESS,3,#,single-source,evt:CH32V307/EVT/EXAM/USB/USBFS/HOST_IAP/HOST_IAP/User/USB_Host/usb_host_config.h(L44)
hostiap-v30x-fs,CH32V307/EVT/EXAM/USB/USBFS/HOST_IAP/HOST_IAP/User/USB_Host/usb_host_config.h,47,USB_DEVICE_ADDR,0x02,#,single-source,evt:CH32V307/EVT/EXAM/USB/USBFS/HOST_IAP/HOST_IAP/User/USB_Host/usb_host_config.h(L47)
hostiap-v30x-fs,CH32V307/EVT/EXAM/USB/USBFS/HOST_IAP/HOST_IAP/User/USB_Host/usb_host_config.h,50,USB_LOW_SPEED,0x00,#,single-source,evt:CH32V307/EVT/EXAM/USB/USBFS/HOST_IAP/HOST_IAP/User/USB_Host/usb_host_config.h(L50)
hostiap-v30x-fs,CH32V307/EVT/EXAM/USB/USBFS/HOST_IAP/HOST_IAP/User/USB_Host/usb_host_config.h,51,USB_FULL_SPEED,0x01,#,single-source,evt:CH32V307/EVT/EXAM/USB/USBFS/HOST_IAP/HOST_IAP/User/USB_Host/usb_host_config.h(L51)
hostiap-v30x-fs,CH32V307/EVT/EXAM/USB/USBFS/HOST_IAP/HOST_IAP/User/USB_Host/usb_host_config.h,52,USB_HIGH_SPEED,0x02,#,single-source,evt:CH32V307/EVT/EXAM/USB/USBFS/HOST_IAP/HOST_IAP/User/USB_Host/usb_host_config.h(L52)
hostiap-v30x-fs,CH32V307/EVT/EXAM/USB/USBFS/HOST_IAP/HOST_IAP/User/USB_Host/usb_host_config.h,53,USB_SPEED_CHECK_ERR,0xFF,#,single-source,evt:CH32V307/EVT/EXAM/USB/USBFS/HOST_IAP/HOST_IAP/User/USB_Host/usb_host_config.h(L53)
hostiap-v30x-fs,CH32V307/EVT/EXAM/USB/USBFS/HOST_IAP/HOST_IAP/User/USB_Host/usb_host_config.h,56,DEF_DECR_CONFIG,0x02,#,single-source,evt:CH32V307/EVT/EXAM/USB/USBFS/HOST_IAP/HOST_IAP/User/USB_Host/usb_host_config.h(L56)
hostiap-v30x-fs,CH32V307/EVT/EXAM/USB/USBFS/HOST_IAP/HOST_IAP/User/USB_Host/usb_host_config.h,57,DEF_DECR_INTERFACE,0x04,#,single-source,evt:CH32V307/EVT/EXAM/USB/USBFS/HOST_IAP/HOST_IAP/User/USB_Host/usb_host_config.h(L57)
hostiap-v30x-fs,CH32V307/EVT/EXAM/USB/USBFS/HOST_IAP/HOST_IAP/User/USB_Host/usb_host_config.h,58,DEF_DECR_ENDPOINT,0x05,#,single-source,evt:CH32V307/EVT/EXAM/USB/USBFS/HOST_IAP/HOST_IAP/User/USB_Host/usb_host_config.h(L58)
hostiap-v30x-fs,CH32V307/EVT/EXAM/USB/USBFS/HOST_IAP/HOST_IAP/User/USB_Host/usb_host_config.h,59,DEF_DECR_HID,0x21,#,single-source,evt:CH32V307/EVT/EXAM/USB/USBFS/HOST_IAP/HOST_IAP/User/USB_Host/usb_host_config.h(L59)
hostiap-v30x-fs,CH32V307/EVT/EXAM/USB/USBFS/HOST_IAP/HOST_IAP/User/USB_Host/usb_host_config.h,62,ERR_SUCCESS,0x00,#,single-source,evt:CH32V307/EVT/EXAM/USB/USBFS/HOST_IAP/HOST_IAP/User/USB_Host/usb_host_config.h(L62)
hostiap-v30x-fs,CH32V307/EVT/EXAM/USB/USBFS/HOST_IAP/HOST_IAP/User/USB_Host/usb_host_config.h,63,ERR_USB_CONNECT,0x15,#,single-source,evt:CH32V307/EVT/EXAM/USB/USBFS/HOST_IAP/HOST_IAP/User/USB_Host/usb_host_config.h(L63)
hostiap-v30x-fs,CH32V307/EVT/EXAM/USB/USBFS/HOST_IAP/HOST_IAP/User/USB_Host/usb_host_config.h,64,ERR_USB_DISCON,0x16,#,single-source,evt:CH32V307/EVT/EXAM/USB/USBFS/HOST_IAP/HOST_IAP/User/USB_Host/usb_host_config.h(L64)
hostiap-v30x-fs,CH32V307/EVT/EXAM/USB/USBFS/HOST_IAP/HOST_IAP/User/USB_Host/usb_host_config.h,65,ERR_USB_BUF_OVER,0x17,#,single-source,evt:CH32V307/EVT/EXAM/USB/USBFS/HOST_IAP/HOST_IAP/User/USB_Host/usb_host_config.h(L65)
hostiap-v30x-fs,CH32V307/EVT/EXAM/USB/USBFS/HOST_IAP/HOST_IAP/User/USB_Host/usb_host_config.h,66,ERR_USB_DISK_ERR,0x1F,#,single-source,evt:CH32V307/EVT/EXAM/USB/USBFS/HOST_IAP/HOST_IAP/User/USB_Host/usb_host_config.h(L66)
hostiap-v30x-fs,CH32V307/EVT/EXAM/USB/USBFS/HOST_IAP/HOST_IAP/User/USB_Host/usb_host_config.h,67,ERR_USB_TRANSFER,0x20,#,single-source,evt:CH32V307/EVT/EXAM/USB/USBFS/HOST_IAP/HOST_IAP/User/USB_Host/usb_host_config.h(L67)
hostiap-v30x-fs,CH32V307/EVT/EXAM/USB/USBFS/HOST_IAP/HOST_IAP/User/USB_Host/usb_host_config.h,68,ERR_USB_UNSUPPORT,0xFB,#,single-source,evt:CH32V307/EVT/EXAM/USB/USBFS/HOST_IAP/HOST_IAP/User/USB_Host/usb_host_config.h(L68)
hostiap-v30x-fs,CH32V307/EVT/EXAM/USB/USBFS/HOST_IAP/HOST_IAP/User/USB_Host/usb_host_config.h,69,ERR_USB_UNAVAILABLE,0xFC,#,single-source,evt:CH32V307/EVT/EXAM/USB/USBFS/HOST_IAP/HOST_IAP/User/USB_Host/usb_host_config.h(L69)
hostiap-v30x-fs,CH32V307/EVT/EXAM/USB/USBFS/HOST_IAP/HOST_IAP/User/USB_Host/usb_host_config.h,70,ERR_USB_UNKNOWN,0xFE,#,single-source,evt:CH32V307/EVT/EXAM/USB/USBFS/HOST_IAP/HOST_IAP/User/USB_Host/usb_host_config.h(L70)
hostiap-v30x-fs,CH32V307/EVT/EXAM/USB/USBFS/HOST_IAP/HOST_IAP/User/USB_Host/usb_host_config.h,73,DEF_DEV_DESCR_GETFAIL,0x45,#,single-source,evt:CH32V307/EVT/EXAM/USB/USBFS/HOST_IAP/HOST_IAP/User/USB_Host/usb_host_config.h(L73)
hostiap-v30x-fs,CH32V307/EVT/EXAM/USB/USBFS/HOST_IAP/HOST_IAP/User/USB_Host/usb_host_config.h,74,DEF_DEV_ADDR_SETFAIL,0x46,#,single-source,evt:CH32V307/EVT/EXAM/USB/USBFS/HOST_IAP/HOST_IAP/User/USB_Host/usb_host_config.h(L74)
hostiap-v30x-fs,CH32V307/EVT/EXAM/USB/USBFS/HOST_IAP/HOST_IAP/User/USB_Host/usb_host_config.h,75,DEF_CFG_DESCR_GETFAIL,0x47,#,single-source,evt:CH32V307/EVT/EXAM/USB/USBFS/HOST_IAP/HOST_IAP/User/USB_Host/usb_host_config.h(L75)
hostiap-v30x-fs,CH32V307/EVT/EXAM/USB/USBFS/HOST_IAP/HOST_IAP/User/USB_Host/usb_host_config.h,76,DEF_REP_DESCR_GETFAIL,0x48,#,single-source,evt:CH32V307/EVT/EXAM/USB/USBFS/HOST_IAP/HOST_IAP/User/USB_Host/usb_host_config.h(L76)
hostiap-v30x-fs,CH32V307/EVT/EXAM/USB/USBFS/HOST_IAP/HOST_IAP/User/USB_Host/usb_host_config.h,77,DEF_DEV_TYPE_UNKNOWN,0xFF,#,single-source,evt:CH32V307/EVT/EXAM/USB/USBFS/HOST_IAP/HOST_IAP/User/USB_Host/usb_host_config.h(L77)
hostiap-v30x-fs,CH32V307/EVT/EXAM/USB/USBFS/HOST_IAP/HOST_IAP/User/USB_Host/usb_host_config.h,80,DEF_BUS_RESET_TIME,11,#,single-source,evt:CH32V307/EVT/EXAM/USB/USBFS/HOST_IAP/HOST_IAP/User/USB_Host/usb_host_config.h(L80)
hostiap-v30x-fs,CH32V307/EVT/EXAM/USB/USBFS/HOST_IAP/HOST_IAP/User/USB_Host/usb_host_config.h,81,DEF_RE_ATTACH_TIMEOUT,100,#,single-source,evt:CH32V307/EVT/EXAM/USB/USBFS/HOST_IAP/HOST_IAP/User/USB_Host/usb_host_config.h(L81)
hostiap-v30x-fs,CH32V307/EVT/EXAM/USB/USBFS/HOST_IAP/HOST_IAP/User/USB_Host/usb_host_config.h,82,DEF_WAIT_USB_TOUT_200US,1000,#,single-source,evt:CH32V307/EVT/EXAM/USB/USBFS/HOST_IAP/HOST_IAP/User/USB_Host/usb_host_config.h(L82)
hostiap-v30x-fs,CH32V307/EVT/EXAM/USB/USBFS/HOST_IAP/HOST_IAP/User/USB_Host/usb_host_config.h,83,DEF_CTRL_TRANS_TIMEOVER_CNT,60000,#,single-source,evt:CH32V307/EVT/EXAM/USB/USBFS/HOST_IAP/HOST_IAP/User/USB_Host/usb_host_config.h(L83)
hostiap-v30x-fs,CH32V307/EVT/EXAM/USB/USBFS/HOST_IAP/HOST_IAP/User/USB_Host/usb_host_config.h,86,DEF_ONE_USB_SUP_DEV_TOTAL,1,#,single-source,evt:CH32V307/EVT/EXAM/USB/USBFS/HOST_IAP/HOST_IAP/User/USB_Host/usb_host_config.h(L86)
hostiap-v30x-fs,CH32V307/EVT/EXAM/USB/USBFS/HOST_IAP/HOST_IAP/User/USB_Host/usb_host_config.h,87,DEF_NEXT_HUB_PORT_NUM_MAX,4,#,single-source,evt:CH32V307/EVT/EXAM/USB/USBFS/HOST_IAP/HOST_IAP/User/USB_Host/usb_host_config.h(L87)
hostiap-v30x-fs,CH32V307/EVT/EXAM/USB/USBFS/HOST_IAP/HOST_IAP/User/USB_Host/usb_host_config.h,88,DEF_INTERFACE_NUM_MAX,4,#,single-source,evt:CH32V307/EVT/EXAM/USB/USBFS/HOST_IAP/HOST_IAP/User/USB_Host/usb_host_config.h(L88)
hostiap-v30x-fs,CH32V307/EVT/EXAM/USB/USBFS/HOST_IAP/HOST_IAP/User/USB_Host/usb_host_config.h,89,DEF_COM_BUF_LEN,255,#,single-source,evt:CH32V307/EVT/EXAM/USB/USBFS/HOST_IAP/HOST_IAP/User/USB_Host/usb_host_config.h(L89)
hostiap-v30x-fs,CH32V307/EVT/EXAM/USB/USBFS/HOST_IAP/HOST_IAP/User/USB_Host/usb_host_config.h,92,DEF_DEBUG_PRINTF,1,#,single-source,evt:CH32V307/EVT/EXAM/USB/USBFS/HOST_IAP/HOST_IAP/User/USB_Host/usb_host_config.h(L92)
hostiap-v30x-fs,CH32V307/EVT/EXAM/USB/USBFS/HOST_IAP/HOST_IAP/User/system_ch32v30x.c,24,SYSCLK_FREQ_96MHz_HSE,96000000,#,single-source,evt:CH32V307/EVT/EXAM/USB/USBFS/HOST_IAP/HOST_IAP/User/system_ch32v30x.c(L24)
hostiap-v30x-hs,CH32V307/EVT/EXAM/USB/USBHS/HOST_IAP/HOST_IAP/User/Host_IAP/usb_host_iap.h,45,DEF_CORE_RV,0x01,#,single-source,evt:CH32V307/EVT/EXAM/USB/USBHS/HOST_IAP/HOST_IAP/User/Host_IAP/usb_host_iap.h(L45)
hostiap-v30x-hs,CH32V307/EVT/EXAM/USB/USBHS/HOST_IAP/HOST_IAP/User/Host_IAP/usb_host_iap.h,46,DEF_CORE_CM3,0x10,#,single-source,evt:CH32V307/EVT/EXAM/USB/USBHS/HOST_IAP/HOST_IAP/User/Host_IAP/usb_host_iap.h(L46)
hostiap-v30x-hs,CH32V307/EVT/EXAM/USB/USBHS/HOST_IAP/HOST_IAP/User/Host_IAP/usb_host_iap.h,47,DEF_CORE_TYPE,DEF_CORE_RV,#,single-source,evt:CH32V307/EVT/EXAM/USB/USBHS/HOST_IAP/HOST_IAP/User/Host_IAP/usb_host_iap.h(L47)
hostiap-v30x-hs,CH32V307/EVT/EXAM/USB/USBHS/HOST_IAP/HOST_IAP/User/Host_IAP/usb_host_iap.h,50,DEF_IAP_FILE_NAME,"""/APP.BIN""",#,single-source,evt:CH32V307/EVT/EXAM/USB/USBHS/HOST_IAP/HOST_IAP/User/Host_IAP/usb_host_iap.h(L50)
hostiap-v30x-hs,CH32V307/EVT/EXAM/USB/USBHS/HOST_IAP/HOST_IAP/User/Host_IAP/usb_host_iap.h,53,DEF_IAP_SUCCESS,0x00,#,single-source,evt:CH32V307/EVT/EXAM/USB/USBHS/HOST_IAP/HOST_IAP/User/Host_IAP/usb_host_iap.h(L53)
hostiap-v30x-hs,CH32V307/EVT/EXAM/USB/USBHS/HOST_IAP/HOST_IAP/User/Host_IAP/usb_host_iap.h,54,DEF_IAP_DEFAULT,0xFF,#,single-source,evt:CH32V307/EVT/EXAM/USB/USBHS/HOST_IAP/HOST_IAP/User/Host_IAP/usb_host_iap.h(L54)
hostiap-v30x-hs,CH32V307/EVT/EXAM/USB/USBHS/HOST_IAP/HOST_IAP/User/Host_IAP/usb_host_iap.h,55,DEF_IAP_ERR_DETECT,0xF1,#,single-source,evt:CH32V307/EVT/EXAM/USB/USBHS/HOST_IAP/HOST_IAP/User/Host_IAP/usb_host_iap.h(L55)
hostiap-v30x-hs,CH32V307/EVT/EXAM/USB/USBHS/HOST_IAP/HOST_IAP/User/Host_IAP/usb_host_iap.h,56,DEF_IAP_ERR_ENUM,0xF2,#,single-source,evt:CH32V307/EVT/EXAM/USB/USBHS/HOST_IAP/HOST_IAP/User/Host_IAP/usb_host_iap.h(L56)
hostiap-v30x-hs,CH32V307/EVT/EXAM/USB/USBHS/HOST_IAP/HOST_IAP/User/Host_IAP/usb_host_iap.h,57,DEF_IAP_ERR_FILE,0xF3,#,single-source,evt:CH32V307/EVT/EXAM/USB/USBHS/HOST_IAP/HOST_IAP/User/Host_IAP/usb_host_iap.h(L57)
hostiap-v30x-hs,CH32V307/EVT/EXAM/USB/USBHS/HOST_IAP/HOST_IAP/User/Host_IAP/usb_host_iap.h,58,DEF_IAP_ERR_FLASH,0xF4,#,single-source,evt:CH32V307/EVT/EXAM/USB/USBHS/HOST_IAP/HOST_IAP/User/Host_IAP/usb_host_iap.h(L58)
hostiap-v30x-hs,CH32V307/EVT/EXAM/USB/USBHS/HOST_IAP/HOST_IAP/User/Host_IAP/usb_host_iap.h,59,DEF_IAP_ERR_VERIFY,0xF5,#,single-source,evt:CH32V307/EVT/EXAM/USB/USBHS/HOST_IAP/HOST_IAP/User/Host_IAP/usb_host_iap.h(L59)
hostiap-v30x-hs,CH32V307/EVT/EXAM/USB/USBHS/HOST_IAP/HOST_IAP/User/Host_IAP/usb_host_iap.h,60,DEF_IAP_ERR_LENGTH,0xF6,#,single-source,evt:CH32V307/EVT/EXAM/USB/USBHS/HOST_IAP/HOST_IAP/User/Host_IAP/usb_host_iap.h(L60)
hostiap-v30x-hs,CH32V307/EVT/EXAM/USB/USBHS/HOST_IAP/HOST_IAP/User/Host_IAP/usb_host_iap.h,63,DEF_MAX_IAP_BUFFER_LEN,1024,#,single-source,evt:CH32V307/EVT/EXAM/USB/USBHS/HOST_IAP/HOST_IAP/User/Host_IAP/usb_host_iap.h(L63)
hostiap-v30x-hs,CH32V307/EVT/EXAM/USB/USBHS/HOST_IAP/HOST_IAP/User/Host_IAP/usb_host_iap.h,66,DEF_FLASH_PAGE_SIZE,0x100,#,single-source,evt:CH32V307/EVT/EXAM/USB/USBHS/HOST_IAP/HOST_IAP/User/Host_IAP/usb_host_iap.h(L66)
hostiap-v30x-hs,CH32V307/EVT/EXAM/USB/USBHS/HOST_IAP/HOST_IAP/User/Host_IAP/usb_host_iap.h,69,DEF_APP_CODE_START_ADDR,0x08006000,#,single-source,evt:CH32V307/EVT/EXAM/USB/USBHS/HOST_IAP/HOST_IAP/User/Host_IAP/usb_host_iap.h(L69)
hostiap-v30x-hs,CH32V307/EVT/EXAM/USB/USBHS/HOST_IAP/HOST_IAP/User/Host_IAP/usb_host_iap.h,70,DEF_APP_CODE_END_ADDR,0x08030000,#,single-source,evt:CH32V307/EVT/EXAM/USB/USBHS/HOST_IAP/HOST_IAP/User/Host_IAP/usb_host_iap.h(L70)
hostiap-v30x-hs,CH32V307/EVT/EXAM/USB/USBHS/HOST_IAP/HOST_IAP/User/Host_IAP/usb_host_iap.h,74,DEF_APP_CODE_MAXLEN,(DEF_APP_CODE_END_ADDR-DEF_APP_CODE_START_ADDR),#,single-source,evt:CH32V307/EVT/EXAM/USB/USBHS/HOST_IAP/HOST_IAP/User/Host_IAP/usb_host_iap.h(L74)
hostiap-v30x-hs,CH32V307/EVT/EXAM/USB/USBHS/HOST_IAP/HOST_IAP/User/Host_IAP/usb_host_iap.h,77,DEF_VERIFY_CODE_START_ADDR,0x08005F00,#,single-source,evt:CH32V307/EVT/EXAM/USB/USBHS/HOST_IAP/HOST_IAP/User/Host_IAP/usb_host_iap.h(L77)
hostiap-v30x-hs,CH32V307/EVT/EXAM/USB/USBHS/HOST_IAP/HOST_IAP/User/Host_IAP/usb_host_iap.h,78,DEF_VERIFY_CODE_END_ADDR,0x08006000,#,single-source,evt:CH32V307/EVT/EXAM/USB/USBHS/HOST_IAP/HOST_IAP/User/Host_IAP/usb_host_iap.h(L78)
hostiap-v30x-hs,CH32V307/EVT/EXAM/USB/USBHS/HOST_IAP/HOST_IAP/User/Host_IAP/usb_host_iap.h,79,DEF_VERIFY_CODE_MAXLEN,(DEF_VERIFY_CODE_END_ADDR-DEF_VERIFY_CODE_START_ADDR),#,single-source,evt:CH32V307/EVT/EXAM/USB/USBHS/HOST_IAP/HOST_IAP/User/Host_IAP/usb_host_iap.h(L79)
hostiap-v30x-hs,CH32V307/EVT/EXAM/USB/USBHS/HOST_IAP/HOST_IAP/User/Host_IAP/usb_host_iap.h,80,DEF_VERIFY_CODE_LEN,0x10,#,single-source,evt:CH32V307/EVT/EXAM/USB/USBHS/HOST_IAP/HOST_IAP/User/Host_IAP/usb_host_iap.h(L80)
hostiap-v30x-hs,CH32V307/EVT/EXAM/USB/USBHS/HOST_IAP/HOST_IAP/User/Host_IAP/usb_host_iap.h,83,DEF_FLASH_OPERATION_KEY_CODE_0,0x1A86FF00,#,single-source,evt:CH32V307/EVT/EXAM/USB/USBHS/HOST_IAP/HOST_IAP/User/Host_IAP/usb_host_iap.h(L83)
hostiap-v30x-hs,CH32V307/EVT/EXAM/USB/USBHS/HOST_IAP/HOST_IAP/User/Host_IAP/usb_host_iap.h,84,DEF_FLASH_OPERATION_KEY_CODE_1,0x55AA55AA,#,single-source,evt:CH32V307/EVT/EXAM/USB/USBHS/HOST_IAP/HOST_IAP/User/Host_IAP/usb_host_iap.h(L84)
hostiap-v30x-hs,CH32V307/EVT/EXAM/USB/USBHS/HOST_IAP/HOST_IAP/User/USB_Host/ch32v30x_usbhs_host.h,29,pUSBHS_SetupRequest,( (PUSB_SETUP_REQ)USBHS_TX_Buf ),#,single-source,evt:CH32V307/EVT/EXAM/USB/USBHS/HOST_IAP/HOST_IAP/User/USB_Host/ch32v30x_usbhs_host.h(L29)
hostiap-v30x-hs,CH32V307/EVT/EXAM/USB/USBHS/HOST_IAP/HOST_IAP/User/USB_Host/ch32v30x_usbhs_host.h,83,USBHS_RX_Buf,RxBuffer,#,single-source,evt:CH32V307/EVT/EXAM/USB/USBHS/HOST_IAP/HOST_IAP/User/USB_Host/ch32v30x_usbhs_host.h(L83)
hostiap-v30x-hs,CH32V307/EVT/EXAM/USB/USBHS/HOST_IAP/HOST_IAP/User/USB_Host/ch32v30x_usbhs_host.h,84,USBHS_TX_Buf,TxBuffer,#,single-source,evt:CH32V307/EVT/EXAM/USB/USBHS/HOST_IAP/HOST_IAP/User/USB_Host/ch32v30x_usbhs_host.h(L84)
hostiap-v30x-hs,CH32V307/EVT/EXAM/USB/USBHS/HOST_IAP/HOST_IAP/User/USB_Host/usb_host_config.h,34,DEF_TOTAL_ROOT_HUB,2,#,single-source,evt:CH32V307/EVT/EXAM/USB/USBHS/HOST_IAP/HOST_IAP/User/USB_Host/usb_host_config.h(L34)
hostiap-v30x-hs,CH32V307/EVT/EXAM/USB/USBHS/HOST_IAP/HOST_IAP/User/USB_Host/usb_host_config.h,35,DEF_USB_PORT_FS_EN,0,#,single-source,evt:CH32V307/EVT/EXAM/USB/USBHS/HOST_IAP/HOST_IAP/User/USB_Host/usb_host_config.h(L35)
hostiap-v30x-hs,CH32V307/EVT/EXAM/USB/USBHS/HOST_IAP/HOST_IAP/User/USB_Host/usb_host_config.h,36,DEF_USB_PORT_HS_EN,1,#,single-source,evt:CH32V307/EVT/EXAM/USB/USBHS/HOST_IAP/HOST_IAP/User/USB_Host/usb_host_config.h(L36)
hostiap-v30x-hs,CH32V307/EVT/EXAM/USB/USBHS/HOST_IAP/HOST_IAP/User/USB_Host/usb_host_config.h,37,DEF_USB_PORT_FS,0x00,#,single-source,evt:CH32V307/EVT/EXAM/USB/USBHS/HOST_IAP/HOST_IAP/User/USB_Host/usb_host_config.h(L37)
hostiap-v30x-hs,CH32V307/EVT/EXAM/USB/USBHS/HOST_IAP/HOST_IAP/User/USB_Host/usb_host_config.h,38,DEF_USB_PORT_HS,0x01,#,single-source,evt:CH32V307/EVT/EXAM/USB/USBHS/HOST_IAP/HOST_IAP/User/USB_Host/usb_host_config.h(L38)
hostiap-v30x-hs,CH32V307/EVT/EXAM/USB/USBHS/HOST_IAP/HOST_IAP/User/USB_Host/usb_host_config.h,41,ROOT_DEV_DISCONNECT,0,#,single-source,evt:CH32V307/EVT/EXAM/USB/USBHS/HOST_IAP/HOST_IAP/User/USB_Host/usb_host_config.h(L41)
hostiap-v30x-hs,CH32V307/EVT/EXAM/USB/USBHS/HOST_IAP/HOST_IAP/User/USB_Host/usb_host_config.h,42,ROOT_DEV_CONNECTED,1,#,single-source,evt:CH32V307/EVT/EXAM/USB/USBHS/HOST_IAP/HOST_IAP/User/USB_Host/usb_host_config.h(L42)
hostiap-v30x-hs,CH32V307/EVT/EXAM/USB/USBHS/HOST_IAP/HOST_IAP/User/USB_Host/usb_host_config.h,43,ROOT_DEV_FAILED,2,#,single-source,evt:CH32V307/EVT/EXAM/USB/USBHS/HOST_IAP/HOST_IAP/User/USB_Host/usb_host_config.h(L43)
hostiap-v30x-hs,CH32V307/EVT/EXAM/USB/USBHS/HOST_IAP/HOST_IAP/User/USB_Host/usb_host_config.h,44,ROOT_DEV_SUCCESS,3,#,single-source,evt:CH32V307/EVT/EXAM/USB/USBHS/HOST_IAP/HOST_IAP/User/USB_Host/usb_host_config.h(L44)
hostiap-v30x-hs,CH32V307/EVT/EXAM/USB/USBHS/HOST_IAP/HOST_IAP/User/USB_Host/usb_host_config.h,47,USB_DEVICE_ADDR,0x02,#,single-source,evt:CH32V307/EVT/EXAM/USB/USBHS/HOST_IAP/HOST_IAP/User/USB_Host/usb_host_config.h(L47)
hostiap-v30x-hs,CH32V307/EVT/EXAM/USB/USBHS/HOST_IAP/HOST_IAP/User/USB_Host/usb_host_config.h,50,USB_LOW_SPEED,0x00,#,single-source,evt:CH32V307/EVT/EXAM/USB/USBHS/HOST_IAP/HOST_IAP/User/USB_Host/usb_host_config.h(L50)
hostiap-v30x-hs,CH32V307/EVT/EXAM/USB/USBHS/HOST_IAP/HOST_IAP/User/USB_Host/usb_host_config.h,51,USB_FULL_SPEED,0x01,#,single-source,evt:CH32V307/EVT/EXAM/USB/USBHS/HOST_IAP/HOST_IAP/User/USB_Host/usb_host_config.h(L51)
hostiap-v30x-hs,CH32V307/EVT/EXAM/USB/USBHS/HOST_IAP/HOST_IAP/User/USB_Host/usb_host_config.h,52,USB_HIGH_SPEED,0x02,#,single-source,evt:CH32V307/EVT/EXAM/USB/USBHS/HOST_IAP/HOST_IAP/User/USB_Host/usb_host_config.h(L52)
hostiap-v30x-hs,CH32V307/EVT/EXAM/USB/USBHS/HOST_IAP/HOST_IAP/User/USB_Host/usb_host_config.h,53,USB_SPEED_CHECK_ERR,0xFF,#,single-source,evt:CH32V307/EVT/EXAM/USB/USBHS/HOST_IAP/HOST_IAP/User/USB_Host/usb_host_config.h(L53)
hostiap-v30x-hs,CH32V307/EVT/EXAM/USB/USBHS/HOST_IAP/HOST_IAP/User/USB_Host/usb_host_config.h,56,DEF_DECR_CONFIG,0x02,#,single-source,evt:CH32V307/EVT/EXAM/USB/USBHS/HOST_IAP/HOST_IAP/User/USB_Host/usb_host_config.h(L56)
hostiap-v30x-hs,CH32V307/EVT/EXAM/USB/USBHS/HOST_IAP/HOST_IAP/User/USB_Host/usb_host_config.h,57,DEF_DECR_INTERFACE,0x04,#,single-source,evt:CH32V307/EVT/EXAM/USB/USBHS/HOST_IAP/HOST_IAP/User/USB_Host/usb_host_config.h(L57)
hostiap-v30x-hs,CH32V307/EVT/EXAM/USB/USBHS/HOST_IAP/HOST_IAP/User/USB_Host/usb_host_config.h,58,DEF_DECR_ENDPOINT,0x05,#,single-source,evt:CH32V307/EVT/EXAM/USB/USBHS/HOST_IAP/HOST_IAP/User/USB_Host/usb_host_config.h(L58)
hostiap-v30x-hs,CH32V307/EVT/EXAM/USB/USBHS/HOST_IAP/HOST_IAP/User/USB_Host/usb_host_config.h,59,DEF_DECR_HID,0x21,#,single-source,evt:CH32V307/EVT/EXAM/USB/USBHS/HOST_IAP/HOST_IAP/User/USB_Host/usb_host_config.h(L59)
hostiap-v30x-hs,CH32V307/EVT/EXAM/USB/USBHS/HOST_IAP/HOST_IAP/User/USB_Host/usb_host_config.h,62,ERR_SUCCESS,0x00,#,single-source,evt:CH32V307/EVT/EXAM/USB/USBHS/HOST_IAP/HOST_IAP/User/USB_Host/usb_host_config.h(L62)
hostiap-v30x-hs,CH32V307/EVT/EXAM/USB/USBHS/HOST_IAP/HOST_IAP/User/USB_Host/usb_host_config.h,63,ERR_USB_CONNECT,0x15,#,single-source,evt:CH32V307/EVT/EXAM/USB/USBHS/HOST_IAP/HOST_IAP/User/USB_Host/usb_host_config.h(L63)
hostiap-v30x-hs,CH32V307/EVT/EXAM/USB/USBHS/HOST_IAP/HOST_IAP/User/USB_Host/usb_host_config.h,64,ERR_USB_DISCON,0x16,#,single-source,evt:CH32V307/EVT/EXAM/USB/USBHS/HOST_IAP/HOST_IAP/User/USB_Host/usb_host_config.h(L64)
hostiap-v30x-hs,CH32V307/EVT/EXAM/USB/USBHS/HOST_IAP/HOST_IAP/User/USB_Host/usb_host_config.h,65,ERR_USB_BUF_OVER,0x17,#,single-source,evt:CH32V307/EVT/EXAM/USB/USBHS/HOST_IAP/HOST_IAP/User/USB_Host/usb_host_config.h(L65)
hostiap-v30x-hs,CH32V307/EVT/EXAM/USB/USBHS/HOST_IAP/HOST_IAP/User/USB_Host/usb_host_config.h,66,ERR_USB_DISK_ERR,0x1F,#,single-source,evt:CH32V307/EVT/EXAM/USB/USBHS/HOST_IAP/HOST_IAP/User/USB_Host/usb_host_config.h(L66)
hostiap-v30x-hs,CH32V307/EVT/EXAM/USB/USBHS/HOST_IAP/HOST_IAP/User/USB_Host/usb_host_config.h,67,ERR_USB_TRANSFER,0x20,#,single-source,evt:CH32V307/EVT/EXAM/USB/USBHS/HOST_IAP/HOST_IAP/User/USB_Host/usb_host_config.h(L67)
hostiap-v30x-hs,CH32V307/EVT/EXAM/USB/USBHS/HOST_IAP/HOST_IAP/User/USB_Host/usb_host_config.h,68,ERR_USB_UNSUPPORT,0xFB,#,single-source,evt:CH32V307/EVT/EXAM/USB/USBHS/HOST_IAP/HOST_IAP/User/USB_Host/usb_host_config.h(L68)
hostiap-v30x-hs,CH32V307/EVT/EXAM/USB/USBHS/HOST_IAP/HOST_IAP/User/USB_Host/usb_host_config.h,69,ERR_USB_UNAVAILABLE,0xFC,#,single-source,evt:CH32V307/EVT/EXAM/USB/USBHS/HOST_IAP/HOST_IAP/User/USB_Host/usb_host_config.h(L69)
hostiap-v30x-hs,CH32V307/EVT/EXAM/USB/USBHS/HOST_IAP/HOST_IAP/User/USB_Host/usb_host_config.h,70,ERR_USB_UNKNOWN,0xFE,#,single-source,evt:CH32V307/EVT/EXAM/USB/USBHS/HOST_IAP/HOST_IAP/User/USB_Host/usb_host_config.h(L70)
hostiap-v30x-hs,CH32V307/EVT/EXAM/USB/USBHS/HOST_IAP/HOST_IAP/User/USB_Host/usb_host_config.h,73,DEF_DEV_DESCR_GETFAIL,0x45,#,single-source,evt:CH32V307/EVT/EXAM/USB/USBHS/HOST_IAP/HOST_IAP/User/USB_Host/usb_host_config.h(L73)
hostiap-v30x-hs,CH32V307/EVT/EXAM/USB/USBHS/HOST_IAP/HOST_IAP/User/USB_Host/usb_host_config.h,74,DEF_DEV_ADDR_SETFAIL,0x46,#,single-source,evt:CH32V307/EVT/EXAM/USB/USBHS/HOST_IAP/HOST_IAP/User/USB_Host/usb_host_config.h(L74)
hostiap-v30x-hs,CH32V307/EVT/EXAM/USB/USBHS/HOST_IAP/HOST_IAP/User/USB_Host/usb_host_config.h,75,DEF_CFG_DESCR_GETFAIL,0x47,#,single-source,evt:CH32V307/EVT/EXAM/USB/USBHS/HOST_IAP/HOST_IAP/User/USB_Host/usb_host_config.h(L75)
hostiap-v30x-hs,CH32V307/EVT/EXAM/USB/USBHS/HOST_IAP/HOST_IAP/User/USB_Host/usb_host_config.h,76,DEF_REP_DESCR_GETFAIL,0x48,#,single-source,evt:CH32V307/EVT/EXAM/USB/USBHS/HOST_IAP/HOST_IAP/User/USB_Host/usb_host_config.h(L76)
hostiap-v30x-hs,CH32V307/EVT/EXAM/USB/USBHS/HOST_IAP/HOST_IAP/User/USB_Host/usb_host_config.h,77,DEF_DEV_TYPE_UNKNOWN,0xFF,#,single-source,evt:CH32V307/EVT/EXAM/USB/USBHS/HOST_IAP/HOST_IAP/User/USB_Host/usb_host_config.h(L77)
hostiap-v30x-hs,CH32V307/EVT/EXAM/USB/USBHS/HOST_IAP/HOST_IAP/User/USB_Host/usb_host_config.h,80,DEF_BUS_RESET_TIME,11,#,single-source,evt:CH32V307/EVT/EXAM/USB/USBHS/HOST_IAP/HOST_IAP/User/USB_Host/usb_host_config.h(L80)
hostiap-v30x-hs,CH32V307/EVT/EXAM/USB/USBHS/HOST_IAP/HOST_IAP/User/USB_Host/usb_host_config.h,81,DEF_RE_ATTACH_TIMEOUT,100,#,single-source,evt:CH32V307/EVT/EXAM/USB/USBHS/HOST_IAP/HOST_IAP/User/USB_Host/usb_host_config.h(L81)
hostiap-v30x-hs,CH32V307/EVT/EXAM/USB/USBHS/HOST_IAP/HOST_IAP/User/USB_Host/usb_host_config.h,82,DEF_WAIT_USB_TOUT_200US,1000,#,single-source,evt:CH32V307/EVT/EXAM/USB/USBHS/HOST_IAP/HOST_IAP/User/USB_Host/usb_host_config.h(L82)
hostiap-v30x-hs,CH32V307/EVT/EXAM/USB/USBHS/HOST_IAP/HOST_IAP/User/USB_Host/usb_host_config.h,83,DEF_CTRL_TRANS_TIMEOVER_CNT,60000,#,single-source,evt:CH32V307/EVT/EXAM/USB/USBHS/HOST_IAP/HOST_IAP/User/USB_Host/usb_host_config.h(L83)
hostiap-v30x-hs,CH32V307/EVT/EXAM/USB/USBHS/HOST_IAP/HOST_IAP/User/USB_Host/usb_host_config.h,86,DEF_ONE_USB_SUP_DEV_TOTAL,1,#,single-source,evt:CH32V307/EVT/EXAM/USB/USBHS/HOST_IAP/HOST_IAP/User/USB_Host/usb_host_config.h(L86)
hostiap-v30x-hs,CH32V307/EVT/EXAM/USB/USBHS/HOST_IAP/HOST_IAP/User/USB_Host/usb_host_config.h,87,DEF_NEXT_HUB_PORT_NUM_MAX,4,#,single-source,evt:CH32V307/EVT/EXAM/USB/USBHS/HOST_IAP/HOST_IAP/User/USB_Host/usb_host_config.h(L87)
hostiap-v30x-hs,CH32V307/EVT/EXAM/USB/USBHS/HOST_IAP/HOST_IAP/User/USB_Host/usb_host_config.h,88,DEF_INTERFACE_NUM_MAX,4,#,single-source,evt:CH32V307/EVT/EXAM/USB/USBHS/HOST_IAP/HOST_IAP/User/USB_Host/usb_host_config.h(L88)
hostiap-v30x-hs,CH32V307/EVT/EXAM/USB/USBHS/HOST_IAP/HOST_IAP/User/USB_Host/usb_host_config.h,89,DEF_COM_BUF_LEN,255,#,single-source,evt:CH32V307/EVT/EXAM/USB/USBHS/HOST_IAP/HOST_IAP/User/USB_Host/usb_host_config.h(L89)
hostiap-v30x-hs,CH32V307/EVT/EXAM/USB/USBHS/HOST_IAP/HOST_IAP/User/USB_Host/usb_host_config.h,92,DEF_DEBUG_PRINTF,1,#,single-source,evt:CH32V307/EVT/EXAM/USB/USBHS/HOST_IAP/HOST_IAP/User/USB_Host/usb_host_config.h(L92)
hostiap-v30x-hs,CH32V307/EVT/EXAM/USB/USBHS/HOST_IAP/HOST_IAP/User/system_ch32v30x.c,24,SYSCLK_FREQ_96MHz_HSE,96000000,#,single-source,evt:CH32V307/EVT/EXAM/USB/USBHS/HOST_IAP/HOST_IAP/User/system_ch32v30x.c(L24)
hostiap-v407-hs,CH32V407/EVT/EXAM/USBHS/Host/HOST_IAP/HOST_IAP/User/USB_Host/ch32v407_usbhs_host.h,27,USBHS_CONTROLLER_1,1,#,single-source,evt:CH32V407/EVT/EXAM/USBHS/Host/HOST_IAP/HOST_IAP/User/USB_Host/ch32v407_usbhs_host.h(L27)
hostiap-v407-hs,CH32V407/EVT/EXAM/USBHS/Host/HOST_IAP/HOST_IAP/User/USB_Host/ch32v407_usbhs_host.h,28,USBHS_CONTROLLER_2,2,#,single-source,evt:CH32V407/EVT/EXAM/USBHS/Host/HOST_IAP/HOST_IAP/User/USB_Host/ch32v407_usbhs_host.h(L28)
hostiap-v407-hs,CH32V407/EVT/EXAM/USBHS/Host/HOST_IAP/HOST_IAP/User/USB_Host/ch32v407_usbhs_host.h,30,USBHS_CONTROLLER,USBHS_CONTROLLER_1,#,single-source,evt:CH32V407/EVT/EXAM/USBHS/Host/HOST_IAP/HOST_IAP/User/USB_Host/ch32v407_usbhs_host.h(L30)
hostiap-v407-hs,CH32V407/EVT/EXAM/USBHS/Host/HOST_IAP/HOST_IAP/User/USB_Host/ch32v407_usbhs_host.h,33,USBHSH,USBHS1H,#,single-source,evt:CH32V407/EVT/EXAM/USBHS/Host/HOST_IAP/HOST_IAP/User/USB_Host/ch32v407_usbhs_host.h(L33)
hostiap-v407-hs,CH32V407/EVT/EXAM/USBHS/Host/HOST_IAP/HOST_IAP/User/USB_Host/ch32v407_usbhs_host.h,34,RCC_HBPeriph_USBHS,RCC_HBPeriph_USBHS1,#,single-source,evt:CH32V407/EVT/EXAM/USBHS/Host/HOST_IAP/HOST_IAP/User/USB_Host/ch32v407_usbhs_host.h(L34)
hostiap-v407-hs,CH32V407/EVT/EXAM/USBHS/Host/HOST_IAP/HOST_IAP/User/USB_Host/ch32v407_usbhs_host.h,39,USBHSH,USBHS2H,#,single-source,evt:CH32V407/EVT/EXAM/USBHS/Host/HOST_IAP/HOST_IAP/User/USB_Host/ch32v407_usbhs_host.h(L39)
hostiap-v407-hs,CH32V407/EVT/EXAM/USBHS/Host/HOST_IAP/HOST_IAP/User/USB_Host/ch32v407_usbhs_host.h,40,RCC_HBPeriph_USBHS,RCC_HBPeriph_USBHS2,#,single-source,evt:CH32V407/EVT/EXAM/USBHS/Host/HOST_IAP/HOST_IAP/User/USB_Host/ch32v407_usbhs_host.h(L40)
hostiap-v407-hs,CH32V407/EVT/EXAM/USBHS/Host/HOST_IAP/HOST_IAP/User/USB_Host/ch32v407_usbhs_host.h,51,pUSBHS_SetupRequest,( (PUSB_SETUP_REQ)TxBuffer ),#,single-source,evt:CH32V407/EVT/EXAM/USBHS/Host/HOST_IAP/HOST_IAP/User/USB_Host/ch32v407_usbhs_host.h(L51)
hostiap-v407-hs,CH32V407/EVT/EXAM/USBHS/Host/HOST_IAP/HOST_IAP/User/USB_Host/ch32v407_usbhs_host.h,55,DEFAULT_ENDP0_SIZE,8,#,single-source,evt:CH32V407/EVT/EXAM/USBHS/Host/HOST_IAP/HOST_IAP/User/USB_Host/ch32v407_usbhs_host.h(L55)
hostiap-v407-hs,CH32V407/EVT/EXAM/USBHS/Host/HOST_IAP/HOST_IAP/User/USB_Host/ch32v407_usbhs_host.h,58,USBHS_MAX_PACKET_SIZE,64,#,single-source,evt:CH32V407/EVT/EXAM/USBHS/Host/HOST_IAP/HOST_IAP/User/USB_Host/ch32v407_usbhs_host.h(L58)
hostiap-v407-hs,CH32V407/EVT/EXAM/USBHS/Host/HOST_IAP/HOST_IAP/User/USB_Host/usb_host_config.h,31,DEF_TOTAL_ROOT_HUB,1,#,single-source,evt:CH32V407/EVT/EXAM/USBHS/Host/HOST_IAP/HOST_IAP/User/USB_Host/usb_host_config.h(L31)
hostiap-v407-hs,CH32V407/EVT/EXAM/USBHS/Host/HOST_IAP/HOST_IAP/User/USB_Host/usb_host_config.h,32,DEF_USB_PORT_FS_EN,0,#,single-source,evt:CH32V407/EVT/EXAM/USBHS/Host/HOST_IAP/HOST_IAP/User/USB_Host/usb_host_config.h(L32)
hostiap-v407-hs,CH32V407/EVT/EXAM/USBHS/Host/HOST_IAP/HOST_IAP/User/USB_Host/usb_host_config.h,33,DEF_USB_PORT_HS_EN,1,#,single-source,evt:CH32V407/EVT/EXAM/USBHS/Host/HOST_IAP/HOST_IAP/User/USB_Host/usb_host_config.h(L33)
hostiap-v407-hs,CH32V407/EVT/EXAM/USBHS/Host/HOST_IAP/HOST_IAP/User/USB_Host/usb_host_config.h,34,DEF_USB_PORT_FS,0x00,#,single-source,evt:CH32V407/EVT/EXAM/USBHS/Host/HOST_IAP/HOST_IAP/User/USB_Host/usb_host_config.h(L34)
hostiap-v407-hs,CH32V407/EVT/EXAM/USBHS/Host/HOST_IAP/HOST_IAP/User/USB_Host/usb_host_config.h,35,DEF_USB_PORT_HS,0x01,#,single-source,evt:CH32V407/EVT/EXAM/USBHS/Host/HOST_IAP/HOST_IAP/User/USB_Host/usb_host_config.h(L35)
hostiap-v407-hs,CH32V407/EVT/EXAM/USBHS/Host/HOST_IAP/HOST_IAP/User/USB_Host/usb_host_config.h,38,ROOT_DEV_DISCONNECT,0,#,single-source,evt:CH32V407/EVT/EXAM/USBHS/Host/HOST_IAP/HOST_IAP/User/USB_Host/usb_host_config.h(L38)
hostiap-v407-hs,CH32V407/EVT/EXAM/USBHS/Host/HOST_IAP/HOST_IAP/User/USB_Host/usb_host_config.h,39,ROOT_DEV_CONNECTED,1,#,single-source,evt:CH32V407/EVT/EXAM/USBHS/Host/HOST_IAP/HOST_IAP/User/USB_Host/usb_host_config.h(L39)
hostiap-v407-hs,CH32V407/EVT/EXAM/USBHS/Host/HOST_IAP/HOST_IAP/User/USB_Host/usb_host_config.h,40,ROOT_DEV_FAILED,2,#,single-source,evt:CH32V407/EVT/EXAM/USBHS/Host/HOST_IAP/HOST_IAP/User/USB_Host/usb_host_config.h(L40)
hostiap-v407-hs,CH32V407/EVT/EXAM/USBHS/Host/HOST_IAP/HOST_IAP/User/USB_Host/usb_host_config.h,41,ROOT_DEV_SUCCESS,3,#,single-source,evt:CH32V407/EVT/EXAM/USBHS/Host/HOST_IAP/HOST_IAP/User/USB_Host/usb_host_config.h(L41)
hostiap-v407-hs,CH32V407/EVT/EXAM/USBHS/Host/HOST_IAP/HOST_IAP/User/USB_Host/usb_host_config.h,44,USB_DEVICE_ADDR,0x02,#,single-source,evt:CH32V407/EVT/EXAM/USBHS/Host/HOST_IAP/HOST_IAP/User/USB_Host/usb_host_config.h(L44)
hostiap-v407-hs,CH32V407/EVT/EXAM/USBHS/Host/HOST_IAP/HOST_IAP/User/USB_Host/usb_host_config.h,47,USB_LOW_SPEED,0x00,#,single-source,evt:CH32V407/EVT/EXAM/USBHS/Host/HOST_IAP/HOST_IAP/User/USB_Host/usb_host_config.h(L47)
hostiap-v407-hs,CH32V407/EVT/EXAM/USBHS/Host/HOST_IAP/HOST_IAP/User/USB_Host/usb_host_config.h,48,USB_FULL_SPEED,0x01,#,single-source,evt:CH32V407/EVT/EXAM/USBHS/Host/HOST_IAP/HOST_IAP/User/USB_Host/usb_host_config.h(L48)
hostiap-v407-hs,CH32V407/EVT/EXAM/USBHS/Host/HOST_IAP/HOST_IAP/User/USB_Host/usb_host_config.h,49,USB_HIGH_SPEED,0x02,#,single-source,evt:CH32V407/EVT/EXAM/USBHS/Host/HOST_IAP/HOST_IAP/User/USB_Host/usb_host_config.h(L49)
hostiap-v407-hs,CH32V407/EVT/EXAM/USBHS/Host/HOST_IAP/HOST_IAP/User/USB_Host/usb_host_config.h,50,USB_SPEED_CHECK_ERR,0xFF,#,single-source,evt:CH32V407/EVT/EXAM/USBHS/Host/HOST_IAP/HOST_IAP/User/USB_Host/usb_host_config.h(L50)
hostiap-v407-hs,CH32V407/EVT/EXAM/USBHS/Host/HOST_IAP/HOST_IAP/User/USB_Host/usb_host_config.h,53,DEF_DECR_CONFIG,0x02,#,single-source,evt:CH32V407/EVT/EXAM/USBHS/Host/HOST_IAP/HOST_IAP/User/USB_Host/usb_host_config.h(L53)
hostiap-v407-hs,CH32V407/EVT/EXAM/USBHS/Host/HOST_IAP/HOST_IAP/User/USB_Host/usb_host_config.h,54,DEF_DECR_INTERFACE,0x04,#,single-source,evt:CH32V407/EVT/EXAM/USBHS/Host/HOST_IAP/HOST_IAP/User/USB_Host/usb_host_config.h(L54)
hostiap-v407-hs,CH32V407/EVT/EXAM/USBHS/Host/HOST_IAP/HOST_IAP/User/USB_Host/usb_host_config.h,55,DEF_DECR_ENDPOINT,0x05,#,single-source,evt:CH32V407/EVT/EXAM/USBHS/Host/HOST_IAP/HOST_IAP/User/USB_Host/usb_host_config.h(L55)
hostiap-v407-hs,CH32V407/EVT/EXAM/USBHS/Host/HOST_IAP/HOST_IAP/User/USB_Host/usb_host_config.h,56,DEF_DECR_HID,0x21,#,single-source,evt:CH32V407/EVT/EXAM/USBHS/Host/HOST_IAP/HOST_IAP/User/USB_Host/usb_host_config.h(L56)
hostiap-v407-hs,CH32V407/EVT/EXAM/USBHS/Host/HOST_IAP/HOST_IAP/User/USB_Host/usb_host_config.h,59,ERR_SUCCESS,0x00,#,single-source,evt:CH32V407/EVT/EXAM/USBHS/Host/HOST_IAP/HOST_IAP/User/USB_Host/usb_host_config.h(L59)
hostiap-v407-hs,CH32V407/EVT/EXAM/USBHS/Host/HOST_IAP/HOST_IAP/User/USB_Host/usb_host_config.h,60,ERR_USB_CONNECT,0x15,#,single-source,evt:CH32V407/EVT/EXAM/USBHS/Host/HOST_IAP/HOST_IAP/User/USB_Host/usb_host_config.h(L60)
hostiap-v407-hs,CH32V407/EVT/EXAM/USBHS/Host/HOST_IAP/HOST_IAP/User/USB_Host/usb_host_config.h,61,ERR_USB_DISCON,0x16,#,single-source,evt:CH32V407/EVT/EXAM/USBHS/Host/HOST_IAP/HOST_IAP/User/USB_Host/usb_host_config.h(L61)
hostiap-v407-hs,CH32V407/EVT/EXAM/USBHS/Host/HOST_IAP/HOST_IAP/User/USB_Host/usb_host_config.h,62,ERR_USB_BUF_OVER,0x17,#,single-source,evt:CH32V407/EVT/EXAM/USBHS/Host/HOST_IAP/HOST_IAP/User/USB_Host/usb_host_config.h(L62)
hostiap-v407-hs,CH32V407/EVT/EXAM/USBHS/Host/HOST_IAP/HOST_IAP/User/USB_Host/usb_host_config.h,63,ERR_USB_DISK_ERR,0x1F,#,single-source,evt:CH32V407/EVT/EXAM/USBHS/Host/HOST_IAP/HOST_IAP/User/USB_Host/usb_host_config.h(L63)
hostiap-v407-hs,CH32V407/EVT/EXAM/USBHS/Host/HOST_IAP/HOST_IAP/User/USB_Host/usb_host_config.h,64,ERR_USB_TRANSFER,0x20,#,single-source,evt:CH32V407/EVT/EXAM/USBHS/Host/HOST_IAP/HOST_IAP/User/USB_Host/usb_host_config.h(L64)
hostiap-v407-hs,CH32V407/EVT/EXAM/USBHS/Host/HOST_IAP/HOST_IAP/User/USB_Host/usb_host_config.h,65,ERR_USB_UNSUPPORT,0xFB,#,single-source,evt:CH32V407/EVT/EXAM/USBHS/Host/HOST_IAP/HOST_IAP/User/USB_Host/usb_host_config.h(L65)
hostiap-v407-hs,CH32V407/EVT/EXAM/USBHS/Host/HOST_IAP/HOST_IAP/User/USB_Host/usb_host_config.h,66,ERR_USB_UNAVAILABLE,0xFC,#,single-source,evt:CH32V407/EVT/EXAM/USBHS/Host/HOST_IAP/HOST_IAP/User/USB_Host/usb_host_config.h(L66)
hostiap-v407-hs,CH32V407/EVT/EXAM/USBHS/Host/HOST_IAP/HOST_IAP/User/USB_Host/usb_host_config.h,67,ERR_USB_UNKNOWN,0xFE,#,single-source,evt:CH32V407/EVT/EXAM/USBHS/Host/HOST_IAP/HOST_IAP/User/USB_Host/usb_host_config.h(L67)
hostiap-v407-hs,CH32V407/EVT/EXAM/USBHS/Host/HOST_IAP/HOST_IAP/User/USB_Host/usb_host_config.h,70,DEF_DEV_DESCR_GETFAIL,0x45,#,single-source,evt:CH32V407/EVT/EXAM/USBHS/Host/HOST_IAP/HOST_IAP/User/USB_Host/usb_host_config.h(L70)
hostiap-v407-hs,CH32V407/EVT/EXAM/USBHS/Host/HOST_IAP/HOST_IAP/User/USB_Host/usb_host_config.h,71,DEF_DEV_ADDR_SETFAIL,0x46,#,single-source,evt:CH32V407/EVT/EXAM/USBHS/Host/HOST_IAP/HOST_IAP/User/USB_Host/usb_host_config.h(L71)
hostiap-v407-hs,CH32V407/EVT/EXAM/USBHS/Host/HOST_IAP/HOST_IAP/User/USB_Host/usb_host_config.h,72,DEF_CFG_DESCR_GETFAIL,0x47,#,single-source,evt:CH32V407/EVT/EXAM/USBHS/Host/HOST_IAP/HOST_IAP/User/USB_Host/usb_host_config.h(L72)
hostiap-v407-hs,CH32V407/EVT/EXAM/USBHS/Host/HOST_IAP/HOST_IAP/User/USB_Host/usb_host_config.h,73,DEF_REP_DESCR_GETFAIL,0x48,#,single-source,evt:CH32V407/EVT/EXAM/USBHS/Host/HOST_IAP/HOST_IAP/User/USB_Host/usb_host_config.h(L73)
hostiap-v407-hs,CH32V407/EVT/EXAM/USBHS/Host/HOST_IAP/HOST_IAP/User/USB_Host/usb_host_config.h,74,DEF_DEV_TYPE_UNKNOWN,0xFF,#,single-source,evt:CH32V407/EVT/EXAM/USBHS/Host/HOST_IAP/HOST_IAP/User/USB_Host/usb_host_config.h(L74)
hostiap-v407-hs,CH32V407/EVT/EXAM/USBHS/Host/HOST_IAP/HOST_IAP/User/USB_Host/usb_host_config.h,77,DEF_BUS_RESET_TIME,11,#,single-source,evt:CH32V407/EVT/EXAM/USBHS/Host/HOST_IAP/HOST_IAP/User/USB_Host/usb_host_config.h(L77)
hostiap-v407-hs,CH32V407/EVT/EXAM/USBHS/Host/HOST_IAP/HOST_IAP/User/USB_Host/usb_host_config.h,78,DEF_BUS_RESET_TIMEOUT,30,#,single-source,evt:CH32V407/EVT/EXAM/USBHS/Host/HOST_IAP/HOST_IAP/User/USB_Host/usb_host_config.h(L78)
hostiap-v407-hs,CH32V407/EVT/EXAM/USBHS/Host/HOST_IAP/HOST_IAP/User/USB_Host/usb_host_config.h,79,DEF_RE_ATTACH_TIMEOUT,100,#,single-source,evt:CH32V407/EVT/EXAM/USBHS/Host/HOST_IAP/HOST_IAP/User/USB_Host/usb_host_config.h(L79)
hostiap-v407-hs,CH32V407/EVT/EXAM/USBHS/Host/HOST_IAP/HOST_IAP/User/USB_Host/usb_host_config.h,80,DEF_WAIT_USB_TOUT_200US,1000,#,single-source,evt:CH32V407/EVT/EXAM/USBHS/Host/HOST_IAP/HOST_IAP/User/USB_Host/usb_host_config.h(L80)
hostiap-v407-hs,CH32V407/EVT/EXAM/USBHS/Host/HOST_IAP/HOST_IAP/User/USB_Host/usb_host_config.h,81,DEF_CTRL_TRANS_TIMEOVER_CNT,60000,#,single-source,evt:CH32V407/EVT/EXAM/USBHS/Host/HOST_IAP/HOST_IAP/User/USB_Host/usb_host_config.h(L81)
hostiap-v407-hs,CH32V407/EVT/EXAM/USBHS/Host/HOST_IAP/HOST_IAP/User/USB_Host/usb_host_config.h,84,DEF_ONE_USB_SUP_DEV_TOTAL,1,#,single-source,evt:CH32V407/EVT/EXAM/USBHS/Host/HOST_IAP/HOST_IAP/User/USB_Host/usb_host_config.h(L84)
hostiap-v407-hs,CH32V407/EVT/EXAM/USBHS/Host/HOST_IAP/HOST_IAP/User/USB_Host/usb_host_config.h,85,DEF_NEXT_HUB_PORT_NUM_MAX,4,#,single-source,evt:CH32V407/EVT/EXAM/USBHS/Host/HOST_IAP/HOST_IAP/User/USB_Host/usb_host_config.h(L85)
hostiap-v407-hs,CH32V407/EVT/EXAM/USBHS/Host/HOST_IAP/HOST_IAP/User/USB_Host/usb_host_config.h,86,DEF_INTERFACE_NUM_MAX,4,#,single-source,evt:CH32V407/EVT/EXAM/USBHS/Host/HOST_IAP/HOST_IAP/User/USB_Host/usb_host_config.h(L86)
hostiap-v407-hs,CH32V407/EVT/EXAM/USBHS/Host/HOST_IAP/HOST_IAP/User/USB_Host/usb_host_config.h,87,DEF_COM_BUF_LEN,255,#,single-source,evt:CH32V407/EVT/EXAM/USBHS/Host/HOST_IAP/HOST_IAP/User/USB_Host/usb_host_config.h(L87)
hostiap-v407-hs,CH32V407/EVT/EXAM/USBHS/Host/HOST_IAP/HOST_IAP/User/USB_Host/usb_host_config.h,91,DEF_DEBUG_PRINTF,1,#,single-source,evt:CH32V407/EVT/EXAM/USBHS/Host/HOST_IAP/HOST_IAP/User/USB_Host/usb_host_config.h(L91)
hostiap-v407-hs,CH32V407/EVT/EXAM/USBHS/Host/HOST_IAP/HOST_IAP/User/system_ch32v4x7.c,24,SYSCLK_400MHz_HCLK_200MHz_HSE,400000000,#,single-source,evt:CH32V407/EVT/EXAM/USBHS/Host/HOST_IAP/HOST_IAP/User/system_ch32v4x7.c(L24)
hostiap-v407-hs,CH32V407/EVT/EXAM/USBHS/Host/HOST_IAP/HOST_IAP/User/usb_host_iap.h,30,DEF_CORE_RV,0x01,#,single-source,evt:CH32V407/EVT/EXAM/USBHS/Host/HOST_IAP/HOST_IAP/User/usb_host_iap.h(L30)
hostiap-v407-hs,CH32V407/EVT/EXAM/USBHS/Host/HOST_IAP/HOST_IAP/User/usb_host_iap.h,31,DEF_CORE_CM3,0x10,#,single-source,evt:CH32V407/EVT/EXAM/USBHS/Host/HOST_IAP/HOST_IAP/User/usb_host_iap.h(L31)
hostiap-v407-hs,CH32V407/EVT/EXAM/USBHS/Host/HOST_IAP/HOST_IAP/User/usb_host_iap.h,32,DEF_CORE_TYPE,DEF_CORE_RV,#,single-source,evt:CH32V407/EVT/EXAM/USBHS/Host/HOST_IAP/HOST_IAP/User/usb_host_iap.h(L32)
hostiap-v407-hs,CH32V407/EVT/EXAM/USBHS/Host/HOST_IAP/HOST_IAP/User/usb_host_iap.h,35,DEF_IAP_FILE_NAME,"""/APP.BIN""",#,single-source,evt:CH32V407/EVT/EXAM/USBHS/Host/HOST_IAP/HOST_IAP/User/usb_host_iap.h(L35)
hostiap-v407-hs,CH32V407/EVT/EXAM/USBHS/Host/HOST_IAP/HOST_IAP/User/usb_host_iap.h,38,DEF_IAP_SUCCESS,0x00,#,single-source,evt:CH32V407/EVT/EXAM/USBHS/Host/HOST_IAP/HOST_IAP/User/usb_host_iap.h(L38)
hostiap-v407-hs,CH32V407/EVT/EXAM/USBHS/Host/HOST_IAP/HOST_IAP/User/usb_host_iap.h,39,DEF_IAP_DEFAULT,0xFF,#,single-source,evt:CH32V407/EVT/EXAM/USBHS/Host/HOST_IAP/HOST_IAP/User/usb_host_iap.h(L39)
hostiap-v407-hs,CH32V407/EVT/EXAM/USBHS/Host/HOST_IAP/HOST_IAP/User/usb_host_iap.h,40,DEF_IAP_ERR_DETECT,0xF1,#,single-source,evt:CH32V407/EVT/EXAM/USBHS/Host/HOST_IAP/HOST_IAP/User/usb_host_iap.h(L40)
hostiap-v407-hs,CH32V407/EVT/EXAM/USBHS/Host/HOST_IAP/HOST_IAP/User/usb_host_iap.h,41,DEF_IAP_ERR_ENUM,0xF2,#,single-source,evt:CH32V407/EVT/EXAM/USBHS/Host/HOST_IAP/HOST_IAP/User/usb_host_iap.h(L41)
hostiap-v407-hs,CH32V407/EVT/EXAM/USBHS/Host/HOST_IAP/HOST_IAP/User/usb_host_iap.h,42,DEF_IAP_ERR_FILE,0xF3,#,single-source,evt:CH32V407/EVT/EXAM/USBHS/Host/HOST_IAP/HOST_IAP/User/usb_host_iap.h(L42)
hostiap-v407-hs,CH32V407/EVT/EXAM/USBHS/Host/HOST_IAP/HOST_IAP/User/usb_host_iap.h,43,DEF_IAP_ERR_FLASH,0xF4,#,single-source,evt:CH32V407/EVT/EXAM/USBHS/Host/HOST_IAP/HOST_IAP/User/usb_host_iap.h(L43)
hostiap-v407-hs,CH32V407/EVT/EXAM/USBHS/Host/HOST_IAP/HOST_IAP/User/usb_host_iap.h,44,DEF_IAP_ERR_VERIFY,0xF5,#,single-source,evt:CH32V407/EVT/EXAM/USBHS/Host/HOST_IAP/HOST_IAP/User/usb_host_iap.h(L44)
hostiap-v407-hs,CH32V407/EVT/EXAM/USBHS/Host/HOST_IAP/HOST_IAP/User/usb_host_iap.h,45,DEF_IAP_ERR_LENGTH,0xF6,#,single-source,evt:CH32V407/EVT/EXAM/USBHS/Host/HOST_IAP/HOST_IAP/User/usb_host_iap.h(L45)
hostiap-v407-hs,CH32V407/EVT/EXAM/USBHS/Host/HOST_IAP/HOST_IAP/User/usb_host_iap.h,48,DEF_MAX_IAP_BUFFER_LEN,1024,#,single-source,evt:CH32V407/EVT/EXAM/USBHS/Host/HOST_IAP/HOST_IAP/User/usb_host_iap.h(L48)
hostiap-v407-hs,CH32V407/EVT/EXAM/USBHS/Host/HOST_IAP/HOST_IAP/User/usb_host_iap.h,51,DEF_FLASH_PAGE_SIZE,0x100,#,single-source,evt:CH32V407/EVT/EXAM/USBHS/Host/HOST_IAP/HOST_IAP/User/usb_host_iap.h(L51)
hostiap-v407-hs,CH32V407/EVT/EXAM/USBHS/Host/HOST_IAP/HOST_IAP/User/usb_host_iap.h,54,DEF_APP_CODE_START_ADDR,0x08008000,#,single-source,evt:CH32V407/EVT/EXAM/USBHS/Host/HOST_IAP/HOST_IAP/User/usb_host_iap.h(L54)
hostiap-v407-hs,CH32V407/EVT/EXAM/USBHS/Host/HOST_IAP/HOST_IAP/User/usb_host_iap.h,55,DEF_APP_CODE_END_ADDR,0x08010000,#,single-source,evt:CH32V407/EVT/EXAM/USBHS/Host/HOST_IAP/HOST_IAP/User/usb_host_iap.h(L55)
hostiap-v407-hs,CH32V407/EVT/EXAM/USBHS/Host/HOST_IAP/HOST_IAP/User/usb_host_iap.h,58,DEF_APP_CODE_MAXLEN,(DEF_APP_CODE_END_ADDR-DEF_APP_CODE_START_ADDR),#,single-source,evt:CH32V407/EVT/EXAM/USBHS/Host/HOST_IAP/HOST_IAP/User/usb_host_iap.h(L58)
hostiap-v407-hs,CH32V407/EVT/EXAM/USBHS/Host/HOST_IAP/HOST_IAP/User/usb_host_iap.h,61,DEF_VERIFY_CODE_START_ADDR,0x08007F00,#,single-source,evt:CH32V407/EVT/EXAM/USBHS/Host/HOST_IAP/HOST_IAP/User/usb_host_iap.h(L61)
hostiap-v407-hs,CH32V407/EVT/EXAM/USBHS/Host/HOST_IAP/HOST_IAP/User/usb_host_iap.h,62,DEF_VERIFY_CODE_END_ADDR,0x08008000,#,single-source,evt:CH32V407/EVT/EXAM/USBHS/Host/HOST_IAP/HOST_IAP/User/usb_host_iap.h(L62)
hostiap-v407-hs,CH32V407/EVT/EXAM/USBHS/Host/HOST_IAP/HOST_IAP/User/usb_host_iap.h,63,DEF_VERIFY_CODE_MAXLEN,(DEF_VERIFY_CODE_END_ADDR-DEF_VERIFY_CODE_START_ADDR),#,single-source,evt:CH32V407/EVT/EXAM/USBHS/Host/HOST_IAP/HOST_IAP/User/usb_host_iap.h(L63)
hostiap-v407-hs,CH32V407/EVT/EXAM/USBHS/Host/HOST_IAP/HOST_IAP/User/usb_host_iap.h,64,DEF_VERIFY_CODE_LEN,0x10,#,single-source,evt:CH32V407/EVT/EXAM/USBHS/Host/HOST_IAP/HOST_IAP/User/usb_host_iap.h(L64)
hostiap-v407-hs,CH32V407/EVT/EXAM/USBHS/Host/HOST_IAP/HOST_IAP/User/usb_host_iap.h,67,DEF_FLASH_OPERATION_KEY_CODE_0,0x1A86FF00,#,single-source,evt:CH32V407/EVT/EXAM/USBHS/Host/HOST_IAP/HOST_IAP/User/usb_host_iap.h(L67)
hostiap-v407-hs,CH32V407/EVT/EXAM/USBHS/Host/HOST_IAP/HOST_IAP/User/usb_host_iap.h,68,DEF_FLASH_OPERATION_KEY_CODE_1,0x55AA55AA,#,single-source,evt:CH32V407/EVT/EXAM/USBHS/Host/HOST_IAP/HOST_IAP/User/usb_host_iap.h(L68)
hostiap-x035-fs,CH32X035/EVT/EXAM/USB/USBFS/HOST_IAP/HOST_IAP/User/Host_IAP/usb_host_iap.h,45,DEF_CORE_RV,0x01,#,single-source,evt:CH32X035/EVT/EXAM/USB/USBFS/HOST_IAP/HOST_IAP/User/Host_IAP/usb_host_iap.h(L45)
hostiap-x035-fs,CH32X035/EVT/EXAM/USB/USBFS/HOST_IAP/HOST_IAP/User/Host_IAP/usb_host_iap.h,46,DEF_CORE_CM3,0x10,#,single-source,evt:CH32X035/EVT/EXAM/USB/USBFS/HOST_IAP/HOST_IAP/User/Host_IAP/usb_host_iap.h(L46)
hostiap-x035-fs,CH32X035/EVT/EXAM/USB/USBFS/HOST_IAP/HOST_IAP/User/Host_IAP/usb_host_iap.h,47,DEF_CORE_TYPE,DEF_CORE_RV,#,single-source,evt:CH32X035/EVT/EXAM/USB/USBFS/HOST_IAP/HOST_IAP/User/Host_IAP/usb_host_iap.h(L47)
hostiap-x035-fs,CH32X035/EVT/EXAM/USB/USBFS/HOST_IAP/HOST_IAP/User/Host_IAP/usb_host_iap.h,50,DEF_IAP_FILE_NAME,"""/APP.BIN""",#,single-source,evt:CH32X035/EVT/EXAM/USB/USBFS/HOST_IAP/HOST_IAP/User/Host_IAP/usb_host_iap.h(L50)
hostiap-x035-fs,CH32X035/EVT/EXAM/USB/USBFS/HOST_IAP/HOST_IAP/User/Host_IAP/usb_host_iap.h,53,DEF_IAP_SUCCESS,0x00,#,single-source,evt:CH32X035/EVT/EXAM/USB/USBFS/HOST_IAP/HOST_IAP/User/Host_IAP/usb_host_iap.h(L53)
hostiap-x035-fs,CH32X035/EVT/EXAM/USB/USBFS/HOST_IAP/HOST_IAP/User/Host_IAP/usb_host_iap.h,54,DEF_IAP_DEFAULT,0xFF,#,single-source,evt:CH32X035/EVT/EXAM/USB/USBFS/HOST_IAP/HOST_IAP/User/Host_IAP/usb_host_iap.h(L54)
hostiap-x035-fs,CH32X035/EVT/EXAM/USB/USBFS/HOST_IAP/HOST_IAP/User/Host_IAP/usb_host_iap.h,55,DEF_IAP_ERR_DETECT,0xF1,#,single-source,evt:CH32X035/EVT/EXAM/USB/USBFS/HOST_IAP/HOST_IAP/User/Host_IAP/usb_host_iap.h(L55)
hostiap-x035-fs,CH32X035/EVT/EXAM/USB/USBFS/HOST_IAP/HOST_IAP/User/Host_IAP/usb_host_iap.h,56,DEF_IAP_ERR_ENUM,0xF2,#,single-source,evt:CH32X035/EVT/EXAM/USB/USBFS/HOST_IAP/HOST_IAP/User/Host_IAP/usb_host_iap.h(L56)
hostiap-x035-fs,CH32X035/EVT/EXAM/USB/USBFS/HOST_IAP/HOST_IAP/User/Host_IAP/usb_host_iap.h,57,DEF_IAP_ERR_FILE,0xF3,#,single-source,evt:CH32X035/EVT/EXAM/USB/USBFS/HOST_IAP/HOST_IAP/User/Host_IAP/usb_host_iap.h(L57)
hostiap-x035-fs,CH32X035/EVT/EXAM/USB/USBFS/HOST_IAP/HOST_IAP/User/Host_IAP/usb_host_iap.h,58,DEF_IAP_ERR_FLASH,0xF4,#,single-source,evt:CH32X035/EVT/EXAM/USB/USBFS/HOST_IAP/HOST_IAP/User/Host_IAP/usb_host_iap.h(L58)
hostiap-x035-fs,CH32X035/EVT/EXAM/USB/USBFS/HOST_IAP/HOST_IAP/User/Host_IAP/usb_host_iap.h,59,DEF_IAP_ERR_VERIFY,0xF5,#,single-source,evt:CH32X035/EVT/EXAM/USB/USBFS/HOST_IAP/HOST_IAP/User/Host_IAP/usb_host_iap.h(L59)
hostiap-x035-fs,CH32X035/EVT/EXAM/USB/USBFS/HOST_IAP/HOST_IAP/User/Host_IAP/usb_host_iap.h,60,DEF_IAP_ERR_LENGTH,0xF6,#,single-source,evt:CH32X035/EVT/EXAM/USB/USBFS/HOST_IAP/HOST_IAP/User/Host_IAP/usb_host_iap.h(L60)
hostiap-x035-fs,CH32X035/EVT/EXAM/USB/USBFS/HOST_IAP/HOST_IAP/User/Host_IAP/usb_host_iap.h,63,DEF_MAX_IAP_BUFFER_LEN,1024,#,single-source,evt:CH32X035/EVT/EXAM/USB/USBFS/HOST_IAP/HOST_IAP/User/Host_IAP/usb_host_iap.h(L63)
hostiap-x035-fs,CH32X035/EVT/EXAM/USB/USBFS/HOST_IAP/HOST_IAP/User/Host_IAP/usb_host_iap.h,66,DEF_FLASH_PAGE_SIZE,0x100,#,single-source,evt:CH32X035/EVT/EXAM/USB/USBFS/HOST_IAP/HOST_IAP/User/Host_IAP/usb_host_iap.h(L66)
hostiap-x035-fs,CH32X035/EVT/EXAM/USB/USBFS/HOST_IAP/HOST_IAP/User/Host_IAP/usb_host_iap.h,69,DEF_APP_CODE_START_ADDR,0x08006000,#,single-source,evt:CH32X035/EVT/EXAM/USB/USBFS/HOST_IAP/HOST_IAP/User/Host_IAP/usb_host_iap.h(L69)
hostiap-x035-fs,CH32X035/EVT/EXAM/USB/USBFS/HOST_IAP/HOST_IAP/User/Host_IAP/usb_host_iap.h,70,DEF_APP_CODE_END_ADDR,0x08010000,#,single-source,evt:CH32X035/EVT/EXAM/USB/USBFS/HOST_IAP/HOST_IAP/User/Host_IAP/usb_host_iap.h(L70)
hostiap-x035-fs,CH32X035/EVT/EXAM/USB/USBFS/HOST_IAP/HOST_IAP/User/Host_IAP/usb_host_iap.h,73,DEF_APP_CODE_MAXLEN,(DEF_APP_CODE_END_ADDR-DEF_APP_CODE_START_ADDR),#,single-source,evt:CH32X035/EVT/EXAM/USB/USBFS/HOST_IAP/HOST_IAP/User/Host_IAP/usb_host_iap.h(L73)
hostiap-x035-fs,CH32X035/EVT/EXAM/USB/USBFS/HOST_IAP/HOST_IAP/User/Host_IAP/usb_host_iap.h,76,DEF_VERIFY_CODE_START_ADDR,0x08007F00,#,single-source,evt:CH32X035/EVT/EXAM/USB/USBFS/HOST_IAP/HOST_IAP/User/Host_IAP/usb_host_iap.h(L76)
hostiap-x035-fs,CH32X035/EVT/EXAM/USB/USBFS/HOST_IAP/HOST_IAP/User/Host_IAP/usb_host_iap.h,77,DEF_VERIFY_CODE_END_ADDR,0x08008000,#,single-source,evt:CH32X035/EVT/EXAM/USB/USBFS/HOST_IAP/HOST_IAP/User/Host_IAP/usb_host_iap.h(L77)
hostiap-x035-fs,CH32X035/EVT/EXAM/USB/USBFS/HOST_IAP/HOST_IAP/User/Host_IAP/usb_host_iap.h,78,DEF_VERIFY_CODE_MAXLEN,(DEF_VERIFY_CODE_END_ADDR-DEF_VERIFY_CODE_START_ADDR),#,single-source,evt:CH32X035/EVT/EXAM/USB/USBFS/HOST_IAP/HOST_IAP/User/Host_IAP/usb_host_iap.h(L78)
hostiap-x035-fs,CH32X035/EVT/EXAM/USB/USBFS/HOST_IAP/HOST_IAP/User/Host_IAP/usb_host_iap.h,79,DEF_VERIFY_CODE_LEN,0x10,#,single-source,evt:CH32X035/EVT/EXAM/USB/USBFS/HOST_IAP/HOST_IAP/User/Host_IAP/usb_host_iap.h(L79)
hostiap-x035-fs,CH32X035/EVT/EXAM/USB/USBFS/HOST_IAP/HOST_IAP/User/Host_IAP/usb_host_iap.h,82,DEF_FLASH_OPERATION_KEY_CODE_0,0x1A86FF00,#,single-source,evt:CH32X035/EVT/EXAM/USB/USBFS/HOST_IAP/HOST_IAP/User/Host_IAP/usb_host_iap.h(L82)
hostiap-x035-fs,CH32X035/EVT/EXAM/USB/USBFS/HOST_IAP/HOST_IAP/User/Host_IAP/usb_host_iap.h,83,DEF_FLASH_OPERATION_KEY_CODE_1,0x55AA55AA,#,single-source,evt:CH32X035/EVT/EXAM/USB/USBFS/HOST_IAP/HOST_IAP/User/Host_IAP/usb_host_iap.h(L83)
hostiap-x035-fs,CH32X035/EVT/EXAM/USB/USBFS/HOST_IAP/HOST_IAP/User/USB_Host/ch32x035_usbfs_host.h,24,pUSBFS_SetupRequest,( (PUSB_SETUP_REQ)USBFS_TX_Buf ),#,single-source,evt:CH32X035/EVT/EXAM/USB/USBFS/HOST_IAP/HOST_IAP/User/USB_Host/ch32x035_usbfs_host.h(L24)
hostiap-x035-fs,CH32X035/EVT/EXAM/USB/USBFS/HOST_IAP/HOST_IAP/User/USB_Host/ch32x035_usbfs_host.h,26,USB_IOEN,0x00000080,#,single-source,evt:CH32X035/EVT/EXAM/USB/USBFS/HOST_IAP/HOST_IAP/User/USB_Host/ch32x035_usbfs_host.h(L26)
hostiap-x035-fs,CH32X035/EVT/EXAM/USB/USBFS/HOST_IAP/HOST_IAP/User/USB_Host/ch32x035_usbfs_host.h,27,USB_PHY_V33,0x00000040,#,single-source,evt:CH32X035/EVT/EXAM/USB/USBFS/HOST_IAP/HOST_IAP/User/USB_Host/ch32x035_usbfs_host.h(L27)
hostiap-x035-fs,CH32X035/EVT/EXAM/USB/USBFS/HOST_IAP/HOST_IAP/User/USB_Host/ch32x035_usbfs_host.h,28,UDP_PUE_MASK,0x0000000C,#,single-source,evt:CH32X035/EVT/EXAM/USB/USBFS/HOST_IAP/HOST_IAP/User/USB_Host/ch32x035_usbfs_host.h(L28)
hostiap-x035-fs,CH32X035/EVT/EXAM/USB/USBFS/HOST_IAP/HOST_IAP/User/USB_Host/ch32x035_usbfs_host.h,29,UDP_PUE_DISABLE,0x00000000,#,single-source,evt:CH32X035/EVT/EXAM/USB/USBFS/HOST_IAP/HOST_IAP/User/USB_Host/ch32x035_usbfs_host.h(L29)
hostiap-x035-fs,CH32X035/EVT/EXAM/USB/USBFS/HOST_IAP/HOST_IAP/User/USB_Host/ch32x035_usbfs_host.h,30,UDP_PUE_35UA,0x00000004,#,single-source,evt:CH32X035/EVT/EXAM/USB/USBFS/HOST_IAP/HOST_IAP/User/USB_Host/ch32x035_usbfs_host.h(L30)
hostiap-x035-fs,CH32X035/EVT/EXAM/USB/USBFS/HOST_IAP/HOST_IAP/User/USB_Host/ch32x035_usbfs_host.h,31,UDP_PUE_10K,0x00000008,#,single-source,evt:CH32X035/EVT/EXAM/USB/USBFS/HOST_IAP/HOST_IAP/User/USB_Host/ch32x035_usbfs_host.h(L31)
hostiap-x035-fs,CH32X035/EVT/EXAM/USB/USBFS/HOST_IAP/HOST_IAP/User/USB_Host/ch32x035_usbfs_host.h,32,UDP_PUE_1K5,0x0000000C,#,single-source,evt:CH32X035/EVT/EXAM/USB/USBFS/HOST_IAP/HOST_IAP/User/USB_Host/ch32x035_usbfs_host.h(L32)
hostiap-x035-fs,CH32X035/EVT/EXAM/USB/USBFS/HOST_IAP/HOST_IAP/User/USB_Host/ch32x035_usbfs_host.h,34,UDM_PUE_MASK,0x00000003,#,single-source,evt:CH32X035/EVT/EXAM/USB/USBFS/HOST_IAP/HOST_IAP/User/USB_Host/ch32x035_usbfs_host.h(L34)
hostiap-x035-fs,CH32X035/EVT/EXAM/USB/USBFS/HOST_IAP/HOST_IAP/User/USB_Host/ch32x035_usbfs_host.h,35,UDM_PUE_DISABLE,0x00000000,#,single-source,evt:CH32X035/EVT/EXAM/USB/USBFS/HOST_IAP/HOST_IAP/User/USB_Host/ch32x035_usbfs_host.h(L35)
hostiap-x035-fs,CH32X035/EVT/EXAM/USB/USBFS/HOST_IAP/HOST_IAP/User/USB_Host/ch32x035_usbfs_host.h,36,UDM_PUE_35UA,0x00000001,#,single-source,evt:CH32X035/EVT/EXAM/USB/USBFS/HOST_IAP/HOST_IAP/User/USB_Host/ch32x035_usbfs_host.h(L36)
hostiap-x035-fs,CH32X035/EVT/EXAM/USB/USBFS/HOST_IAP/HOST_IAP/User/USB_Host/ch32x035_usbfs_host.h,37,UDM_PUE_10K,0x00000002,#,single-source,evt:CH32X035/EVT/EXAM/USB/USBFS/HOST_IAP/HOST_IAP/User/USB_Host/ch32x035_usbfs_host.h(L37)
hostiap-x035-fs,CH32X035/EVT/EXAM/USB/USBFS/HOST_IAP/HOST_IAP/User/USB_Host/ch32x035_usbfs_host.h,38,UDM_PUE_1K5,0x00000003,#,single-source,evt:CH32X035/EVT/EXAM/USB/USBFS/HOST_IAP/HOST_IAP/User/USB_Host/ch32x035_usbfs_host.h(L38)
hostiap-x035-fs,CH32X035/EVT/EXAM/USB/USBFS/HOST_IAP/HOST_IAP/User/USB_Host/ch32x035_usbfs_host.h,90,USBFS_RX_Buf,RxBuffer,#,single-source,evt:CH32X035/EVT/EXAM/USB/USBFS/HOST_IAP/HOST_IAP/User/USB_Host/ch32x035_usbfs_host.h(L90)
hostiap-x035-fs,CH32X035/EVT/EXAM/USB/USBFS/HOST_IAP/HOST_IAP/User/USB_Host/ch32x035_usbfs_host.h,91,USBFS_TX_Buf,TxBuffer,#,single-source,evt:CH32X035/EVT/EXAM/USB/USBFS/HOST_IAP/HOST_IAP/User/USB_Host/ch32x035_usbfs_host.h(L91)
hostiap-x035-fs,CH32X035/EVT/EXAM/USB/USBFS/HOST_IAP/HOST_IAP/User/USB_Host/ch32x305_usbfs_host.c,22,DEFAULT_ENDP0_SIZE,8,#,single-source,evt:CH32X035/EVT/EXAM/USB/USBFS/HOST_IAP/HOST_IAP/User/USB_Host/ch32x305_usbfs_host.c(L22)
hostiap-x035-fs,CH32X035/EVT/EXAM/USB/USBFS/HOST_IAP/HOST_IAP/User/USB_Host/ch32x305_usbfs_host.c,25,MAX_PACKET_SIZE,64,#,single-source,evt:CH32X035/EVT/EXAM/USB/USBFS/HOST_IAP/HOST_IAP/User/USB_Host/ch32x305_usbfs_host.c(L25)
hostiap-x035-fs,CH32X035/EVT/EXAM/USB/USBFS/HOST_IAP/HOST_IAP/User/USB_Host/usb_host_config.h,31,DEF_TOTAL_ROOT_HUB,1,#,single-source,evt:CH32X035/EVT/EXAM/USB/USBFS/HOST_IAP/HOST_IAP/User/USB_Host/usb_host_config.h(L31)
hostiap-x035-fs,CH32X035/EVT/EXAM/USB/USBFS/HOST_IAP/HOST_IAP/User/USB_Host/usb_host_config.h,32,DEF_USB_PORT_FS_EN,1,#,single-source,evt:CH32X035/EVT/EXAM/USB/USBFS/HOST_IAP/HOST_IAP/User/USB_Host/usb_host_config.h(L32)
hostiap-x035-fs,CH32X035/EVT/EXAM/USB/USBFS/HOST_IAP/HOST_IAP/User/USB_Host/usb_host_config.h,33,DEF_USB_PORT_FS,0x00,#,single-source,evt:CH32X035/EVT/EXAM/USB/USBFS/HOST_IAP/HOST_IAP/User/USB_Host/usb_host_config.h(L33)
hostiap-x035-fs,CH32X035/EVT/EXAM/USB/USBFS/HOST_IAP/HOST_IAP/User/USB_Host/usb_host_config.h,36,ROOT_DEV_DISCONNECT,0,#,single-source,evt:CH32X035/EVT/EXAM/USB/USBFS/HOST_IAP/HOST_IAP/User/USB_Host/usb_host_config.h(L36)
hostiap-x035-fs,CH32X035/EVT/EXAM/USB/USBFS/HOST_IAP/HOST_IAP/User/USB_Host/usb_host_config.h,37,ROOT_DEV_CONNECTED,1,#,single-source,evt:CH32X035/EVT/EXAM/USB/USBFS/HOST_IAP/HOST_IAP/User/USB_Host/usb_host_config.h(L37)
hostiap-x035-fs,CH32X035/EVT/EXAM/USB/USBFS/HOST_IAP/HOST_IAP/User/USB_Host/usb_host_config.h,38,ROOT_DEV_FAILED,2,#,single-source,evt:CH32X035/EVT/EXAM/USB/USBFS/HOST_IAP/HOST_IAP/User/USB_Host/usb_host_config.h(L38)
hostiap-x035-fs,CH32X035/EVT/EXAM/USB/USBFS/HOST_IAP/HOST_IAP/User/USB_Host/usb_host_config.h,39,ROOT_DEV_SUCCESS,3,#,single-source,evt:CH32X035/EVT/EXAM/USB/USBFS/HOST_IAP/HOST_IAP/User/USB_Host/usb_host_config.h(L39)
hostiap-x035-fs,CH32X035/EVT/EXAM/USB/USBFS/HOST_IAP/HOST_IAP/User/USB_Host/usb_host_config.h,42,USB_DEVICE_ADDR,0x02,#,single-source,evt:CH32X035/EVT/EXAM/USB/USBFS/HOST_IAP/HOST_IAP/User/USB_Host/usb_host_config.h(L42)
hostiap-x035-fs,CH32X035/EVT/EXAM/USB/USBFS/HOST_IAP/HOST_IAP/User/USB_Host/usb_host_config.h,45,USB_LOW_SPEED,0x00,#,single-source,evt:CH32X035/EVT/EXAM/USB/USBFS/HOST_IAP/HOST_IAP/User/USB_Host/usb_host_config.h(L45)
hostiap-x035-fs,CH32X035/EVT/EXAM/USB/USBFS/HOST_IAP/HOST_IAP/User/USB_Host/usb_host_config.h,46,USB_FULL_SPEED,0x01,#,single-source,evt:CH32X035/EVT/EXAM/USB/USBFS/HOST_IAP/HOST_IAP/User/USB_Host/usb_host_config.h(L46)
hostiap-x035-fs,CH32X035/EVT/EXAM/USB/USBFS/HOST_IAP/HOST_IAP/User/USB_Host/usb_host_config.h,47,USB_HIGH_SPEED,0x02,#,single-source,evt:CH32X035/EVT/EXAM/USB/USBFS/HOST_IAP/HOST_IAP/User/USB_Host/usb_host_config.h(L47)
hostiap-x035-fs,CH32X035/EVT/EXAM/USB/USBFS/HOST_IAP/HOST_IAP/User/USB_Host/usb_host_config.h,48,USB_SPEED_CHECK_ERR,0xFF,#,single-source,evt:CH32X035/EVT/EXAM/USB/USBFS/HOST_IAP/HOST_IAP/User/USB_Host/usb_host_config.h(L48)
hostiap-x035-fs,CH32X035/EVT/EXAM/USB/USBFS/HOST_IAP/HOST_IAP/User/USB_Host/usb_host_config.h,51,DEF_DECR_CONFIG,0x02,#,single-source,evt:CH32X035/EVT/EXAM/USB/USBFS/HOST_IAP/HOST_IAP/User/USB_Host/usb_host_config.h(L51)
hostiap-x035-fs,CH32X035/EVT/EXAM/USB/USBFS/HOST_IAP/HOST_IAP/User/USB_Host/usb_host_config.h,52,DEF_DECR_INTERFACE,0x04,#,single-source,evt:CH32X035/EVT/EXAM/USB/USBFS/HOST_IAP/HOST_IAP/User/USB_Host/usb_host_config.h(L52)
hostiap-x035-fs,CH32X035/EVT/EXAM/USB/USBFS/HOST_IAP/HOST_IAP/User/USB_Host/usb_host_config.h,53,DEF_DECR_ENDPOINT,0x05,#,single-source,evt:CH32X035/EVT/EXAM/USB/USBFS/HOST_IAP/HOST_IAP/User/USB_Host/usb_host_config.h(L53)
hostiap-x035-fs,CH32X035/EVT/EXAM/USB/USBFS/HOST_IAP/HOST_IAP/User/USB_Host/usb_host_config.h,54,DEF_DECR_HID,0x21,#,single-source,evt:CH32X035/EVT/EXAM/USB/USBFS/HOST_IAP/HOST_IAP/User/USB_Host/usb_host_config.h(L54)
hostiap-x035-fs,CH32X035/EVT/EXAM/USB/USBFS/HOST_IAP/HOST_IAP/User/USB_Host/usb_host_config.h,57,ERR_SUCCESS,0x00,#,single-source,evt:CH32X035/EVT/EXAM/USB/USBFS/HOST_IAP/HOST_IAP/User/USB_Host/usb_host_config.h(L57)
hostiap-x035-fs,CH32X035/EVT/EXAM/USB/USBFS/HOST_IAP/HOST_IAP/User/USB_Host/usb_host_config.h,58,ERR_USB_CONNECT,0x15,#,single-source,evt:CH32X035/EVT/EXAM/USB/USBFS/HOST_IAP/HOST_IAP/User/USB_Host/usb_host_config.h(L58)
hostiap-x035-fs,CH32X035/EVT/EXAM/USB/USBFS/HOST_IAP/HOST_IAP/User/USB_Host/usb_host_config.h,59,ERR_USB_DISCON,0x16,#,single-source,evt:CH32X035/EVT/EXAM/USB/USBFS/HOST_IAP/HOST_IAP/User/USB_Host/usb_host_config.h(L59)
hostiap-x035-fs,CH32X035/EVT/EXAM/USB/USBFS/HOST_IAP/HOST_IAP/User/USB_Host/usb_host_config.h,60,ERR_USB_BUF_OVER,0x17,#,single-source,evt:CH32X035/EVT/EXAM/USB/USBFS/HOST_IAP/HOST_IAP/User/USB_Host/usb_host_config.h(L60)
hostiap-x035-fs,CH32X035/EVT/EXAM/USB/USBFS/HOST_IAP/HOST_IAP/User/USB_Host/usb_host_config.h,61,ERR_USB_DISK_ERR,0x1F,#,single-source,evt:CH32X035/EVT/EXAM/USB/USBFS/HOST_IAP/HOST_IAP/User/USB_Host/usb_host_config.h(L61)
hostiap-x035-fs,CH32X035/EVT/EXAM/USB/USBFS/HOST_IAP/HOST_IAP/User/USB_Host/usb_host_config.h,62,ERR_USB_TRANSFER,0x20,#,single-source,evt:CH32X035/EVT/EXAM/USB/USBFS/HOST_IAP/HOST_IAP/User/USB_Host/usb_host_config.h(L62)
hostiap-x035-fs,CH32X035/EVT/EXAM/USB/USBFS/HOST_IAP/HOST_IAP/User/USB_Host/usb_host_config.h,63,ERR_USB_UNSUPPORT,0xFB,#,single-source,evt:CH32X035/EVT/EXAM/USB/USBFS/HOST_IAP/HOST_IAP/User/USB_Host/usb_host_config.h(L63)
hostiap-x035-fs,CH32X035/EVT/EXAM/USB/USBFS/HOST_IAP/HOST_IAP/User/USB_Host/usb_host_config.h,64,ERR_USB_UNAVAILABLE,0xFC,#,single-source,evt:CH32X035/EVT/EXAM/USB/USBFS/HOST_IAP/HOST_IAP/User/USB_Host/usb_host_config.h(L64)
hostiap-x035-fs,CH32X035/EVT/EXAM/USB/USBFS/HOST_IAP/HOST_IAP/User/USB_Host/usb_host_config.h,65,ERR_USB_UNKNOWN,0xFE,#,single-source,evt:CH32X035/EVT/EXAM/USB/USBFS/HOST_IAP/HOST_IAP/User/USB_Host/usb_host_config.h(L65)
hostiap-x035-fs,CH32X035/EVT/EXAM/USB/USBFS/HOST_IAP/HOST_IAP/User/USB_Host/usb_host_config.h,68,DEF_DEV_DESCR_GETFAIL,0x45,#,single-source,evt:CH32X035/EVT/EXAM/USB/USBFS/HOST_IAP/HOST_IAP/User/USB_Host/usb_host_config.h(L68)
hostiap-x035-fs,CH32X035/EVT/EXAM/USB/USBFS/HOST_IAP/HOST_IAP/User/USB_Host/usb_host_config.h,69,DEF_DEV_ADDR_SETFAIL,0x46,#,single-source,evt:CH32X035/EVT/EXAM/USB/USBFS/HOST_IAP/HOST_IAP/User/USB_Host/usb_host_config.h(L69)
hostiap-x035-fs,CH32X035/EVT/EXAM/USB/USBFS/HOST_IAP/HOST_IAP/User/USB_Host/usb_host_config.h,70,DEF_CFG_DESCR_GETFAIL,0x47,#,single-source,evt:CH32X035/EVT/EXAM/USB/USBFS/HOST_IAP/HOST_IAP/User/USB_Host/usb_host_config.h(L70)
hostiap-x035-fs,CH32X035/EVT/EXAM/USB/USBFS/HOST_IAP/HOST_IAP/User/USB_Host/usb_host_config.h,71,DEF_REP_DESCR_GETFAIL,0x48,#,single-source,evt:CH32X035/EVT/EXAM/USB/USBFS/HOST_IAP/HOST_IAP/User/USB_Host/usb_host_config.h(L71)
hostiap-x035-fs,CH32X035/EVT/EXAM/USB/USBFS/HOST_IAP/HOST_IAP/User/USB_Host/usb_host_config.h,72,DEF_DEV_TYPE_UNKNOWN,0xFF,#,single-source,evt:CH32X035/EVT/EXAM/USB/USBFS/HOST_IAP/HOST_IAP/User/USB_Host/usb_host_config.h(L72)
hostiap-x035-fs,CH32X035/EVT/EXAM/USB/USBFS/HOST_IAP/HOST_IAP/User/USB_Host/usb_host_config.h,75,DEF_BUS_RESET_TIME,11,#,single-source,evt:CH32X035/EVT/EXAM/USB/USBFS/HOST_IAP/HOST_IAP/User/USB_Host/usb_host_config.h(L75)
hostiap-x035-fs,CH32X035/EVT/EXAM/USB/USBFS/HOST_IAP/HOST_IAP/User/USB_Host/usb_host_config.h,76,DEF_RE_ATTACH_TIMEOUT,100,#,single-source,evt:CH32X035/EVT/EXAM/USB/USBFS/HOST_IAP/HOST_IAP/User/USB_Host/usb_host_config.h(L76)
hostiap-x035-fs,CH32X035/EVT/EXAM/USB/USBFS/HOST_IAP/HOST_IAP/User/USB_Host/usb_host_config.h,77,DEF_WAIT_USB_TOUT_200US,1000,#,single-source,evt:CH32X035/EVT/EXAM/USB/USBFS/HOST_IAP/HOST_IAP/User/USB_Host/usb_host_config.h(L77)
hostiap-x035-fs,CH32X035/EVT/EXAM/USB/USBFS/HOST_IAP/HOST_IAP/User/USB_Host/usb_host_config.h,78,DEF_CTRL_TRANS_TIMEOVER_CNT,60000,#,single-source,evt:CH32X035/EVT/EXAM/USB/USBFS/HOST_IAP/HOST_IAP/User/USB_Host/usb_host_config.h(L78)
hostiap-x035-fs,CH32X035/EVT/EXAM/USB/USBFS/HOST_IAP/HOST_IAP/User/USB_Host/usb_host_config.h,81,DEF_ONE_USB_SUP_DEV_TOTAL,1,#,single-source,evt:CH32X035/EVT/EXAM/USB/USBFS/HOST_IAP/HOST_IAP/User/USB_Host/usb_host_config.h(L81)
hostiap-x035-fs,CH32X035/EVT/EXAM/USB/USBFS/HOST_IAP/HOST_IAP/User/USB_Host/usb_host_config.h,82,DEF_NEXT_HUB_PORT_NUM_MAX,4,#,single-source,evt:CH32X035/EVT/EXAM/USB/USBFS/HOST_IAP/HOST_IAP/User/USB_Host/usb_host_config.h(L82)
hostiap-x035-fs,CH32X035/EVT/EXAM/USB/USBFS/HOST_IAP/HOST_IAP/User/USB_Host/usb_host_config.h,83,DEF_INTERFACE_NUM_MAX,4,#,single-source,evt:CH32X035/EVT/EXAM/USB/USBFS/HOST_IAP/HOST_IAP/User/USB_Host/usb_host_config.h(L83)
hostiap-x035-fs,CH32X035/EVT/EXAM/USB/USBFS/HOST_IAP/HOST_IAP/User/USB_Host/usb_host_config.h,84,DEF_COM_BUF_LEN,255,#,single-source,evt:CH32X035/EVT/EXAM/USB/USBFS/HOST_IAP/HOST_IAP/User/USB_Host/usb_host_config.h(L84)
hostiap-x035-fs,CH32X035/EVT/EXAM/USB/USBFS/HOST_IAP/HOST_IAP/User/USB_Host/usb_host_config.h,87,DEF_DEBUG_PRINTF,1,#,single-source,evt:CH32X035/EVT/EXAM/USB/USBFS/HOST_IAP/HOST_IAP/User/USB_Host/usb_host_config.h(L87)
hostiap-x035-fs,CH32X035/EVT/EXAM/USB/USBFS/HOST_IAP/HOST_IAP/User/system_ch32x035.c,23,SYSCLK_FREQ_48MHz_HSI,HSI_VALUE,#,single-source,evt:CH32X035/EVT/EXAM/USB/USBFS/HOST_IAP/HOST_IAP/User/system_ch32x035.c(L23)
hostiap-x315-hs,CH32X315/EVT/EXAM/USBHS/Host/HOST_IAP/HOST_IAP/User/USB_Host/ch32x315_usbhs_host.h,31,pUSBHS_SetupRequest,( (PUSB_SETUP_REQ)TxBuffer ),#,single-source,evt:CH32X315/EVT/EXAM/USBHS/Host/HOST_IAP/HOST_IAP/User/USB_Host/ch32x315_usbhs_host.h(L31)
hostiap-x315-hs,CH32X315/EVT/EXAM/USBHS/Host/HOST_IAP/HOST_IAP/User/USB_Host/ch32x315_usbhs_host.h,35,DEFAULT_ENDP0_SIZE,8,#,single-source,evt:CH32X315/EVT/EXAM/USBHS/Host/HOST_IAP/HOST_IAP/User/USB_Host/ch32x315_usbhs_host.h(L35)
hostiap-x315-hs,CH32X315/EVT/EXAM/USBHS/Host/HOST_IAP/HOST_IAP/User/USB_Host/ch32x315_usbhs_host.h,38,USBHS_MAX_PACKET_SIZE,64,#,single-source,evt:CH32X315/EVT/EXAM/USBHS/Host/HOST_IAP/HOST_IAP/User/USB_Host/ch32x315_usbhs_host.h(L38)
hostiap-x315-hs,CH32X315/EVT/EXAM/USBHS/Host/HOST_IAP/HOST_IAP/User/USB_Host/usb_host_config.h,31,DEF_TOTAL_ROOT_HUB,2,#,single-source,evt:CH32X315/EVT/EXAM/USBHS/Host/HOST_IAP/HOST_IAP/User/USB_Host/usb_host_config.h(L31)
hostiap-x315-hs,CH32X315/EVT/EXAM/USBHS/Host/HOST_IAP/HOST_IAP/User/USB_Host/usb_host_config.h,32,DEF_USB_PORT_FS_EN,0,#,single-source,evt:CH32X315/EVT/EXAM/USBHS/Host/HOST_IAP/HOST_IAP/User/USB_Host/usb_host_config.h(L32)
hostiap-x315-hs,CH32X315/EVT/EXAM/USBHS/Host/HOST_IAP/HOST_IAP/User/USB_Host/usb_host_config.h,33,DEF_USB_PORT_HS_EN,1,#,single-source,evt:CH32X315/EVT/EXAM/USBHS/Host/HOST_IAP/HOST_IAP/User/USB_Host/usb_host_config.h(L33)
hostiap-x315-hs,CH32X315/EVT/EXAM/USBHS/Host/HOST_IAP/HOST_IAP/User/USB_Host/usb_host_config.h,34,DEF_USB_PORT_FS,0x00,#,single-source,evt:CH32X315/EVT/EXAM/USBHS/Host/HOST_IAP/HOST_IAP/User/USB_Host/usb_host_config.h(L34)
hostiap-x315-hs,CH32X315/EVT/EXAM/USBHS/Host/HOST_IAP/HOST_IAP/User/USB_Host/usb_host_config.h,35,DEF_USB_PORT_HS,0x01,#,single-source,evt:CH32X315/EVT/EXAM/USBHS/Host/HOST_IAP/HOST_IAP/User/USB_Host/usb_host_config.h(L35)
hostiap-x315-hs,CH32X315/EVT/EXAM/USBHS/Host/HOST_IAP/HOST_IAP/User/USB_Host/usb_host_config.h,38,ROOT_DEV_DISCONNECT,0,#,single-source,evt:CH32X315/EVT/EXAM/USBHS/Host/HOST_IAP/HOST_IAP/User/USB_Host/usb_host_config.h(L38)
hostiap-x315-hs,CH32X315/EVT/EXAM/USBHS/Host/HOST_IAP/HOST_IAP/User/USB_Host/usb_host_config.h,39,ROOT_DEV_CONNECTED,1,#,single-source,evt:CH32X315/EVT/EXAM/USBHS/Host/HOST_IAP/HOST_IAP/User/USB_Host/usb_host_config.h(L39)
hostiap-x315-hs,CH32X315/EVT/EXAM/USBHS/Host/HOST_IAP/HOST_IAP/User/USB_Host/usb_host_config.h,40,ROOT_DEV_FAILED,2,#,single-source,evt:CH32X315/EVT/EXAM/USBHS/Host/HOST_IAP/HOST_IAP/User/USB_Host/usb_host_config.h(L40)
hostiap-x315-hs,CH32X315/EVT/EXAM/USBHS/Host/HOST_IAP/HOST_IAP/User/USB_Host/usb_host_config.h,41,ROOT_DEV_SUCCESS,3,#,single-source,evt:CH32X315/EVT/EXAM/USBHS/Host/HOST_IAP/HOST_IAP/User/USB_Host/usb_host_config.h(L41)
hostiap-x315-hs,CH32X315/EVT/EXAM/USBHS/Host/HOST_IAP/HOST_IAP/User/USB_Host/usb_host_config.h,44,USB_DEVICE_ADDR,0x02,#,single-source,evt:CH32X315/EVT/EXAM/USBHS/Host/HOST_IAP/HOST_IAP/User/USB_Host/usb_host_config.h(L44)
hostiap-x315-hs,CH32X315/EVT/EXAM/USBHS/Host/HOST_IAP/HOST_IAP/User/USB_Host/usb_host_config.h,47,USB_LOW_SPEED,0x00,#,single-source,evt:CH32X315/EVT/EXAM/USBHS/Host/HOST_IAP/HOST_IAP/User/USB_Host/usb_host_config.h(L47)
hostiap-x315-hs,CH32X315/EVT/EXAM/USBHS/Host/HOST_IAP/HOST_IAP/User/USB_Host/usb_host_config.h,48,USB_FULL_SPEED,0x01,#,single-source,evt:CH32X315/EVT/EXAM/USBHS/Host/HOST_IAP/HOST_IAP/User/USB_Host/usb_host_config.h(L48)
hostiap-x315-hs,CH32X315/EVT/EXAM/USBHS/Host/HOST_IAP/HOST_IAP/User/USB_Host/usb_host_config.h,49,USB_HIGH_SPEED,0x02,#,single-source,evt:CH32X315/EVT/EXAM/USBHS/Host/HOST_IAP/HOST_IAP/User/USB_Host/usb_host_config.h(L49)
hostiap-x315-hs,CH32X315/EVT/EXAM/USBHS/Host/HOST_IAP/HOST_IAP/User/USB_Host/usb_host_config.h,50,USB_SPEED_CHECK_ERR,0xFF,#,single-source,evt:CH32X315/EVT/EXAM/USBHS/Host/HOST_IAP/HOST_IAP/User/USB_Host/usb_host_config.h(L50)
hostiap-x315-hs,CH32X315/EVT/EXAM/USBHS/Host/HOST_IAP/HOST_IAP/User/USB_Host/usb_host_config.h,53,DEF_DECR_CONFIG,0x02,#,single-source,evt:CH32X315/EVT/EXAM/USBHS/Host/HOST_IAP/HOST_IAP/User/USB_Host/usb_host_config.h(L53)
hostiap-x315-hs,CH32X315/EVT/EXAM/USBHS/Host/HOST_IAP/HOST_IAP/User/USB_Host/usb_host_config.h,54,DEF_DECR_INTERFACE,0x04,#,single-source,evt:CH32X315/EVT/EXAM/USBHS/Host/HOST_IAP/HOST_IAP/User/USB_Host/usb_host_config.h(L54)
hostiap-x315-hs,CH32X315/EVT/EXAM/USBHS/Host/HOST_IAP/HOST_IAP/User/USB_Host/usb_host_config.h,55,DEF_DECR_ENDPOINT,0x05,#,single-source,evt:CH32X315/EVT/EXAM/USBHS/Host/HOST_IAP/HOST_IAP/User/USB_Host/usb_host_config.h(L55)
hostiap-x315-hs,CH32X315/EVT/EXAM/USBHS/Host/HOST_IAP/HOST_IAP/User/USB_Host/usb_host_config.h,56,DEF_DECR_HID,0x21,#,single-source,evt:CH32X315/EVT/EXAM/USBHS/Host/HOST_IAP/HOST_IAP/User/USB_Host/usb_host_config.h(L56)
hostiap-x315-hs,CH32X315/EVT/EXAM/USBHS/Host/HOST_IAP/HOST_IAP/User/USB_Host/usb_host_config.h,59,ERR_SUCCESS,0x00,#,single-source,evt:CH32X315/EVT/EXAM/USBHS/Host/HOST_IAP/HOST_IAP/User/USB_Host/usb_host_config.h(L59)
hostiap-x315-hs,CH32X315/EVT/EXAM/USBHS/Host/HOST_IAP/HOST_IAP/User/USB_Host/usb_host_config.h,60,ERR_USB_CONNECT,0x15,#,single-source,evt:CH32X315/EVT/EXAM/USBHS/Host/HOST_IAP/HOST_IAP/User/USB_Host/usb_host_config.h(L60)
hostiap-x315-hs,CH32X315/EVT/EXAM/USBHS/Host/HOST_IAP/HOST_IAP/User/USB_Host/usb_host_config.h,61,ERR_USB_DISCON,0x16,#,single-source,evt:CH32X315/EVT/EXAM/USBHS/Host/HOST_IAP/HOST_IAP/User/USB_Host/usb_host_config.h(L61)
hostiap-x315-hs,CH32X315/EVT/EXAM/USBHS/Host/HOST_IAP/HOST_IAP/User/USB_Host/usb_host_config.h,62,ERR_USB_BUF_OVER,0x17,#,single-source,evt:CH32X315/EVT/EXAM/USBHS/Host/HOST_IAP/HOST_IAP/User/USB_Host/usb_host_config.h(L62)
hostiap-x315-hs,CH32X315/EVT/EXAM/USBHS/Host/HOST_IAP/HOST_IAP/User/USB_Host/usb_host_config.h,63,ERR_USB_DISK_ERR,0x1F,#,single-source,evt:CH32X315/EVT/EXAM/USBHS/Host/HOST_IAP/HOST_IAP/User/USB_Host/usb_host_config.h(L63)
hostiap-x315-hs,CH32X315/EVT/EXAM/USBHS/Host/HOST_IAP/HOST_IAP/User/USB_Host/usb_host_config.h,64,ERR_USB_TRANSFER,0x20,#,single-source,evt:CH32X315/EVT/EXAM/USBHS/Host/HOST_IAP/HOST_IAP/User/USB_Host/usb_host_config.h(L64)
hostiap-x315-hs,CH32X315/EVT/EXAM/USBHS/Host/HOST_IAP/HOST_IAP/User/USB_Host/usb_host_config.h,65,ERR_USB_UNSUPPORT,0xFB,#,single-source,evt:CH32X315/EVT/EXAM/USBHS/Host/HOST_IAP/HOST_IAP/User/USB_Host/usb_host_config.h(L65)
hostiap-x315-hs,CH32X315/EVT/EXAM/USBHS/Host/HOST_IAP/HOST_IAP/User/USB_Host/usb_host_config.h,66,ERR_USB_UNAVAILABLE,0xFC,#,single-source,evt:CH32X315/EVT/EXAM/USBHS/Host/HOST_IAP/HOST_IAP/User/USB_Host/usb_host_config.h(L66)
hostiap-x315-hs,CH32X315/EVT/EXAM/USBHS/Host/HOST_IAP/HOST_IAP/User/USB_Host/usb_host_config.h,67,ERR_USB_UNKNOWN,0xFE,#,single-source,evt:CH32X315/EVT/EXAM/USBHS/Host/HOST_IAP/HOST_IAP/User/USB_Host/usb_host_config.h(L67)
hostiap-x315-hs,CH32X315/EVT/EXAM/USBHS/Host/HOST_IAP/HOST_IAP/User/USB_Host/usb_host_config.h,70,DEF_DEV_DESCR_GETFAIL,0x45,#,single-source,evt:CH32X315/EVT/EXAM/USBHS/Host/HOST_IAP/HOST_IAP/User/USB_Host/usb_host_config.h(L70)
hostiap-x315-hs,CH32X315/EVT/EXAM/USBHS/Host/HOST_IAP/HOST_IAP/User/USB_Host/usb_host_config.h,71,DEF_DEV_ADDR_SETFAIL,0x46,#,single-source,evt:CH32X315/EVT/EXAM/USBHS/Host/HOST_IAP/HOST_IAP/User/USB_Host/usb_host_config.h(L71)
hostiap-x315-hs,CH32X315/EVT/EXAM/USBHS/Host/HOST_IAP/HOST_IAP/User/USB_Host/usb_host_config.h,72,DEF_CFG_DESCR_GETFAIL,0x47,#,single-source,evt:CH32X315/EVT/EXAM/USBHS/Host/HOST_IAP/HOST_IAP/User/USB_Host/usb_host_config.h(L72)
hostiap-x315-hs,CH32X315/EVT/EXAM/USBHS/Host/HOST_IAP/HOST_IAP/User/USB_Host/usb_host_config.h,73,DEF_REP_DESCR_GETFAIL,0x48,#,single-source,evt:CH32X315/EVT/EXAM/USBHS/Host/HOST_IAP/HOST_IAP/User/USB_Host/usb_host_config.h(L73)
hostiap-x315-hs,CH32X315/EVT/EXAM/USBHS/Host/HOST_IAP/HOST_IAP/User/USB_Host/usb_host_config.h,74,DEF_DEV_TYPE_UNKNOWN,0xFF,#,single-source,evt:CH32X315/EVT/EXAM/USBHS/Host/HOST_IAP/HOST_IAP/User/USB_Host/usb_host_config.h(L74)
hostiap-x315-hs,CH32X315/EVT/EXAM/USBHS/Host/HOST_IAP/HOST_IAP/User/USB_Host/usb_host_config.h,77,DEF_BUS_RESET_TIME,11,#,single-source,evt:CH32X315/EVT/EXAM/USBHS/Host/HOST_IAP/HOST_IAP/User/USB_Host/usb_host_config.h(L77)
hostiap-x315-hs,CH32X315/EVT/EXAM/USBHS/Host/HOST_IAP/HOST_IAP/User/USB_Host/usb_host_config.h,78,DEF_BUS_RESET_TIMEOUT,30,#,single-source,evt:CH32X315/EVT/EXAM/USBHS/Host/HOST_IAP/HOST_IAP/User/USB_Host/usb_host_config.h(L78)
hostiap-x315-hs,CH32X315/EVT/EXAM/USBHS/Host/HOST_IAP/HOST_IAP/User/USB_Host/usb_host_config.h,79,DEF_RE_ATTACH_TIMEOUT,100,#,single-source,evt:CH32X315/EVT/EXAM/USBHS/Host/HOST_IAP/HOST_IAP/User/USB_Host/usb_host_config.h(L79)
hostiap-x315-hs,CH32X315/EVT/EXAM/USBHS/Host/HOST_IAP/HOST_IAP/User/USB_Host/usb_host_config.h,80,DEF_WAIT_USB_TOUT_200US,1000,#,single-source,evt:CH32X315/EVT/EXAM/USBHS/Host/HOST_IAP/HOST_IAP/User/USB_Host/usb_host_config.h(L80)
hostiap-x315-hs,CH32X315/EVT/EXAM/USBHS/Host/HOST_IAP/HOST_IAP/User/USB_Host/usb_host_config.h,81,DEF_CTRL_TRANS_TIMEOVER_CNT,60000,#,single-source,evt:CH32X315/EVT/EXAM/USBHS/Host/HOST_IAP/HOST_IAP/User/USB_Host/usb_host_config.h(L81)
hostiap-x315-hs,CH32X315/EVT/EXAM/USBHS/Host/HOST_IAP/HOST_IAP/User/USB_Host/usb_host_config.h,84,DEF_ONE_USB_SUP_DEV_TOTAL,1,#,single-source,evt:CH32X315/EVT/EXAM/USBHS/Host/HOST_IAP/HOST_IAP/User/USB_Host/usb_host_config.h(L84)
hostiap-x315-hs,CH32X315/EVT/EXAM/USBHS/Host/HOST_IAP/HOST_IAP/User/USB_Host/usb_host_config.h,85,DEF_NEXT_HUB_PORT_NUM_MAX,4,#,single-source,evt:CH32X315/EVT/EXAM/USBHS/Host/HOST_IAP/HOST_IAP/User/USB_Host/usb_host_config.h(L85)
hostiap-x315-hs,CH32X315/EVT/EXAM/USBHS/Host/HOST_IAP/HOST_IAP/User/USB_Host/usb_host_config.h,86,DEF_INTERFACE_NUM_MAX,4,#,single-source,evt:CH32X315/EVT/EXAM/USBHS/Host/HOST_IAP/HOST_IAP/User/USB_Host/usb_host_config.h(L86)
hostiap-x315-hs,CH32X315/EVT/EXAM/USBHS/Host/HOST_IAP/HOST_IAP/User/USB_Host/usb_host_config.h,87,DEF_COM_BUF_LEN,255,#,single-source,evt:CH32X315/EVT/EXAM/USBHS/Host/HOST_IAP/HOST_IAP/User/USB_Host/usb_host_config.h(L87)
hostiap-x315-hs,CH32X315/EVT/EXAM/USBHS/Host/HOST_IAP/HOST_IAP/User/USB_Host/usb_host_config.h,91,DEF_DEBUG_PRINTF,1,#,single-source,evt:CH32X315/EVT/EXAM/USBHS/Host/HOST_IAP/HOST_IAP/User/USB_Host/usb_host_config.h(L91)
hostiap-x315-hs,CH32X315/EVT/EXAM/USBHS/Host/HOST_IAP/HOST_IAP/User/system_ch32x3x5.c,23,SYSCLK_240M_CoreCLK_240M_HCLK_240M_HSE,240000000,#,single-source,evt:CH32X315/EVT/EXAM/USBHS/Host/HOST_IAP/HOST_IAP/User/system_ch32x3x5.c(L23)
hostiap-x315-hs,CH32X315/EVT/EXAM/USBHS/Host/HOST_IAP/HOST_IAP/User/usb_host_iap.h,30,DEF_CORE_RV,0x01,#,single-source,evt:CH32X315/EVT/EXAM/USBHS/Host/HOST_IAP/HOST_IAP/User/usb_host_iap.h(L30)
hostiap-x315-hs,CH32X315/EVT/EXAM/USBHS/Host/HOST_IAP/HOST_IAP/User/usb_host_iap.h,31,DEF_CORE_CM3,0x10,#,single-source,evt:CH32X315/EVT/EXAM/USBHS/Host/HOST_IAP/HOST_IAP/User/usb_host_iap.h(L31)
hostiap-x315-hs,CH32X315/EVT/EXAM/USBHS/Host/HOST_IAP/HOST_IAP/User/usb_host_iap.h,32,DEF_CORE_TYPE,DEF_CORE_RV,#,single-source,evt:CH32X315/EVT/EXAM/USBHS/Host/HOST_IAP/HOST_IAP/User/usb_host_iap.h(L32)
hostiap-x315-hs,CH32X315/EVT/EXAM/USBHS/Host/HOST_IAP/HOST_IAP/User/usb_host_iap.h,35,DEF_IAP_FILE_NAME,"""/APP.BIN""",#,single-source,evt:CH32X315/EVT/EXAM/USBHS/Host/HOST_IAP/HOST_IAP/User/usb_host_iap.h(L35)
hostiap-x315-hs,CH32X315/EVT/EXAM/USBHS/Host/HOST_IAP/HOST_IAP/User/usb_host_iap.h,38,DEF_IAP_SUCCESS,0x00,#,single-source,evt:CH32X315/EVT/EXAM/USBHS/Host/HOST_IAP/HOST_IAP/User/usb_host_iap.h(L38)
hostiap-x315-hs,CH32X315/EVT/EXAM/USBHS/Host/HOST_IAP/HOST_IAP/User/usb_host_iap.h,39,DEF_IAP_DEFAULT,0xFF,#,single-source,evt:CH32X315/EVT/EXAM/USBHS/Host/HOST_IAP/HOST_IAP/User/usb_host_iap.h(L39)
hostiap-x315-hs,CH32X315/EVT/EXAM/USBHS/Host/HOST_IAP/HOST_IAP/User/usb_host_iap.h,40,DEF_IAP_ERR_DETECT,0xF1,#,single-source,evt:CH32X315/EVT/EXAM/USBHS/Host/HOST_IAP/HOST_IAP/User/usb_host_iap.h(L40)
hostiap-x315-hs,CH32X315/EVT/EXAM/USBHS/Host/HOST_IAP/HOST_IAP/User/usb_host_iap.h,41,DEF_IAP_ERR_ENUM,0xF2,#,single-source,evt:CH32X315/EVT/EXAM/USBHS/Host/HOST_IAP/HOST_IAP/User/usb_host_iap.h(L41)
hostiap-x315-hs,CH32X315/EVT/EXAM/USBHS/Host/HOST_IAP/HOST_IAP/User/usb_host_iap.h,42,DEF_IAP_ERR_FILE,0xF3,#,single-source,evt:CH32X315/EVT/EXAM/USBHS/Host/HOST_IAP/HOST_IAP/User/usb_host_iap.h(L42)
hostiap-x315-hs,CH32X315/EVT/EXAM/USBHS/Host/HOST_IAP/HOST_IAP/User/usb_host_iap.h,43,DEF_IAP_ERR_FLASH,0xF4,#,single-source,evt:CH32X315/EVT/EXAM/USBHS/Host/HOST_IAP/HOST_IAP/User/usb_host_iap.h(L43)
hostiap-x315-hs,CH32X315/EVT/EXAM/USBHS/Host/HOST_IAP/HOST_IAP/User/usb_host_iap.h,44,DEF_IAP_ERR_VERIFY,0xF5,#,single-source,evt:CH32X315/EVT/EXAM/USBHS/Host/HOST_IAP/HOST_IAP/User/usb_host_iap.h(L44)
hostiap-x315-hs,CH32X315/EVT/EXAM/USBHS/Host/HOST_IAP/HOST_IAP/User/usb_host_iap.h,45,DEF_IAP_ERR_LENGTH,0xF6,#,single-source,evt:CH32X315/EVT/EXAM/USBHS/Host/HOST_IAP/HOST_IAP/User/usb_host_iap.h(L45)
hostiap-x315-hs,CH32X315/EVT/EXAM/USBHS/Host/HOST_IAP/HOST_IAP/User/usb_host_iap.h,48,DEF_MAX_IAP_BUFFER_LEN,1024,#,single-source,evt:CH32X315/EVT/EXAM/USBHS/Host/HOST_IAP/HOST_IAP/User/usb_host_iap.h(L48)
hostiap-x315-hs,CH32X315/EVT/EXAM/USBHS/Host/HOST_IAP/HOST_IAP/User/usb_host_iap.h,51,DEF_FLASH_PAGE_SIZE,0x100,#,single-source,evt:CH32X315/EVT/EXAM/USBHS/Host/HOST_IAP/HOST_IAP/User/usb_host_iap.h(L51)
hostiap-x315-hs,CH32X315/EVT/EXAM/USBHS/Host/HOST_IAP/HOST_IAP/User/usb_host_iap.h,54,DEF_APP_CODE_START_ADDR,0x08008000,#,single-source,evt:CH32X315/EVT/EXAM/USBHS/Host/HOST_IAP/HOST_IAP/User/usb_host_iap.h(L54)
hostiap-x315-hs,CH32X315/EVT/EXAM/USBHS/Host/HOST_IAP/HOST_IAP/User/usb_host_iap.h,55,DEF_APP_CODE_END_ADDR,0x08010000,#,single-source,evt:CH32X315/EVT/EXAM/USBHS/Host/HOST_IAP/HOST_IAP/User/usb_host_iap.h(L55)
hostiap-x315-hs,CH32X315/EVT/EXAM/USBHS/Host/HOST_IAP/HOST_IAP/User/usb_host_iap.h,58,DEF_APP_CODE_MAXLEN,(DEF_APP_CODE_END_ADDR-DEF_APP_CODE_START_ADDR),#,single-source,evt:CH32X315/EVT/EXAM/USBHS/Host/HOST_IAP/HOST_IAP/User/usb_host_iap.h(L58)
hostiap-x315-hs,CH32X315/EVT/EXAM/USBHS/Host/HOST_IAP/HOST_IAP/User/usb_host_iap.h,61,DEF_VERIFY_CODE_START_ADDR,0x08007F00,#,single-source,evt:CH32X315/EVT/EXAM/USBHS/Host/HOST_IAP/HOST_IAP/User/usb_host_iap.h(L61)
hostiap-x315-hs,CH32X315/EVT/EXAM/USBHS/Host/HOST_IAP/HOST_IAP/User/usb_host_iap.h,62,DEF_VERIFY_CODE_END_ADDR,0x08008000,#,single-source,evt:CH32X315/EVT/EXAM/USBHS/Host/HOST_IAP/HOST_IAP/User/usb_host_iap.h(L62)
hostiap-x315-hs,CH32X315/EVT/EXAM/USBHS/Host/HOST_IAP/HOST_IAP/User/usb_host_iap.h,63,DEF_VERIFY_CODE_MAXLEN,(DEF_VERIFY_CODE_END_ADDR-DEF_VERIFY_CODE_START_ADDR),#,single-source,evt:CH32X315/EVT/EXAM/USBHS/Host/HOST_IAP/HOST_IAP/User/usb_host_iap.h(L63)
hostiap-x315-hs,CH32X315/EVT/EXAM/USBHS/Host/HOST_IAP/HOST_IAP/User/usb_host_iap.h,64,DEF_VERIFY_CODE_LEN,0x10,#,single-source,evt:CH32X315/EVT/EXAM/USBHS/Host/HOST_IAP/HOST_IAP/User/usb_host_iap.h(L64)
hostiap-x315-hs,CH32X315/EVT/EXAM/USBHS/Host/HOST_IAP/HOST_IAP/User/usb_host_iap.h,67,DEF_FLASH_OPERATION_KEY_CODE_0,0x1A86FF00,#,single-source,evt:CH32X315/EVT/EXAM/USBHS/Host/HOST_IAP/HOST_IAP/User/usb_host_iap.h(L67)
hostiap-x315-hs,CH32X315/EVT/EXAM/USBHS/Host/HOST_IAP/HOST_IAP/User/usb_host_iap.h,68,DEF_FLASH_OPERATION_KEY_CODE_1,0x55AA55AA,#,single-source,evt:CH32X315/EVT/EXAM/USBHS/Host/HOST_IAP/HOST_IAP/User/usb_host_iap.h(L68)
