impl_id,function,seq,op,reg_name,reg_addr,value_expr,value_num,mask,wait_on,wait_bit,loop_count,source_form,source_file,source_line,#,confidence,basis
evt-v003-iap,FLASH_Unlock_Fast,0,write,FLASH_KEYR,0x40022004,FLASH_KEY1,,,,,,c-sdk,CH32V003/EVT/EXAM/SRC/Peripheral/src/ch32v00x_flash.c,715,#,single-source,evt:CH32V003/EVT/EXAM/SRC/Peripheral/src/ch32v00x_flash.c(L715)
evt-v003-iap,FLASH_Unlock_Fast,1,write,FLASH_KEYR,0x40022004,FLASH_KEY2,,,,,,c-sdk,CH32V003/EVT/EXAM/SRC/Peripheral/src/ch32v00x_flash.c,716,#,single-source,evt:CH32V003/EVT/EXAM/SRC/Peripheral/src/ch32v00x_flash.c(L716)
evt-v003-iap,FLASH_Unlock_Fast,2,write,FLASH_MODEKEYR,0x40022024,FLASH_KEY1,,,,,,c-sdk,CH32V003/EVT/EXAM/SRC/Peripheral/src/ch32v00x_flash.c,719,#,single-source,evt:CH32V003/EVT/EXAM/SRC/Peripheral/src/ch32v00x_flash.c(L719)
evt-v003-iap,FLASH_Unlock_Fast,3,write,FLASH_MODEKEYR,0x40022024,FLASH_KEY2,,,,,,c-sdk,CH32V003/EVT/EXAM/SRC/Peripheral/src/ch32v00x_flash.c,720,#,single-source,evt:CH32V003/EVT/EXAM/SRC/Peripheral/src/ch32v00x_flash.c(L720)
evt-v003-iap,FLASH_Lock_Fast,0,set-bits,FLASH_CTLR,0x40022010,CR_FLOCK_Set,,,,,,c-sdk,CH32V003/EVT/EXAM/SRC/Peripheral/src/ch32v00x_flash.c,732,#,single-source,evt:CH32V003/EVT/EXAM/SRC/Peripheral/src/ch32v00x_flash.c(L732)
evt-v003-iap,FLASH_ProgramPage_Fast,0,set-bits,FLASH_CTLR,0x40022010,CR_PAGE_PG,,,,,,c-sdk,CH32V003/EVT/EXAM/SRC/Peripheral/src/ch32v00x_flash.c,809,#,single-source,evt:CH32V003/EVT/EXAM/SRC/Peripheral/src/ch32v00x_flash.c(L809)
evt-v003-iap,FLASH_ProgramPage_Fast,1,write,FLASH_ADDR,0x40022014,Page_Address,,,,,,c-sdk,CH32V003/EVT/EXAM/SRC/Peripheral/src/ch32v00x_flash.c,810,#,single-source,evt:CH32V003/EVT/EXAM/SRC/Peripheral/src/ch32v00x_flash.c(L810)
evt-v003-iap,FLASH_ProgramPage_Fast,2,set-bits,FLASH_CTLR,0x40022010,CR_STRT_Set,,,,,,c-sdk,CH32V003/EVT/EXAM/SRC/Peripheral/src/ch32v00x_flash.c,811,#,single-source,evt:CH32V003/EVT/EXAM/SRC/Peripheral/src/ch32v00x_flash.c(L811)
evt-v003-iap,FLASH_ProgramPage_Fast,3,wait,FLASH_STATR,0x4002200c,,,,FLASH_STATR,SR_BSY,,c-sdk,CH32V003/EVT/EXAM/SRC/Peripheral/src/ch32v00x_flash.c,812,#,single-source,evt:CH32V003/EVT/EXAM/SRC/Peripheral/src/ch32v00x_flash.c(L812)
evt-v003-iap,FLASH_ProgramPage_Fast,4,clear-bits,FLASH_CTLR,0x40022010,~CR_PAGE_PG,,,,,,c-sdk,CH32V003/EVT/EXAM/SRC/Peripheral/src/ch32v00x_flash.c,814,#,single-source,evt:CH32V003/EVT/EXAM/SRC/Peripheral/src/ch32v00x_flash.c(L814)
evt-v003-iap,FLASH_ErasePage_Fast,0,set-bits,FLASH_CTLR,0x40022010,CR_PAGE_ER,,,,,,c-sdk,CH32V003/EVT/EXAM/SRC/Peripheral/src/ch32v00x_flash.c,787,#,single-source,evt:CH32V003/EVT/EXAM/SRC/Peripheral/src/ch32v00x_flash.c(L787)
evt-v003-iap,FLASH_ErasePage_Fast,1,write,FLASH_ADDR,0x40022014,Page_Address,,,,,,c-sdk,CH32V003/EVT/EXAM/SRC/Peripheral/src/ch32v00x_flash.c,788,#,single-source,evt:CH32V003/EVT/EXAM/SRC/Peripheral/src/ch32v00x_flash.c(L788)
evt-v003-iap,FLASH_ErasePage_Fast,2,set-bits,FLASH_CTLR,0x40022010,CR_STRT_Set,,,,,,c-sdk,CH32V003/EVT/EXAM/SRC/Peripheral/src/ch32v00x_flash.c,789,#,single-source,evt:CH32V003/EVT/EXAM/SRC/Peripheral/src/ch32v00x_flash.c(L789)
evt-v003-iap,FLASH_ErasePage_Fast,3,wait,FLASH_STATR,0x4002200c,,,,FLASH_STATR,SR_BSY,,c-sdk,CH32V003/EVT/EXAM/SRC/Peripheral/src/ch32v00x_flash.c,790,#,single-source,evt:CH32V003/EVT/EXAM/SRC/Peripheral/src/ch32v00x_flash.c(L790)
evt-v003-iap,FLASH_ErasePage_Fast,4,clear-bits,FLASH_CTLR,0x40022010,~CR_PAGE_ER,,,,,,c-sdk,CH32V003/EVT/EXAM/SRC/Peripheral/src/ch32v00x_flash.c,792,#,single-source,evt:CH32V003/EVT/EXAM/SRC/Peripheral/src/ch32v00x_flash.c(L792)
evt-v003-iap,FLASH_ROM_WRITE,0,write,FLASH_KEYR,0x40022004,FLASH_KEY1,,,,,,c-sdk,CH32V003/EVT/EXAM/SRC/Peripheral/src/ch32v00x_flash.c,1026,#,single-source,evt:CH32V003/EVT/EXAM/SRC/Peripheral/src/ch32v00x_flash.c(L1026)
evt-v003-iap,FLASH_ROM_WRITE,1,write,FLASH_KEYR,0x40022004,FLASH_KEY2,,,,,,c-sdk,CH32V003/EVT/EXAM/SRC/Peripheral/src/ch32v00x_flash.c,1027,#,single-source,evt:CH32V003/EVT/EXAM/SRC/Peripheral/src/ch32v00x_flash.c(L1027)
evt-v003-iap,FLASH_ROM_WRITE,2,write,FLASH_MODEKEYR,0x40022024,FLASH_KEY1,,,,,,c-sdk,CH32V003/EVT/EXAM/SRC/Peripheral/src/ch32v00x_flash.c,1030,#,single-source,evt:CH32V003/EVT/EXAM/SRC/Peripheral/src/ch32v00x_flash.c(L1030)
evt-v003-iap,FLASH_ROM_WRITE,3,write,FLASH_MODEKEYR,0x40022024,FLASH_KEY2,,,,,,c-sdk,CH32V003/EVT/EXAM/SRC/Peripheral/src/ch32v00x_flash.c,1031,#,single-source,evt:CH32V003/EVT/EXAM/SRC/Peripheral/src/ch32v00x_flash.c(L1031)
evt-v003-iap,FLASH_ROM_WRITE,4,set-bits,FLASH_CTLR,0x40022010,CR_PAGE_PG,,,,,,c-sdk,CH32V003/EVT/EXAM/SRC/Peripheral/src/ch32v00x_flash.c,1034,#,single-source,evt:CH32V003/EVT/EXAM/SRC/Peripheral/src/ch32v00x_flash.c(L1034)
evt-v003-iap,FLASH_ROM_WRITE,5,set-bits,FLASH_CTLR,0x40022010,CR_BUF_RST,,,,,,c-sdk,CH32V003/EVT/EXAM/SRC/Peripheral/src/ch32v00x_flash.c,1035,#,single-source,evt:CH32V003/EVT/EXAM/SRC/Peripheral/src/ch32v00x_flash.c(L1035)
evt-v003-iap,FLASH_ROM_WRITE,6,wait,FLASH_STATR,0x4002200c,,,,FLASH_STATR,SR_BSY,,c-sdk,CH32V003/EVT/EXAM/SRC/Peripheral/src/ch32v00x_flash.c,1036,#,single-source,evt:CH32V003/EVT/EXAM/SRC/Peripheral/src/ch32v00x_flash.c(L1036)
evt-v003-iap,FLASH_ROM_WRITE,7,loop-begin,,,size,,,,,size,c-sdk,CH32V003/EVT/EXAM/SRC/Peripheral/src/ch32v00x_flash.c,1039,#,single-source,evt:CH32V003/EVT/EXAM/SRC/Peripheral/src/ch32v00x_flash.c(L1039)
evt-v003-iap,FLASH_ROM_WRITE,8,write,FLASH_BUF,,*(__IO uint32_t *)(StartAddr) = *(uint32_t *)pbuf;,,,,,,c-sdk,CH32V003/EVT/EXAM/SRC/Peripheral/src/ch32v00x_flash.c,1041,#,single-source,evt:CH32V003/EVT/EXAM/SRC/Peripheral/src/ch32v00x_flash.c(L1041)
evt-v003-iap,FLASH_ROM_WRITE,9,set-bits,FLASH_CTLR,0x40022010,CR_BUF_LOAD,,,,,,c-sdk,CH32V003/EVT/EXAM/SRC/Peripheral/src/ch32v00x_flash.c,1042,#,single-source,evt:CH32V003/EVT/EXAM/SRC/Peripheral/src/ch32v00x_flash.c(L1042)
evt-v003-iap,FLASH_ROM_WRITE,10,wait,FLASH_STATR,0x4002200c,,,,FLASH_STATR,SR_BSY,,c-sdk,CH32V003/EVT/EXAM/SRC/Peripheral/src/ch32v00x_flash.c,1043,#,single-source,evt:CH32V003/EVT/EXAM/SRC/Peripheral/src/ch32v00x_flash.c(L1043)
evt-v003-iap,FLASH_ROM_WRITE,11,set-bits,FLASH_CTLR,0x40022010,CR_PAGE_PG,,,,,,c-sdk,CH32V003/EVT/EXAM/SRC/Peripheral/src/ch32v00x_flash.c,1051,#,single-source,evt:CH32V003/EVT/EXAM/SRC/Peripheral/src/ch32v00x_flash.c(L1051)
evt-v003-iap,FLASH_ROM_WRITE,12,write,FLASH_ADDR,0x40022014,adr,,,,,,c-sdk,CH32V003/EVT/EXAM/SRC/Peripheral/src/ch32v00x_flash.c,1052,#,single-source,evt:CH32V003/EVT/EXAM/SRC/Peripheral/src/ch32v00x_flash.c(L1052)
evt-v003-iap,FLASH_ROM_WRITE,13,set-bits,FLASH_CTLR,0x40022010,CR_STRT_Set,,,,,,c-sdk,CH32V003/EVT/EXAM/SRC/Peripheral/src/ch32v00x_flash.c,1053,#,single-source,evt:CH32V003/EVT/EXAM/SRC/Peripheral/src/ch32v00x_flash.c(L1053)
evt-v003-iap,FLASH_ROM_WRITE,14,wait,FLASH_STATR,0x4002200c,,,,FLASH_STATR,SR_BSY,,c-sdk,CH32V003/EVT/EXAM/SRC/Peripheral/src/ch32v00x_flash.c,1054,#,single-source,evt:CH32V003/EVT/EXAM/SRC/Peripheral/src/ch32v00x_flash.c(L1054)
evt-v003-iap,FLASH_ROM_WRITE,15,clear-bits,FLASH_CTLR,0x40022010,~CR_PAGE_PG,,,,,,c-sdk,CH32V003/EVT/EXAM/SRC/Peripheral/src/ch32v00x_flash.c,1056,#,single-source,evt:CH32V003/EVT/EXAM/SRC/Peripheral/src/ch32v00x_flash.c(L1056)
evt-v003-iap,FLASH_ROM_WRITE,16,set-bits,FLASH_CTLR,0x40022010,CR_FLOCK_Set,,,,,,c-sdk,CH32V003/EVT/EXAM/SRC/Peripheral/src/ch32v00x_flash.c,1061,#,single-source,evt:CH32V003/EVT/EXAM/SRC/Peripheral/src/ch32v00x_flash.c(L1061)
evt-v003-iap,FLASH_ROM_WRITE,17,set-bits,FLASH_CTLR,0x40022010,CR_LOCK_Set,,,,,,c-sdk,CH32V003/EVT/EXAM/SRC/Peripheral/src/ch32v00x_flash.c,1062,#,single-source,evt:CH32V003/EVT/EXAM/SRC/Peripheral/src/ch32v00x_flash.c(L1062)
evt-v003-iap,FLASH_ROM_ERASE,0,write,FLASH_KEYR,0x40022004,FLASH_KEY1,,,,,,c-sdk,CH32V003/EVT/EXAM/SRC/Peripheral/src/ch32v00x_flash.c,918,#,single-source,evt:CH32V003/EVT/EXAM/SRC/Peripheral/src/ch32v00x_flash.c(L918)
evt-v003-iap,FLASH_ROM_ERASE,1,write,FLASH_KEYR,0x40022004,FLASH_KEY2,,,,,,c-sdk,CH32V003/EVT/EXAM/SRC/Peripheral/src/ch32v00x_flash.c,919,#,single-source,evt:CH32V003/EVT/EXAM/SRC/Peripheral/src/ch32v00x_flash.c(L919)
evt-v003-iap,FLASH_ROM_ERASE,2,write,FLASH_MODEKEYR,0x40022024,FLASH_KEY1,,,,,,c-sdk,CH32V003/EVT/EXAM/SRC/Peripheral/src/ch32v00x_flash.c,922,#,single-source,evt:CH32V003/EVT/EXAM/SRC/Peripheral/src/ch32v00x_flash.c(L922)
evt-v003-iap,FLASH_ROM_ERASE,3,write,FLASH_MODEKEYR,0x40022024,FLASH_KEY2,,,,,,c-sdk,CH32V003/EVT/EXAM/SRC/Peripheral/src/ch32v00x_flash.c,923,#,single-source,evt:CH32V003/EVT/EXAM/SRC/Peripheral/src/ch32v00x_flash.c(L923)
evt-v003-iap,FLASH_ROM_ERASE,4,set-bits,FLASH_CTLR,0x40022010,CR_FLOCK_Set,,,,,,c-sdk,CH32V003/EVT/EXAM/SRC/Peripheral/src/ch32v00x_flash.c,983,#,single-source,evt:CH32V003/EVT/EXAM/SRC/Peripheral/src/ch32v00x_flash.c(L983)
evt-v003-iap,FLASH_ROM_ERASE,5,set-bits,FLASH_CTLR,0x40022010,CR_LOCK_Set,,,,,,c-sdk,CH32V003/EVT/EXAM/SRC/Peripheral/src/ch32v00x_flash.c,984,#,single-source,evt:CH32V003/EVT/EXAM/SRC/Peripheral/src/ch32v00x_flash.c(L984)
evt-v003-iap,FLASH_BufReset,0,set-bits,FLASH_CTLR,0x40022010,CR_PAGE_PG,,,,,,c-sdk,CH32V003/EVT/EXAM/SRC/Peripheral/src/ch32v00x_flash.c,744,#,single-source,evt:CH32V003/EVT/EXAM/SRC/Peripheral/src/ch32v00x_flash.c(L744)
evt-v003-iap,FLASH_BufReset,1,set-bits,FLASH_CTLR,0x40022010,CR_BUF_RST,,,,,,c-sdk,CH32V003/EVT/EXAM/SRC/Peripheral/src/ch32v00x_flash.c,745,#,single-source,evt:CH32V003/EVT/EXAM/SRC/Peripheral/src/ch32v00x_flash.c(L745)
evt-v003-iap,FLASH_BufReset,2,wait,FLASH_STATR,0x4002200c,,,,FLASH_STATR,SR_BSY,,c-sdk,CH32V003/EVT/EXAM/SRC/Peripheral/src/ch32v00x_flash.c,746,#,single-source,evt:CH32V003/EVT/EXAM/SRC/Peripheral/src/ch32v00x_flash.c(L746)
evt-v003-iap,FLASH_BufReset,3,clear-bits,FLASH_CTLR,0x40022010,~CR_PAGE_PG,,,,,,c-sdk,CH32V003/EVT/EXAM/SRC/Peripheral/src/ch32v00x_flash.c,748,#,single-source,evt:CH32V003/EVT/EXAM/SRC/Peripheral/src/ch32v00x_flash.c(L748)
evt-v003-iap,FLASH_BufLoad,0,set-bits,FLASH_CTLR,0x40022010,CR_PAGE_PG,,,,,,c-sdk,CH32V003/EVT/EXAM/SRC/Peripheral/src/ch32v00x_flash.c,765,#,single-source,evt:CH32V003/EVT/EXAM/SRC/Peripheral/src/ch32v00x_flash.c(L765)
evt-v003-iap,FLASH_BufLoad,1,write,FLASH_BUF,,*(__IO uint32_t *)(Address) = Data0;,,,,,,c-sdk,CH32V003/EVT/EXAM/SRC/Peripheral/src/ch32v00x_flash.c,766,#,single-source,evt:CH32V003/EVT/EXAM/SRC/Peripheral/src/ch32v00x_flash.c(L766)
evt-v003-iap,FLASH_BufLoad,2,set-bits,FLASH_CTLR,0x40022010,CR_BUF_LOAD,,,,,,c-sdk,CH32V003/EVT/EXAM/SRC/Peripheral/src/ch32v00x_flash.c,767,#,single-source,evt:CH32V003/EVT/EXAM/SRC/Peripheral/src/ch32v00x_flash.c(L767)
evt-v003-iap,FLASH_BufLoad,3,wait,FLASH_STATR,0x4002200c,,,,FLASH_STATR,SR_BSY,,c-sdk,CH32V003/EVT/EXAM/SRC/Peripheral/src/ch32v00x_flash.c,768,#,single-source,evt:CH32V003/EVT/EXAM/SRC/Peripheral/src/ch32v00x_flash.c(L768)
evt-v003-iap,FLASH_BufLoad,4,clear-bits,FLASH_CTLR,0x40022010,~CR_PAGE_PG,,,,,,c-sdk,CH32V003/EVT/EXAM/SRC/Peripheral/src/ch32v00x_flash.c,770,#,single-source,evt:CH32V003/EVT/EXAM/SRC/Peripheral/src/ch32v00x_flash.c(L770)
evt-v003-iap,FLASH_Unlock,0,write,FLASH_KEYR,0x40022004,FLASH_KEY1,,,,,,c-sdk,CH32V003/EVT/EXAM/SRC/Peripheral/src/ch32v00x_flash.c,99,#,single-source,evt:CH32V003/EVT/EXAM/SRC/Peripheral/src/ch32v00x_flash.c(L99)
evt-v003-iap,FLASH_Unlock,1,write,FLASH_KEYR,0x40022004,FLASH_KEY2,,,,,,c-sdk,CH32V003/EVT/EXAM/SRC/Peripheral/src/ch32v00x_flash.c,100,#,single-source,evt:CH32V003/EVT/EXAM/SRC/Peripheral/src/ch32v00x_flash.c(L100)
evt-v003-iap,FLASH_Lock,0,set-bits,FLASH_CTLR,0x40022010,CR_LOCK_Set,,,,,,c-sdk,CH32V003/EVT/EXAM/SRC/Peripheral/src/ch32v00x_flash.c,112,#,single-source,evt:CH32V003/EVT/EXAM/SRC/Peripheral/src/ch32v00x_flash.c(L112)
evt-v00x-iap,FLASH_Unlock_Fast,0,write,FLASH_KEYR,0x40022004,FLASH_KEY1,,,,,,c-sdk,CH32V006/EVT/EXAM/SRC/Peripheral/src/ch32v00X_flash.c,630,#,single-source,evt:CH32V006/EVT/EXAM/SRC/Peripheral/src/ch32v00X_flash.c(L630)
evt-v00x-iap,FLASH_Unlock_Fast,1,write,FLASH_KEYR,0x40022004,FLASH_KEY2,,,,,,c-sdk,CH32V006/EVT/EXAM/SRC/Peripheral/src/ch32v00X_flash.c,631,#,single-source,evt:CH32V006/EVT/EXAM/SRC/Peripheral/src/ch32v00X_flash.c(L631)
evt-v00x-iap,FLASH_Unlock_Fast,2,write,FLASH_MODEKEYR,0x40022024,FLASH_KEY1,,,,,,c-sdk,CH32V006/EVT/EXAM/SRC/Peripheral/src/ch32v00X_flash.c,634,#,single-source,evt:CH32V006/EVT/EXAM/SRC/Peripheral/src/ch32v00X_flash.c(L634)
evt-v00x-iap,FLASH_Unlock_Fast,3,write,FLASH_MODEKEYR,0x40022024,FLASH_KEY2,,,,,,c-sdk,CH32V006/EVT/EXAM/SRC/Peripheral/src/ch32v00X_flash.c,635,#,single-source,evt:CH32V006/EVT/EXAM/SRC/Peripheral/src/ch32v00X_flash.c(L635)
evt-v00x-iap,FLASH_Lock_Fast,0,set-bits,FLASH_CTLR,0x40022010,CR_FLOCK_Set,,,,,,c-sdk,CH32V006/EVT/EXAM/SRC/Peripheral/src/ch32v00X_flash.c,647,#,single-source,evt:CH32V006/EVT/EXAM/SRC/Peripheral/src/ch32v00X_flash.c(L647)
evt-v00x-iap,FLASH_ProgramPage_Fast,0,clear-bits,FLASH_CTLR,0x40022010,(CR_OPTER_Reset & CR_PAGE_ER_Reset),,,,,,c-sdk,CH32V006/EVT/EXAM/SRC/Peripheral/src/ch32v00X_flash.c,755,#,single-source,evt:CH32V006/EVT/EXAM/SRC/Peripheral/src/ch32v00X_flash.c(L755)
evt-v00x-iap,FLASH_ProgramPage_Fast,1,set-bits,FLASH_CTLR,0x40022010,CR_PAGE_PG,,,,,,c-sdk,CH32V006/EVT/EXAM/SRC/Peripheral/src/ch32v00X_flash.c,757,#,single-source,evt:CH32V006/EVT/EXAM/SRC/Peripheral/src/ch32v00X_flash.c(L757)
evt-v00x-iap,FLASH_ProgramPage_Fast,2,write,FLASH_ADDR,0x40022014,Page_Address,,,,,,c-sdk,CH32V006/EVT/EXAM/SRC/Peripheral/src/ch32v00X_flash.c,758,#,single-source,evt:CH32V006/EVT/EXAM/SRC/Peripheral/src/ch32v00X_flash.c(L758)
evt-v00x-iap,FLASH_ProgramPage_Fast,3,set-bits,FLASH_CTLR,0x40022010,CR_STRT_Set,,,,,,c-sdk,CH32V006/EVT/EXAM/SRC/Peripheral/src/ch32v00X_flash.c,759,#,single-source,evt:CH32V006/EVT/EXAM/SRC/Peripheral/src/ch32v00X_flash.c(L759)
evt-v00x-iap,FLASH_ProgramPage_Fast,4,wait,FLASH_STATR,0x4002200c,,,,FLASH_STATR,SR_BSY,,c-sdk,CH32V006/EVT/EXAM/SRC/Peripheral/src/ch32v00X_flash.c,760,#,single-source,evt:CH32V006/EVT/EXAM/SRC/Peripheral/src/ch32v00X_flash.c(L760)
evt-v00x-iap,FLASH_ProgramPage_Fast,5,clear-bits,FLASH_CTLR,0x40022010,~CR_PAGE_PG,,,,,,c-sdk,CH32V006/EVT/EXAM/SRC/Peripheral/src/ch32v00X_flash.c,762,#,single-source,evt:CH32V006/EVT/EXAM/SRC/Peripheral/src/ch32v00X_flash.c(L762)
evt-v00x-iap,FLASH_ErasePage_Fast,0,clear-bits,FLASH_CTLR,0x40022010,(CR_OPTER_Reset & CR_PAGE_ER_Reset),,,,,,c-sdk,CH32V006/EVT/EXAM/SRC/Peripheral/src/ch32v00X_flash.c,706,#,single-source,evt:CH32V006/EVT/EXAM/SRC/Peripheral/src/ch32v00X_flash.c(L706)
evt-v00x-iap,FLASH_ErasePage_Fast,1,set-bits,FLASH_CTLR,0x40022010,CR_PAGE_ER,,,,,,c-sdk,CH32V006/EVT/EXAM/SRC/Peripheral/src/ch32v00X_flash.c,708,#,single-source,evt:CH32V006/EVT/EXAM/SRC/Peripheral/src/ch32v00X_flash.c(L708)
evt-v00x-iap,FLASH_ErasePage_Fast,2,write,FLASH_ADDR,0x40022014,Page_Address,,,,,,c-sdk,CH32V006/EVT/EXAM/SRC/Peripheral/src/ch32v00X_flash.c,709,#,single-source,evt:CH32V006/EVT/EXAM/SRC/Peripheral/src/ch32v00X_flash.c(L709)
evt-v00x-iap,FLASH_ErasePage_Fast,3,set-bits,FLASH_CTLR,0x40022010,CR_STRT_Set,,,,,,c-sdk,CH32V006/EVT/EXAM/SRC/Peripheral/src/ch32v00X_flash.c,710,#,single-source,evt:CH32V006/EVT/EXAM/SRC/Peripheral/src/ch32v00X_flash.c(L710)
evt-v00x-iap,FLASH_ErasePage_Fast,4,wait,FLASH_STATR,0x4002200c,,,,FLASH_STATR,SR_BSY,,c-sdk,CH32V006/EVT/EXAM/SRC/Peripheral/src/ch32v00X_flash.c,711,#,single-source,evt:CH32V006/EVT/EXAM/SRC/Peripheral/src/ch32v00X_flash.c(L711)
evt-v00x-iap,FLASH_ErasePage_Fast,5,clear-bits,FLASH_CTLR,0x40022010,~CR_PAGE_ER,,,,,,c-sdk,CH32V006/EVT/EXAM/SRC/Peripheral/src/ch32v00X_flash.c,713,#,single-source,evt:CH32V006/EVT/EXAM/SRC/Peripheral/src/ch32v00X_flash.c(L713)
evt-v00x-iap,FLASH_ROM_WRITE,0,write,FLASH_KEYR,0x40022004,FLASH_KEY1,,,,,,c-sdk,CH32V006/EVT/EXAM/SRC/Peripheral/src/ch32v00X_flash.c,1028,#,single-source,evt:CH32V006/EVT/EXAM/SRC/Peripheral/src/ch32v00X_flash.c(L1028)
evt-v00x-iap,FLASH_ROM_WRITE,1,write,FLASH_KEYR,0x40022004,FLASH_KEY2,,,,,,c-sdk,CH32V006/EVT/EXAM/SRC/Peripheral/src/ch32v00X_flash.c,1029,#,single-source,evt:CH32V006/EVT/EXAM/SRC/Peripheral/src/ch32v00X_flash.c(L1029)
evt-v00x-iap,FLASH_ROM_WRITE,2,write,FLASH_MODEKEYR,0x40022024,FLASH_KEY1,,,,,,c-sdk,CH32V006/EVT/EXAM/SRC/Peripheral/src/ch32v00X_flash.c,1032,#,single-source,evt:CH32V006/EVT/EXAM/SRC/Peripheral/src/ch32v00X_flash.c(L1032)
evt-v00x-iap,FLASH_ROM_WRITE,3,write,FLASH_MODEKEYR,0x40022024,FLASH_KEY2,,,,,,c-sdk,CH32V006/EVT/EXAM/SRC/Peripheral/src/ch32v00X_flash.c,1033,#,single-source,evt:CH32V006/EVT/EXAM/SRC/Peripheral/src/ch32v00X_flash.c(L1033)
evt-v00x-iap,FLASH_ROM_WRITE,4,clear-bits,FLASH_CTLR,0x40022010,(CR_OPTER_Reset & CR_PAGE_ER_Reset),,,,,,c-sdk,CH32V006/EVT/EXAM/SRC/Peripheral/src/ch32v00X_flash.c,1035,#,single-source,evt:CH32V006/EVT/EXAM/SRC/Peripheral/src/ch32v00X_flash.c(L1035)
evt-v00x-iap,FLASH_ROM_WRITE,5,set-bits,FLASH_CTLR,0x40022010,CR_PAGE_PG,,,,,,c-sdk,CH32V006/EVT/EXAM/SRC/Peripheral/src/ch32v00X_flash.c,1038,#,single-source,evt:CH32V006/EVT/EXAM/SRC/Peripheral/src/ch32v00X_flash.c(L1038)
evt-v00x-iap,FLASH_ROM_WRITE,6,set-bits,FLASH_CTLR,0x40022010,CR_BUF_RST,,,,,,c-sdk,CH32V006/EVT/EXAM/SRC/Peripheral/src/ch32v00X_flash.c,1039,#,single-source,evt:CH32V006/EVT/EXAM/SRC/Peripheral/src/ch32v00X_flash.c(L1039)
evt-v00x-iap,FLASH_ROM_WRITE,7,wait,FLASH_STATR,0x4002200c,,,,FLASH_STATR,SR_BSY,,c-sdk,CH32V006/EVT/EXAM/SRC/Peripheral/src/ch32v00X_flash.c,1040,#,single-source,evt:CH32V006/EVT/EXAM/SRC/Peripheral/src/ch32v00X_flash.c(L1040)
evt-v00x-iap,FLASH_ROM_WRITE,8,loop-begin,,,size,,,,,size,c-sdk,CH32V006/EVT/EXAM/SRC/Peripheral/src/ch32v00X_flash.c,1043,#,single-source,evt:CH32V006/EVT/EXAM/SRC/Peripheral/src/ch32v00X_flash.c(L1043)
evt-v00x-iap,FLASH_ROM_WRITE,9,write,FLASH_BUF,,*(uint32_t *)StartAddr = *(uint32_t *)pbuf;,,,,,,c-sdk,CH32V006/EVT/EXAM/SRC/Peripheral/src/ch32v00X_flash.c,1045,#,single-source,evt:CH32V006/EVT/EXAM/SRC/Peripheral/src/ch32v00X_flash.c(L1045)
evt-v00x-iap,FLASH_ROM_WRITE,10,set-bits,FLASH_CTLR,0x40022010,CR_BUF_LOAD,,,,,,c-sdk,CH32V006/EVT/EXAM/SRC/Peripheral/src/ch32v00X_flash.c,1046,#,single-source,evt:CH32V006/EVT/EXAM/SRC/Peripheral/src/ch32v00X_flash.c(L1046)
evt-v00x-iap,FLASH_ROM_WRITE,11,wait,FLASH_STATR,0x4002200c,,,,FLASH_STATR,SR_BSY,,c-sdk,CH32V006/EVT/EXAM/SRC/Peripheral/src/ch32v00X_flash.c,1047,#,single-source,evt:CH32V006/EVT/EXAM/SRC/Peripheral/src/ch32v00X_flash.c(L1047)
evt-v00x-iap,FLASH_ROM_WRITE,12,write,FLASH_ADDR,0x40022014,adr,,,,,,c-sdk,CH32V006/EVT/EXAM/SRC/Peripheral/src/ch32v00X_flash.c,1054,#,single-source,evt:CH32V006/EVT/EXAM/SRC/Peripheral/src/ch32v00X_flash.c(L1054)
evt-v00x-iap,FLASH_ROM_WRITE,13,set-bits,FLASH_CTLR,0x40022010,CR_STRT_Set,,,,,,c-sdk,CH32V006/EVT/EXAM/SRC/Peripheral/src/ch32v00X_flash.c,1055,#,single-source,evt:CH32V006/EVT/EXAM/SRC/Peripheral/src/ch32v00X_flash.c(L1055)
evt-v00x-iap,FLASH_ROM_WRITE,14,wait,FLASH_STATR,0x4002200c,,,,FLASH_STATR,SR_BSY,,c-sdk,CH32V006/EVT/EXAM/SRC/Peripheral/src/ch32v00X_flash.c,1056,#,single-source,evt:CH32V006/EVT/EXAM/SRC/Peripheral/src/ch32v00X_flash.c(L1056)
evt-v00x-iap,FLASH_ROM_WRITE,15,clear-bits,FLASH_CTLR,0x40022010,~CR_PAGE_PG,,,,,,c-sdk,CH32V006/EVT/EXAM/SRC/Peripheral/src/ch32v00X_flash.c,1058,#,single-source,evt:CH32V006/EVT/EXAM/SRC/Peripheral/src/ch32v00X_flash.c(L1058)
evt-v00x-iap,FLASH_ROM_WRITE,16,set-bits,FLASH_CTLR,0x40022010,CR_FLOCK_Set,,,,,,c-sdk,CH32V006/EVT/EXAM/SRC/Peripheral/src/ch32v00X_flash.c,1062,#,single-source,evt:CH32V006/EVT/EXAM/SRC/Peripheral/src/ch32v00X_flash.c(L1062)
evt-v00x-iap,FLASH_ROM_WRITE,17,set-bits,FLASH_CTLR,0x40022010,CR_LOCK_Set,,,,,,c-sdk,CH32V006/EVT/EXAM/SRC/Peripheral/src/ch32v00X_flash.c,1063,#,single-source,evt:CH32V006/EVT/EXAM/SRC/Peripheral/src/ch32v00X_flash.c(L1063)
evt-v00x-iap,FLASH_ROM_ERASE,0,write,FLASH_KEYR,0x40022004,FLASH_KEY1,,,,,,c-sdk,CH32V006/EVT/EXAM/SRC/Peripheral/src/ch32v00X_flash.c,879,#,single-source,evt:CH32V006/EVT/EXAM/SRC/Peripheral/src/ch32v00X_flash.c(L879)
evt-v00x-iap,FLASH_ROM_ERASE,1,write,FLASH_KEYR,0x40022004,FLASH_KEY2,,,,,,c-sdk,CH32V006/EVT/EXAM/SRC/Peripheral/src/ch32v00X_flash.c,880,#,single-source,evt:CH32V006/EVT/EXAM/SRC/Peripheral/src/ch32v00X_flash.c(L880)
evt-v00x-iap,FLASH_ROM_ERASE,2,write,FLASH_MODEKEYR,0x40022024,FLASH_KEY1,,,,,,c-sdk,CH32V006/EVT/EXAM/SRC/Peripheral/src/ch32v00X_flash.c,883,#,single-source,evt:CH32V006/EVT/EXAM/SRC/Peripheral/src/ch32v00X_flash.c(L883)
evt-v00x-iap,FLASH_ROM_ERASE,3,write,FLASH_MODEKEYR,0x40022024,FLASH_KEY2,,,,,,c-sdk,CH32V006/EVT/EXAM/SRC/Peripheral/src/ch32v00X_flash.c,884,#,single-source,evt:CH32V006/EVT/EXAM/SRC/Peripheral/src/ch32v00X_flash.c(L884)
evt-v00x-iap,FLASH_ROM_ERASE,4,set-bits,FLASH_CTLR,0x40022010,CR_FLOCK_Set,,,,,,c-sdk,CH32V006/EVT/EXAM/SRC/Peripheral/src/ch32v00X_flash.c,984,#,single-source,evt:CH32V006/EVT/EXAM/SRC/Peripheral/src/ch32v00X_flash.c(L984)
evt-v00x-iap,FLASH_ROM_ERASE,5,set-bits,FLASH_CTLR,0x40022010,CR_LOCK_Set,,,,,,c-sdk,CH32V006/EVT/EXAM/SRC/Peripheral/src/ch32v00X_flash.c,985,#,single-source,evt:CH32V006/EVT/EXAM/SRC/Peripheral/src/ch32v00X_flash.c(L985)
evt-v00x-iap,FLASH_BufReset,0,clear-bits,FLASH_CTLR,0x40022010,(CR_OPTER_Reset & CR_PAGE_ER_Reset),,,,,,c-sdk,CH32V006/EVT/EXAM/SRC/Peripheral/src/ch32v00X_flash.c,659,#,single-source,evt:CH32V006/EVT/EXAM/SRC/Peripheral/src/ch32v00X_flash.c(L659)
evt-v00x-iap,FLASH_BufReset,1,set-bits,FLASH_CTLR,0x40022010,CR_PAGE_PG,,,,,,c-sdk,CH32V006/EVT/EXAM/SRC/Peripheral/src/ch32v00X_flash.c,661,#,single-source,evt:CH32V006/EVT/EXAM/SRC/Peripheral/src/ch32v00X_flash.c(L661)
evt-v00x-iap,FLASH_BufReset,2,set-bits,FLASH_CTLR,0x40022010,CR_BUF_RST,,,,,,c-sdk,CH32V006/EVT/EXAM/SRC/Peripheral/src/ch32v00X_flash.c,662,#,single-source,evt:CH32V006/EVT/EXAM/SRC/Peripheral/src/ch32v00X_flash.c(L662)
evt-v00x-iap,FLASH_BufReset,3,wait,FLASH_STATR,0x4002200c,,,,FLASH_STATR,SR_BSY,,c-sdk,CH32V006/EVT/EXAM/SRC/Peripheral/src/ch32v00X_flash.c,663,#,single-source,evt:CH32V006/EVT/EXAM/SRC/Peripheral/src/ch32v00X_flash.c(L663)
evt-v00x-iap,FLASH_BufReset,4,clear-bits,FLASH_CTLR,0x40022010,~CR_PAGE_PG,,,,,,c-sdk,CH32V006/EVT/EXAM/SRC/Peripheral/src/ch32v00X_flash.c,665,#,single-source,evt:CH32V006/EVT/EXAM/SRC/Peripheral/src/ch32v00X_flash.c(L665)
evt-v00x-iap,FLASH_BufLoad,0,clear-bits,FLASH_CTLR,0x40022010,(CR_OPTER_Reset & CR_PAGE_ER_Reset),,,,,,c-sdk,CH32V006/EVT/EXAM/SRC/Peripheral/src/ch32v00X_flash.c,682,#,single-source,evt:CH32V006/EVT/EXAM/SRC/Peripheral/src/ch32v00X_flash.c(L682)
evt-v00x-iap,FLASH_BufLoad,1,set-bits,FLASH_CTLR,0x40022010,CR_PAGE_PG,,,,,,c-sdk,CH32V006/EVT/EXAM/SRC/Peripheral/src/ch32v00X_flash.c,684,#,single-source,evt:CH32V006/EVT/EXAM/SRC/Peripheral/src/ch32v00X_flash.c(L684)
evt-v00x-iap,FLASH_BufLoad,2,write,FLASH_BUF,,*(__IO uint32_t *)(Address) = Data0;,,,,,,c-sdk,CH32V006/EVT/EXAM/SRC/Peripheral/src/ch32v00X_flash.c,685,#,single-source,evt:CH32V006/EVT/EXAM/SRC/Peripheral/src/ch32v00X_flash.c(L685)
evt-v00x-iap,FLASH_BufLoad,3,set-bits,FLASH_CTLR,0x40022010,CR_BUF_LOAD,,,,,,c-sdk,CH32V006/EVT/EXAM/SRC/Peripheral/src/ch32v00X_flash.c,686,#,single-source,evt:CH32V006/EVT/EXAM/SRC/Peripheral/src/ch32v00X_flash.c(L686)
evt-v00x-iap,FLASH_BufLoad,4,wait,FLASH_STATR,0x4002200c,,,,FLASH_STATR,SR_BSY,,c-sdk,CH32V006/EVT/EXAM/SRC/Peripheral/src/ch32v00X_flash.c,687,#,single-source,evt:CH32V006/EVT/EXAM/SRC/Peripheral/src/ch32v00X_flash.c(L687)
evt-v00x-iap,FLASH_BufLoad,5,clear-bits,FLASH_CTLR,0x40022010,~CR_PAGE_PG,,,,,,c-sdk,CH32V006/EVT/EXAM/SRC/Peripheral/src/ch32v00X_flash.c,689,#,single-source,evt:CH32V006/EVT/EXAM/SRC/Peripheral/src/ch32v00X_flash.c(L689)
evt-v00x-iap,FLASH_Unlock,0,write,FLASH_KEYR,0x40022004,FLASH_KEY1,,,,,,c-sdk,CH32V006/EVT/EXAM/SRC/Peripheral/src/ch32v00X_flash.c,105,#,single-source,evt:CH32V006/EVT/EXAM/SRC/Peripheral/src/ch32v00X_flash.c(L105)
evt-v00x-iap,FLASH_Unlock,1,write,FLASH_KEYR,0x40022004,FLASH_KEY2,,,,,,c-sdk,CH32V006/EVT/EXAM/SRC/Peripheral/src/ch32v00X_flash.c,106,#,single-source,evt:CH32V006/EVT/EXAM/SRC/Peripheral/src/ch32v00X_flash.c(L106)
evt-v00x-iap,FLASH_Lock,0,set-bits,FLASH_CTLR,0x40022010,CR_LOCK_Set,,,,,,c-sdk,CH32V006/EVT/EXAM/SRC/Peripheral/src/ch32v00X_flash.c,118,#,single-source,evt:CH32V006/EVT/EXAM/SRC/Peripheral/src/ch32v00X_flash.c(L118)
evt-v103-iap,FLASH_Unlock_Fast,0,write,FLASH_KEYR,0x40022004,FLASH_KEY1,,,,,,c-sdk,CH32V103/EVT/EXAM/SRC/Peripheral/src/ch32v10x_flash.c,854,#,single-source,evt:CH32V103/EVT/EXAM/SRC/Peripheral/src/ch32v10x_flash.c(L854)
evt-v103-iap,FLASH_Unlock_Fast,1,write,FLASH_KEYR,0x40022004,FLASH_KEY2,,,,,,c-sdk,CH32V103/EVT/EXAM/SRC/Peripheral/src/ch32v10x_flash.c,855,#,single-source,evt:CH32V103/EVT/EXAM/SRC/Peripheral/src/ch32v10x_flash.c(L855)
evt-v103-iap,FLASH_Unlock_Fast,2,write,FLASH_MODEKEYR,0x40022024,FLASH_KEY1,,,,,,c-sdk,CH32V103/EVT/EXAM/SRC/Peripheral/src/ch32v10x_flash.c,858,#,single-source,evt:CH32V103/EVT/EXAM/SRC/Peripheral/src/ch32v10x_flash.c(L858)
evt-v103-iap,FLASH_Unlock_Fast,3,write,FLASH_MODEKEYR,0x40022024,FLASH_KEY2,,,,,,c-sdk,CH32V103/EVT/EXAM/SRC/Peripheral/src/ch32v10x_flash.c,859,#,single-source,evt:CH32V103/EVT/EXAM/SRC/Peripheral/src/ch32v10x_flash.c(L859)
evt-v103-iap,FLASH_Lock_Fast,0,set-bits,FLASH_CTLR,0x40022010,CR_FLOCK_Set,,,,,,c-sdk,CH32V103/EVT/EXAM/SRC/Peripheral/src/ch32v10x_flash.c,871,#,single-source,evt:CH32V103/EVT/EXAM/SRC/Peripheral/src/ch32v10x_flash.c(L871)
evt-v103-iap,FLASH_ProgramPage_Fast,0,set-bits,FLASH_CTLR,0x40022010,CR_PAGE_PG,,,,,,c-sdk,CH32V103/EVT/EXAM/SRC/Peripheral/src/ch32v10x_flash.c,956,#,single-source,evt:CH32V103/EVT/EXAM/SRC/Peripheral/src/ch32v10x_flash.c(L956)
evt-v103-iap,FLASH_ProgramPage_Fast,1,write,FLASH_ADDR,0x40022014,Page_Address,,,,,,c-sdk,CH32V103/EVT/EXAM/SRC/Peripheral/src/ch32v10x_flash.c,957,#,single-source,evt:CH32V103/EVT/EXAM/SRC/Peripheral/src/ch32v10x_flash.c(L957)
evt-v103-iap,FLASH_ProgramPage_Fast,2,set-bits,FLASH_CTLR,0x40022010,CR_STRT_Set,,,,,,c-sdk,CH32V103/EVT/EXAM/SRC/Peripheral/src/ch32v10x_flash.c,958,#,single-source,evt:CH32V103/EVT/EXAM/SRC/Peripheral/src/ch32v10x_flash.c(L958)
evt-v103-iap,FLASH_ProgramPage_Fast,3,wait,FLASH_STATR,0x4002200c,,,,FLASH_STATR,SR_BSY,,c-sdk,CH32V103/EVT/EXAM/SRC/Peripheral/src/ch32v10x_flash.c,959,#,single-source,evt:CH32V103/EVT/EXAM/SRC/Peripheral/src/ch32v10x_flash.c(L959)
evt-v103-iap,FLASH_ProgramPage_Fast,4,clear-bits,FLASH_CTLR,0x40022010,~CR_PAGE_PG,,,,,,c-sdk,CH32V103/EVT/EXAM/SRC/Peripheral/src/ch32v10x_flash.c,961,#,single-source,evt:CH32V103/EVT/EXAM/SRC/Peripheral/src/ch32v10x_flash.c(L961)
evt-v103-iap,FLASH_ProgramPage_Fast,5,write,FLASH_BUF,,*(__IO uint32_t*)0x40022034 = *(__IO uint32_t*)((Page_Addres,,,,,,c-sdk,CH32V103/EVT/EXAM/SRC/Peripheral/src/ch32v10x_flash.c,962,#,single-source,evt:CH32V103/EVT/EXAM/SRC/Peripheral/src/ch32v10x_flash.c(L962)
evt-v103-iap,FLASH_ErasePage_Fast,0,set-bits,FLASH_CTLR,0x40022010,CR_PAGE_ER,,,,,,c-sdk,CH32V103/EVT/EXAM/SRC/Peripheral/src/ch32v10x_flash.c,933,#,single-source,evt:CH32V103/EVT/EXAM/SRC/Peripheral/src/ch32v10x_flash.c(L933)
evt-v103-iap,FLASH_ErasePage_Fast,1,write,FLASH_ADDR,0x40022014,Page_Address,,,,,,c-sdk,CH32V103/EVT/EXAM/SRC/Peripheral/src/ch32v10x_flash.c,934,#,single-source,evt:CH32V103/EVT/EXAM/SRC/Peripheral/src/ch32v10x_flash.c(L934)
evt-v103-iap,FLASH_ErasePage_Fast,2,set-bits,FLASH_CTLR,0x40022010,CR_STRT_Set,,,,,,c-sdk,CH32V103/EVT/EXAM/SRC/Peripheral/src/ch32v10x_flash.c,935,#,single-source,evt:CH32V103/EVT/EXAM/SRC/Peripheral/src/ch32v10x_flash.c(L935)
evt-v103-iap,FLASH_ErasePage_Fast,3,wait,FLASH_STATR,0x4002200c,,,,FLASH_STATR,SR_BSY,,c-sdk,CH32V103/EVT/EXAM/SRC/Peripheral/src/ch32v10x_flash.c,936,#,single-source,evt:CH32V103/EVT/EXAM/SRC/Peripheral/src/ch32v10x_flash.c(L936)
evt-v103-iap,FLASH_ErasePage_Fast,4,clear-bits,FLASH_CTLR,0x40022010,~CR_PAGE_ER,,,,,,c-sdk,CH32V103/EVT/EXAM/SRC/Peripheral/src/ch32v10x_flash.c,938,#,single-source,evt:CH32V103/EVT/EXAM/SRC/Peripheral/src/ch32v10x_flash.c(L938)
evt-v103-iap,FLASH_ErasePage_Fast,5,write,FLASH_BUF,,*(__IO uint32_t*)0x40022034 = *(__IO uint32_t*)((Page_Addres,,,,,,c-sdk,CH32V103/EVT/EXAM/SRC/Peripheral/src/ch32v10x_flash.c,939,#,single-source,evt:CH32V103/EVT/EXAM/SRC/Peripheral/src/ch32v10x_flash.c(L939)
evt-v103-iap,FLASH_ROM_WRITE,0,write,FLASH_KEYR,0x40022004,FLASH_KEY1,,,,,,c-sdk,CH32V103/EVT/EXAM/SRC/Peripheral/src/ch32v10x_flash.c,1151,#,single-source,evt:CH32V103/EVT/EXAM/SRC/Peripheral/src/ch32v10x_flash.c(L1151)
evt-v103-iap,FLASH_ROM_WRITE,1,write,FLASH_KEYR,0x40022004,FLASH_KEY2,,,,,,c-sdk,CH32V103/EVT/EXAM/SRC/Peripheral/src/ch32v10x_flash.c,1152,#,single-source,evt:CH32V103/EVT/EXAM/SRC/Peripheral/src/ch32v10x_flash.c(L1152)
evt-v103-iap,FLASH_ROM_WRITE,2,write,FLASH_MODEKEYR,0x40022024,FLASH_KEY1,,,,,,c-sdk,CH32V103/EVT/EXAM/SRC/Peripheral/src/ch32v10x_flash.c,1155,#,single-source,evt:CH32V103/EVT/EXAM/SRC/Peripheral/src/ch32v10x_flash.c(L1155)
evt-v103-iap,FLASH_ROM_WRITE,3,write,FLASH_MODEKEYR,0x40022024,FLASH_KEY2,,,,,,c-sdk,CH32V103/EVT/EXAM/SRC/Peripheral/src/ch32v10x_flash.c,1156,#,single-source,evt:CH32V103/EVT/EXAM/SRC/Peripheral/src/ch32v10x_flash.c(L1156)
evt-v103-iap,FLASH_ROM_WRITE,4,set-bits,FLASH_CTLR,0x40022010,CR_PAGE_PG,,,,,,c-sdk,CH32V103/EVT/EXAM/SRC/Peripheral/src/ch32v10x_flash.c,1159,#,single-source,evt:CH32V103/EVT/EXAM/SRC/Peripheral/src/ch32v10x_flash.c(L1159)
evt-v103-iap,FLASH_ROM_WRITE,5,set-bits,FLASH_CTLR,0x40022010,CR_BUF_RST,,,,,,c-sdk,CH32V103/EVT/EXAM/SRC/Peripheral/src/ch32v10x_flash.c,1160,#,single-source,evt:CH32V103/EVT/EXAM/SRC/Peripheral/src/ch32v10x_flash.c(L1160)
evt-v103-iap,FLASH_ROM_WRITE,6,wait,FLASH_STATR,0x4002200c,,,,FLASH_STATR,SR_BSY,,c-sdk,CH32V103/EVT/EXAM/SRC/Peripheral/src/ch32v10x_flash.c,1161,#,single-source,evt:CH32V103/EVT/EXAM/SRC/Peripheral/src/ch32v10x_flash.c(L1161)
evt-v103-iap,FLASH_ROM_WRITE,7,loop-begin,,,size,,,,,size,c-sdk,CH32V103/EVT/EXAM/SRC/Peripheral/src/ch32v10x_flash.c,1164,#,single-source,evt:CH32V103/EVT/EXAM/SRC/Peripheral/src/ch32v10x_flash.c(L1164)
evt-v103-iap,FLASH_ROM_WRITE,8,write,FLASH_BUF,,*(__IO uint32_t *)(StartAddr) = *(uint32_t *)pbuf++;,,,,,,c-sdk,CH32V103/EVT/EXAM/SRC/Peripheral/src/ch32v10x_flash.c,1166,#,single-source,evt:CH32V103/EVT/EXAM/SRC/Peripheral/src/ch32v10x_flash.c(L1166)
evt-v103-iap,FLASH_ROM_WRITE,9,write,FLASH_BUF,,*(__IO uint32_t *)(StartAddr + 0x04) = *(uint32_t *)pbuf++;,,,,,,c-sdk,CH32V103/EVT/EXAM/SRC/Peripheral/src/ch32v10x_flash.c,1167,#,single-source,evt:CH32V103/EVT/EXAM/SRC/Peripheral/src/ch32v10x_flash.c(L1167)
evt-v103-iap,FLASH_ROM_WRITE,10,write,FLASH_BUF,,*(__IO uint32_t *)(StartAddr + 0x08) = *(uint32_t *)pbuf++;,,,,,,c-sdk,CH32V103/EVT/EXAM/SRC/Peripheral/src/ch32v10x_flash.c,1168,#,single-source,evt:CH32V103/EVT/EXAM/SRC/Peripheral/src/ch32v10x_flash.c(L1168)
evt-v103-iap,FLASH_ROM_WRITE,11,write,FLASH_BUF,,*(__IO uint32_t *)(StartAddr + 0x0C) = *(uint32_t *)pbuf++;,,,,,,c-sdk,CH32V103/EVT/EXAM/SRC/Peripheral/src/ch32v10x_flash.c,1169,#,single-source,evt:CH32V103/EVT/EXAM/SRC/Peripheral/src/ch32v10x_flash.c(L1169)
evt-v103-iap,FLASH_ROM_WRITE,12,set-bits,FLASH_CTLR,0x40022010,CR_BUF_LOAD,,,,,,c-sdk,CH32V103/EVT/EXAM/SRC/Peripheral/src/ch32v10x_flash.c,1170,#,single-source,evt:CH32V103/EVT/EXAM/SRC/Peripheral/src/ch32v10x_flash.c(L1170)
evt-v103-iap,FLASH_ROM_WRITE,13,wait,FLASH_STATR,0x4002200c,,,,FLASH_STATR,SR_BSY,,c-sdk,CH32V103/EVT/EXAM/SRC/Peripheral/src/ch32v10x_flash.c,1171,#,single-source,evt:CH32V103/EVT/EXAM/SRC/Peripheral/src/ch32v10x_flash.c(L1171)
evt-v103-iap,FLASH_ROM_WRITE,14,write,FLASH_BUF,,*(__IO uint32_t*)0x40022034 = *(__IO uint32_t*)((StartAddr &,,,,,,c-sdk,CH32V103/EVT/EXAM/SRC/Peripheral/src/ch32v10x_flash.c,1173,#,single-source,evt:CH32V103/EVT/EXAM/SRC/Peripheral/src/ch32v10x_flash.c(L1173)
evt-v103-iap,FLASH_ROM_WRITE,15,write,FLASH_ADDR,0x40022014,adr,,,,,,c-sdk,CH32V103/EVT/EXAM/SRC/Peripheral/src/ch32v10x_flash.c,1178,#,single-source,evt:CH32V103/EVT/EXAM/SRC/Peripheral/src/ch32v10x_flash.c(L1178)
evt-v103-iap,FLASH_ROM_WRITE,16,set-bits,FLASH_CTLR,0x40022010,CR_STRT_Set,,,,,,c-sdk,CH32V103/EVT/EXAM/SRC/Peripheral/src/ch32v10x_flash.c,1179,#,single-source,evt:CH32V103/EVT/EXAM/SRC/Peripheral/src/ch32v10x_flash.c(L1179)
evt-v103-iap,FLASH_ROM_WRITE,17,wait,FLASH_STATR,0x4002200c,,,,FLASH_STATR,SR_BSY,,c-sdk,CH32V103/EVT/EXAM/SRC/Peripheral/src/ch32v10x_flash.c,1180,#,single-source,evt:CH32V103/EVT/EXAM/SRC/Peripheral/src/ch32v10x_flash.c(L1180)
evt-v103-iap,FLASH_ROM_WRITE,18,clear-bits,FLASH_CTLR,0x40022010,~CR_PAGE_PG,,,,,,c-sdk,CH32V103/EVT/EXAM/SRC/Peripheral/src/ch32v10x_flash.c,1182,#,single-source,evt:CH32V103/EVT/EXAM/SRC/Peripheral/src/ch32v10x_flash.c(L1182)
evt-v103-iap,FLASH_ROM_WRITE,19,write,FLASH_BUF,,*(__IO uint32_t*)0x40022034 = *(__IO uint32_t*)((adr & 0xFFF,,,,,,c-sdk,CH32V103/EVT/EXAM/SRC/Peripheral/src/ch32v10x_flash.c,1183,#,single-source,evt:CH32V103/EVT/EXAM/SRC/Peripheral/src/ch32v10x_flash.c(L1183)
evt-v103-iap,FLASH_ROM_WRITE,20,set-bits,FLASH_CTLR,0x40022010,CR_FLOCK_Set,,,,,,c-sdk,CH32V103/EVT/EXAM/SRC/Peripheral/src/ch32v10x_flash.c,1187,#,single-source,evt:CH32V103/EVT/EXAM/SRC/Peripheral/src/ch32v10x_flash.c(L1187)
evt-v103-iap,FLASH_ROM_WRITE,21,set-bits,FLASH_CTLR,0x40022010,CR_LOCK_Set,,,,,,c-sdk,CH32V103/EVT/EXAM/SRC/Peripheral/src/ch32v10x_flash.c,1188,#,single-source,evt:CH32V103/EVT/EXAM/SRC/Peripheral/src/ch32v10x_flash.c(L1188)
evt-v103-iap,FLASH_ROM_ERASE,0,write,FLASH_KEYR,0x40022004,FLASH_KEY1,,,,,,c-sdk,CH32V103/EVT/EXAM/SRC/Peripheral/src/ch32v10x_flash.c,1043,#,single-source,evt:CH32V103/EVT/EXAM/SRC/Peripheral/src/ch32v10x_flash.c(L1043)
evt-v103-iap,FLASH_ROM_ERASE,1,write,FLASH_KEYR,0x40022004,FLASH_KEY2,,,,,,c-sdk,CH32V103/EVT/EXAM/SRC/Peripheral/src/ch32v10x_flash.c,1044,#,single-source,evt:CH32V103/EVT/EXAM/SRC/Peripheral/src/ch32v10x_flash.c(L1044)
evt-v103-iap,FLASH_ROM_ERASE,2,write,FLASH_MODEKEYR,0x40022024,FLASH_KEY1,,,,,,c-sdk,CH32V103/EVT/EXAM/SRC/Peripheral/src/ch32v10x_flash.c,1047,#,single-source,evt:CH32V103/EVT/EXAM/SRC/Peripheral/src/ch32v10x_flash.c(L1047)
evt-v103-iap,FLASH_ROM_ERASE,3,write,FLASH_MODEKEYR,0x40022024,FLASH_KEY2,,,,,,c-sdk,CH32V103/EVT/EXAM/SRC/Peripheral/src/ch32v10x_flash.c,1048,#,single-source,evt:CH32V103/EVT/EXAM/SRC/Peripheral/src/ch32v10x_flash.c(L1048)
evt-v103-iap,FLASH_ROM_ERASE,4,set-bits,FLASH_CTLR,0x40022010,CR_FLOCK_Set,,,,,,c-sdk,CH32V103/EVT/EXAM/SRC/Peripheral/src/ch32v10x_flash.c,1108,#,single-source,evt:CH32V103/EVT/EXAM/SRC/Peripheral/src/ch32v10x_flash.c(L1108)
evt-v103-iap,FLASH_ROM_ERASE,5,set-bits,FLASH_CTLR,0x40022010,CR_LOCK_Set,,,,,,c-sdk,CH32V103/EVT/EXAM/SRC/Peripheral/src/ch32v10x_flash.c,1109,#,single-source,evt:CH32V103/EVT/EXAM/SRC/Peripheral/src/ch32v10x_flash.c(L1109)
evt-v103-iap,FLASH_BufReset,0,set-bits,FLASH_CTLR,0x40022010,CR_PAGE_PG,,,,,,c-sdk,CH32V103/EVT/EXAM/SRC/Peripheral/src/ch32v10x_flash.c,883,#,single-source,evt:CH32V103/EVT/EXAM/SRC/Peripheral/src/ch32v10x_flash.c(L883)
evt-v103-iap,FLASH_BufReset,1,set-bits,FLASH_CTLR,0x40022010,CR_BUF_RST,,,,,,c-sdk,CH32V103/EVT/EXAM/SRC/Peripheral/src/ch32v10x_flash.c,884,#,single-source,evt:CH32V103/EVT/EXAM/SRC/Peripheral/src/ch32v10x_flash.c(L884)
evt-v103-iap,FLASH_BufReset,2,wait,FLASH_STATR,0x4002200c,,,,FLASH_STATR,SR_BSY,,c-sdk,CH32V103/EVT/EXAM/SRC/Peripheral/src/ch32v10x_flash.c,885,#,single-source,evt:CH32V103/EVT/EXAM/SRC/Peripheral/src/ch32v10x_flash.c(L885)
evt-v103-iap,FLASH_BufReset,3,clear-bits,FLASH_CTLR,0x40022010,~CR_PAGE_PG,,,,,,c-sdk,CH32V103/EVT/EXAM/SRC/Peripheral/src/ch32v10x_flash.c,887,#,single-source,evt:CH32V103/EVT/EXAM/SRC/Peripheral/src/ch32v10x_flash.c(L887)
evt-v103-iap,FLASH_BufLoad,0,set-bits,FLASH_CTLR,0x40022010,CR_PAGE_PG,,,,,,c-sdk,CH32V103/EVT/EXAM/SRC/Peripheral/src/ch32v10x_flash.c,907,#,single-source,evt:CH32V103/EVT/EXAM/SRC/Peripheral/src/ch32v10x_flash.c(L907)
evt-v103-iap,FLASH_BufLoad,1,write,FLASH_BUF,,*(__IO uint32_t *)(Address + 0x00) = Data0;,,,,,,c-sdk,CH32V103/EVT/EXAM/SRC/Peripheral/src/ch32v10x_flash.c,908,#,single-source,evt:CH32V103/EVT/EXAM/SRC/Peripheral/src/ch32v10x_flash.c(L908)
evt-v103-iap,FLASH_BufLoad,2,write,FLASH_BUF,,*(__IO uint32_t *)(Address + 0x04) = Data1;,,,,,,c-sdk,CH32V103/EVT/EXAM/SRC/Peripheral/src/ch32v10x_flash.c,909,#,single-source,evt:CH32V103/EVT/EXAM/SRC/Peripheral/src/ch32v10x_flash.c(L909)
evt-v103-iap,FLASH_BufLoad,3,write,FLASH_BUF,,*(__IO uint32_t *)(Address + 0x08) = Data2;,,,,,,c-sdk,CH32V103/EVT/EXAM/SRC/Peripheral/src/ch32v10x_flash.c,910,#,single-source,evt:CH32V103/EVT/EXAM/SRC/Peripheral/src/ch32v10x_flash.c(L910)
evt-v103-iap,FLASH_BufLoad,4,write,FLASH_BUF,,*(__IO uint32_t *)(Address + 0x0C) = Data3;,,,,,,c-sdk,CH32V103/EVT/EXAM/SRC/Peripheral/src/ch32v10x_flash.c,911,#,single-source,evt:CH32V103/EVT/EXAM/SRC/Peripheral/src/ch32v10x_flash.c(L911)
evt-v103-iap,FLASH_BufLoad,5,set-bits,FLASH_CTLR,0x40022010,CR_BUF_LOAD,,,,,,c-sdk,CH32V103/EVT/EXAM/SRC/Peripheral/src/ch32v10x_flash.c,912,#,single-source,evt:CH32V103/EVT/EXAM/SRC/Peripheral/src/ch32v10x_flash.c(L912)
evt-v103-iap,FLASH_BufLoad,6,wait,FLASH_STATR,0x4002200c,,,,FLASH_STATR,SR_BSY,,c-sdk,CH32V103/EVT/EXAM/SRC/Peripheral/src/ch32v10x_flash.c,913,#,single-source,evt:CH32V103/EVT/EXAM/SRC/Peripheral/src/ch32v10x_flash.c(L913)
evt-v103-iap,FLASH_BufLoad,7,clear-bits,FLASH_CTLR,0x40022010,~CR_PAGE_PG,,,,,,c-sdk,CH32V103/EVT/EXAM/SRC/Peripheral/src/ch32v10x_flash.c,915,#,single-source,evt:CH32V103/EVT/EXAM/SRC/Peripheral/src/ch32v10x_flash.c(L915)
evt-v103-iap,FLASH_BufLoad,8,write,FLASH_BUF,,*(__IO uint32_t*)0x40022034 = *(__IO uint32_t*)((Address & 0,,,,,,c-sdk,CH32V103/EVT/EXAM/SRC/Peripheral/src/ch32v10x_flash.c,916,#,single-source,evt:CH32V103/EVT/EXAM/SRC/Peripheral/src/ch32v10x_flash.c(L916)
evt-v103-iap,FLASH_Unlock,0,write,FLASH_KEYR,0x40022004,FLASH_KEY1,,,,,,c-sdk,CH32V103/EVT/EXAM/SRC/Peripheral/src/ch32v10x_flash.c,141,#,single-source,evt:CH32V103/EVT/EXAM/SRC/Peripheral/src/ch32v10x_flash.c(L141)
evt-v103-iap,FLASH_Unlock,1,write,FLASH_KEYR,0x40022004,FLASH_KEY2,,,,,,c-sdk,CH32V103/EVT/EXAM/SRC/Peripheral/src/ch32v10x_flash.c,142,#,single-source,evt:CH32V103/EVT/EXAM/SRC/Peripheral/src/ch32v10x_flash.c(L142)
evt-v103-iap,FLASH_Lock,0,set-bits,FLASH_CTLR,0x40022010,CR_LOCK_Set,,,,,,c-sdk,CH32V103/EVT/EXAM/SRC/Peripheral/src/ch32v10x_flash.c,168,#,single-source,evt:CH32V103/EVT/EXAM/SRC/Peripheral/src/ch32v10x_flash.c(L168)
evt-v205-iap,FLASH_Unlock_Fast,0,write,FLASH_KEYR,0x40022004,FLASH_KEY1,,,,,,c-sdk,CH32V205/EVT/EXAM/SRC/Peripheral/src/ch32v205_flash.c,639,#,single-source,evt:CH32V205/EVT/EXAM/SRC/Peripheral/src/ch32v205_flash.c(L639)
evt-v205-iap,FLASH_Unlock_Fast,1,write,FLASH_KEYR,0x40022004,FLASH_KEY2,,,,,,c-sdk,CH32V205/EVT/EXAM/SRC/Peripheral/src/ch32v205_flash.c,640,#,single-source,evt:CH32V205/EVT/EXAM/SRC/Peripheral/src/ch32v205_flash.c(L640)
evt-v205-iap,FLASH_Unlock_Fast,2,write,FLASH_MODEKEYR,0x40022024,FLASH_KEY1,,,,,,c-sdk,CH32V205/EVT/EXAM/SRC/Peripheral/src/ch32v205_flash.c,642,#,single-source,evt:CH32V205/EVT/EXAM/SRC/Peripheral/src/ch32v205_flash.c(L642)
evt-v205-iap,FLASH_Unlock_Fast,3,write,FLASH_MODEKEYR,0x40022024,FLASH_KEY2,,,,,,c-sdk,CH32V205/EVT/EXAM/SRC/Peripheral/src/ch32v205_flash.c,643,#,single-source,evt:CH32V205/EVT/EXAM/SRC/Peripheral/src/ch32v205_flash.c(L643)
evt-v205-iap,FLASH_Lock_Fast,0,set-bits,FLASH_CTLR,0x40022010,CR_FLOCK_Set,,,,,,c-sdk,CH32V205/EVT/EXAM/SRC/Peripheral/src/ch32v205_flash.c,655,#,single-source,evt:CH32V205/EVT/EXAM/SRC/Peripheral/src/ch32v205_flash.c(L655)
evt-v205-iap,FLASH_ProgramPage_Fast,0,clear-bits,FLASH_CTLR,0x40022010,(CR_OPTER_Reset & CR_PAGE_ER_Reset),,,,,,c-sdk,CH32V205/EVT/EXAM/SRC/Peripheral/src/ch32v205_flash.c,753,#,single-source,evt:CH32V205/EVT/EXAM/SRC/Peripheral/src/ch32v205_flash.c(L753)
evt-v205-iap,FLASH_ProgramPage_Fast,1,set-bits,FLASH_CTLR,0x40022010,CR_PAGE_PG,,,,,,c-sdk,CH32V205/EVT/EXAM/SRC/Peripheral/src/ch32v205_flash.c,755,#,single-source,evt:CH32V205/EVT/EXAM/SRC/Peripheral/src/ch32v205_flash.c(L755)
evt-v205-iap,FLASH_ProgramPage_Fast,2,write,FLASH_ADDR,0x40022014,Page_Address,,,,,,c-sdk,CH32V205/EVT/EXAM/SRC/Peripheral/src/ch32v205_flash.c,756,#,single-source,evt:CH32V205/EVT/EXAM/SRC/Peripheral/src/ch32v205_flash.c(L756)
evt-v205-iap,FLASH_ProgramPage_Fast,3,set-bits,FLASH_CTLR,0x40022010,CR_STRT_Set,,,,,,c-sdk,CH32V205/EVT/EXAM/SRC/Peripheral/src/ch32v205_flash.c,757,#,single-source,evt:CH32V205/EVT/EXAM/SRC/Peripheral/src/ch32v205_flash.c(L757)
evt-v205-iap,FLASH_ProgramPage_Fast,4,wait,FLASH_STATR,0x4002200c,,,,FLASH_STATR,SR_BSY,,c-sdk,CH32V205/EVT/EXAM/SRC/Peripheral/src/ch32v205_flash.c,758,#,single-source,evt:CH32V205/EVT/EXAM/SRC/Peripheral/src/ch32v205_flash.c(L758)
evt-v205-iap,FLASH_ProgramPage_Fast,5,clear-bits,FLASH_CTLR,0x40022010,~CR_PAGE_PG,,,,,,c-sdk,CH32V205/EVT/EXAM/SRC/Peripheral/src/ch32v205_flash.c,760,#,single-source,evt:CH32V205/EVT/EXAM/SRC/Peripheral/src/ch32v205_flash.c(L760)
evt-v205-iap,FLASH_ErasePage_Fast,0,clear-bits,FLASH_CTLR,0x40022010,(CR_OPTER_Reset & CR_PAGE_ER_Reset),,,,,,c-sdk,CH32V205/EVT/EXAM/SRC/Peripheral/src/ch32v205_flash.c,709,#,single-source,evt:CH32V205/EVT/EXAM/SRC/Peripheral/src/ch32v205_flash.c(L709)
evt-v205-iap,FLASH_ErasePage_Fast,1,set-bits,FLASH_CTLR,0x40022010,CR_PAGE_ER,,,,,,c-sdk,CH32V205/EVT/EXAM/SRC/Peripheral/src/ch32v205_flash.c,711,#,single-source,evt:CH32V205/EVT/EXAM/SRC/Peripheral/src/ch32v205_flash.c(L711)
evt-v205-iap,FLASH_ErasePage_Fast,2,write,FLASH_ADDR,0x40022014,Page_Address,,,,,,c-sdk,CH32V205/EVT/EXAM/SRC/Peripheral/src/ch32v205_flash.c,712,#,single-source,evt:CH32V205/EVT/EXAM/SRC/Peripheral/src/ch32v205_flash.c(L712)
evt-v205-iap,FLASH_ErasePage_Fast,3,set-bits,FLASH_CTLR,0x40022010,CR_STRT_Set,,,,,,c-sdk,CH32V205/EVT/EXAM/SRC/Peripheral/src/ch32v205_flash.c,713,#,single-source,evt:CH32V205/EVT/EXAM/SRC/Peripheral/src/ch32v205_flash.c(L713)
evt-v205-iap,FLASH_ErasePage_Fast,4,wait,FLASH_STATR,0x4002200c,,,,FLASH_STATR,SR_BSY,,c-sdk,CH32V205/EVT/EXAM/SRC/Peripheral/src/ch32v205_flash.c,714,#,single-source,evt:CH32V205/EVT/EXAM/SRC/Peripheral/src/ch32v205_flash.c(L714)
evt-v205-iap,FLASH_ErasePage_Fast,5,clear-bits,FLASH_CTLR,0x40022010,~CR_PAGE_ER,,,,,,c-sdk,CH32V205/EVT/EXAM/SRC/Peripheral/src/ch32v205_flash.c,716,#,single-source,evt:CH32V205/EVT/EXAM/SRC/Peripheral/src/ch32v205_flash.c(L716)
evt-v205-iap,FLASH_ROM_WRITE,0,write,FLASH_KEYR,0x40022004,FLASH_KEY1,,,,,,c-sdk,CH32V205/EVT/EXAM/SRC/Peripheral/src/ch32v205_flash.c,999,#,single-source,evt:CH32V205/EVT/EXAM/SRC/Peripheral/src/ch32v205_flash.c(L999)
evt-v205-iap,FLASH_ROM_WRITE,1,write,FLASH_KEYR,0x40022004,FLASH_KEY2,,,,,,c-sdk,CH32V205/EVT/EXAM/SRC/Peripheral/src/ch32v205_flash.c,1000,#,single-source,evt:CH32V205/EVT/EXAM/SRC/Peripheral/src/ch32v205_flash.c(L1000)
evt-v205-iap,FLASH_ROM_WRITE,2,write,FLASH_MODEKEYR,0x40022024,FLASH_KEY1,,,,,,c-sdk,CH32V205/EVT/EXAM/SRC/Peripheral/src/ch32v205_flash.c,1003,#,single-source,evt:CH32V205/EVT/EXAM/SRC/Peripheral/src/ch32v205_flash.c(L1003)
evt-v205-iap,FLASH_ROM_WRITE,3,write,FLASH_MODEKEYR,0x40022024,FLASH_KEY2,,,,,,c-sdk,CH32V205/EVT/EXAM/SRC/Peripheral/src/ch32v205_flash.c,1004,#,single-source,evt:CH32V205/EVT/EXAM/SRC/Peripheral/src/ch32v205_flash.c(L1004)
evt-v205-iap,FLASH_ROM_WRITE,4,clear-bits,FLASH_CTLR,0x40022010,(CR_OPTER_Reset & CR_PAGE_ER_Reset),,,,,,c-sdk,CH32V205/EVT/EXAM/SRC/Peripheral/src/ch32v205_flash.c,1006,#,single-source,evt:CH32V205/EVT/EXAM/SRC/Peripheral/src/ch32v205_flash.c(L1006)
evt-v205-iap,FLASH_ROM_WRITE,5,set-bits,FLASH_CTLR,0x40022010,CR_PAGE_PG,,,,,,c-sdk,CH32V205/EVT/EXAM/SRC/Peripheral/src/ch32v205_flash.c,1009,#,single-source,evt:CH32V205/EVT/EXAM/SRC/Peripheral/src/ch32v205_flash.c(L1009)
evt-v205-iap,FLASH_ROM_WRITE,6,set-bits,FLASH_CTLR,0x40022010,CR_BUF_RST,,,,,,c-sdk,CH32V205/EVT/EXAM/SRC/Peripheral/src/ch32v205_flash.c,1010,#,single-source,evt:CH32V205/EVT/EXAM/SRC/Peripheral/src/ch32v205_flash.c(L1010)
evt-v205-iap,FLASH_ROM_WRITE,7,wait,FLASH_STATR,0x4002200c,,,,FLASH_STATR,SR_BSY,,c-sdk,CH32V205/EVT/EXAM/SRC/Peripheral/src/ch32v205_flash.c,1011,#,single-source,evt:CH32V205/EVT/EXAM/SRC/Peripheral/src/ch32v205_flash.c(L1011)
evt-v205-iap,FLASH_ROM_WRITE,8,loop-begin,,,size,,,,,size,c-sdk,CH32V205/EVT/EXAM/SRC/Peripheral/src/ch32v205_flash.c,1014,#,single-source,evt:CH32V205/EVT/EXAM/SRC/Peripheral/src/ch32v205_flash.c(L1014)
evt-v205-iap,FLASH_ROM_WRITE,9,write,FLASH_BUF,,*(uint32_t *)StartAddr = *(uint32_t *)pbuf;,,,,,,c-sdk,CH32V205/EVT/EXAM/SRC/Peripheral/src/ch32v205_flash.c,1016,#,single-source,evt:CH32V205/EVT/EXAM/SRC/Peripheral/src/ch32v205_flash.c(L1016)
evt-v205-iap,FLASH_ROM_WRITE,10,set-bits,FLASH_CTLR,0x40022010,CR_BUF_LOAD,,,,,,c-sdk,CH32V205/EVT/EXAM/SRC/Peripheral/src/ch32v205_flash.c,1017,#,single-source,evt:CH32V205/EVT/EXAM/SRC/Peripheral/src/ch32v205_flash.c(L1017)
evt-v205-iap,FLASH_ROM_WRITE,11,wait,FLASH_STATR,0x4002200c,,,,FLASH_STATR,SR_BSY,,c-sdk,CH32V205/EVT/EXAM/SRC/Peripheral/src/ch32v205_flash.c,1018,#,single-source,evt:CH32V205/EVT/EXAM/SRC/Peripheral/src/ch32v205_flash.c(L1018)
evt-v205-iap,FLASH_ROM_WRITE,12,write,FLASH_ADDR,0x40022014,adr,,,,,,c-sdk,CH32V205/EVT/EXAM/SRC/Peripheral/src/ch32v205_flash.c,1025,#,single-source,evt:CH32V205/EVT/EXAM/SRC/Peripheral/src/ch32v205_flash.c(L1025)
evt-v205-iap,FLASH_ROM_WRITE,13,set-bits,FLASH_CTLR,0x40022010,CR_STRT_Set,,,,,,c-sdk,CH32V205/EVT/EXAM/SRC/Peripheral/src/ch32v205_flash.c,1026,#,single-source,evt:CH32V205/EVT/EXAM/SRC/Peripheral/src/ch32v205_flash.c(L1026)
evt-v205-iap,FLASH_ROM_WRITE,14,wait,FLASH_STATR,0x4002200c,,,,FLASH_STATR,SR_BSY,,c-sdk,CH32V205/EVT/EXAM/SRC/Peripheral/src/ch32v205_flash.c,1027,#,single-source,evt:CH32V205/EVT/EXAM/SRC/Peripheral/src/ch32v205_flash.c(L1027)
evt-v205-iap,FLASH_ROM_WRITE,15,clear-bits,FLASH_CTLR,0x40022010,~CR_PAGE_PG,,,,,,c-sdk,CH32V205/EVT/EXAM/SRC/Peripheral/src/ch32v205_flash.c,1029,#,single-source,evt:CH32V205/EVT/EXAM/SRC/Peripheral/src/ch32v205_flash.c(L1029)
evt-v205-iap,FLASH_ROM_WRITE,16,set-bits,FLASH_CTLR,0x40022010,CR_FLOCK_Set,,,,,,c-sdk,CH32V205/EVT/EXAM/SRC/Peripheral/src/ch32v205_flash.c,1033,#,single-source,evt:CH32V205/EVT/EXAM/SRC/Peripheral/src/ch32v205_flash.c(L1033)
evt-v205-iap,FLASH_ROM_WRITE,17,set-bits,FLASH_CTLR,0x40022010,CR_LOCK_Set,,,,,,c-sdk,CH32V205/EVT/EXAM/SRC/Peripheral/src/ch32v205_flash.c,1034,#,single-source,evt:CH32V205/EVT/EXAM/SRC/Peripheral/src/ch32v205_flash.c(L1034)
evt-v205-iap,FLASH_ROM_ERASE,0,write,FLASH_KEYR,0x40022004,FLASH_KEY1,,,,,,c-sdk,CH32V205/EVT/EXAM/SRC/Peripheral/src/ch32v205_flash.c,850,#,single-source,evt:CH32V205/EVT/EXAM/SRC/Peripheral/src/ch32v205_flash.c(L850)
evt-v205-iap,FLASH_ROM_ERASE,1,write,FLASH_KEYR,0x40022004,FLASH_KEY2,,,,,,c-sdk,CH32V205/EVT/EXAM/SRC/Peripheral/src/ch32v205_flash.c,851,#,single-source,evt:CH32V205/EVT/EXAM/SRC/Peripheral/src/ch32v205_flash.c(L851)
evt-v205-iap,FLASH_ROM_ERASE,2,write,FLASH_MODEKEYR,0x40022024,FLASH_KEY1,,,,,,c-sdk,CH32V205/EVT/EXAM/SRC/Peripheral/src/ch32v205_flash.c,854,#,single-source,evt:CH32V205/EVT/EXAM/SRC/Peripheral/src/ch32v205_flash.c(L854)
evt-v205-iap,FLASH_ROM_ERASE,3,write,FLASH_MODEKEYR,0x40022024,FLASH_KEY2,,,,,,c-sdk,CH32V205/EVT/EXAM/SRC/Peripheral/src/ch32v205_flash.c,855,#,single-source,evt:CH32V205/EVT/EXAM/SRC/Peripheral/src/ch32v205_flash.c(L855)
evt-v205-iap,FLASH_ROM_ERASE,4,set-bits,FLASH_CTLR,0x40022010,CR_FLOCK_Set,,,,,,c-sdk,CH32V205/EVT/EXAM/SRC/Peripheral/src/ch32v205_flash.c,955,#,single-source,evt:CH32V205/EVT/EXAM/SRC/Peripheral/src/ch32v205_flash.c(L955)
evt-v205-iap,FLASH_ROM_ERASE,5,set-bits,FLASH_CTLR,0x40022010,CR_LOCK_Set,,,,,,c-sdk,CH32V205/EVT/EXAM/SRC/Peripheral/src/ch32v205_flash.c,956,#,single-source,evt:CH32V205/EVT/EXAM/SRC/Peripheral/src/ch32v205_flash.c(L956)
evt-v205-iap,FLASH_BufReset,0,clear-bits,FLASH_CTLR,0x40022010,(CR_OPTER_Reset & CR_PAGE_ER_Reset),,,,,,c-sdk,CH32V205/EVT/EXAM/SRC/Peripheral/src/ch32v205_flash.c,667,#,single-source,evt:CH32V205/EVT/EXAM/SRC/Peripheral/src/ch32v205_flash.c(L667)
evt-v205-iap,FLASH_BufReset,1,set-bits,FLASH_CTLR,0x40022010,CR_PAGE_PG,,,,,,c-sdk,CH32V205/EVT/EXAM/SRC/Peripheral/src/ch32v205_flash.c,669,#,single-source,evt:CH32V205/EVT/EXAM/SRC/Peripheral/src/ch32v205_flash.c(L669)
evt-v205-iap,FLASH_BufReset,2,set-bits,FLASH_CTLR,0x40022010,CR_BUF_RST,,,,,,c-sdk,CH32V205/EVT/EXAM/SRC/Peripheral/src/ch32v205_flash.c,670,#,single-source,evt:CH32V205/EVT/EXAM/SRC/Peripheral/src/ch32v205_flash.c(L670)
evt-v205-iap,FLASH_BufReset,3,wait,FLASH_STATR,0x4002200c,,,,FLASH_STATR,SR_BSY,,c-sdk,CH32V205/EVT/EXAM/SRC/Peripheral/src/ch32v205_flash.c,671,#,single-source,evt:CH32V205/EVT/EXAM/SRC/Peripheral/src/ch32v205_flash.c(L671)
evt-v205-iap,FLASH_BufReset,4,clear-bits,FLASH_CTLR,0x40022010,~CR_PAGE_PG,,,,,,c-sdk,CH32V205/EVT/EXAM/SRC/Peripheral/src/ch32v205_flash.c,673,#,single-source,evt:CH32V205/EVT/EXAM/SRC/Peripheral/src/ch32v205_flash.c(L673)
evt-v205-iap,FLASH_BufLoad,0,clear-bits,FLASH_CTLR,0x40022010,(CR_OPTER_Reset & CR_PAGE_ER_Reset),,,,,,c-sdk,CH32V205/EVT/EXAM/SRC/Peripheral/src/ch32v205_flash.c,688,#,single-source,evt:CH32V205/EVT/EXAM/SRC/Peripheral/src/ch32v205_flash.c(L688)
evt-v205-iap,FLASH_BufLoad,1,set-bits,FLASH_CTLR,0x40022010,CR_PAGE_PG,,,,,,c-sdk,CH32V205/EVT/EXAM/SRC/Peripheral/src/ch32v205_flash.c,690,#,single-source,evt:CH32V205/EVT/EXAM/SRC/Peripheral/src/ch32v205_flash.c(L690)
evt-v205-iap,FLASH_BufLoad,2,write,FLASH_BUF,,*(__IO uint32_t *)(Address) = Data0;,,,,,,c-sdk,CH32V205/EVT/EXAM/SRC/Peripheral/src/ch32v205_flash.c,691,#,single-source,evt:CH32V205/EVT/EXAM/SRC/Peripheral/src/ch32v205_flash.c(L691)
evt-v205-iap,FLASH_BufLoad,3,set-bits,FLASH_CTLR,0x40022010,CR_BUF_LOAD,,,,,,c-sdk,CH32V205/EVT/EXAM/SRC/Peripheral/src/ch32v205_flash.c,692,#,single-source,evt:CH32V205/EVT/EXAM/SRC/Peripheral/src/ch32v205_flash.c(L692)
evt-v205-iap,FLASH_BufLoad,4,wait,FLASH_STATR,0x4002200c,,,,FLASH_STATR,SR_BSY,,c-sdk,CH32V205/EVT/EXAM/SRC/Peripheral/src/ch32v205_flash.c,693,#,single-source,evt:CH32V205/EVT/EXAM/SRC/Peripheral/src/ch32v205_flash.c(L693)
evt-v205-iap,FLASH_BufLoad,5,clear-bits,FLASH_CTLR,0x40022010,~CR_PAGE_PG,,,,,,c-sdk,CH32V205/EVT/EXAM/SRC/Peripheral/src/ch32v205_flash.c,695,#,single-source,evt:CH32V205/EVT/EXAM/SRC/Peripheral/src/ch32v205_flash.c(L695)
evt-v205-iap,FLASH_Unlock,0,write,FLASH_KEYR,0x40022004,FLASH_KEY1,,,,,,c-sdk,CH32V205/EVT/EXAM/SRC/Peripheral/src/ch32v205_flash.c,113,#,single-source,evt:CH32V205/EVT/EXAM/SRC/Peripheral/src/ch32v205_flash.c(L113)
evt-v205-iap,FLASH_Unlock,1,write,FLASH_KEYR,0x40022004,FLASH_KEY2,,,,,,c-sdk,CH32V205/EVT/EXAM/SRC/Peripheral/src/ch32v205_flash.c,114,#,single-source,evt:CH32V205/EVT/EXAM/SRC/Peripheral/src/ch32v205_flash.c(L114)
evt-v205-iap,FLASH_Lock,0,set-bits,FLASH_CTLR,0x40022010,CR_LOCK_Set,,,,,,c-sdk,CH32V205/EVT/EXAM/SRC/Peripheral/src/ch32v205_flash.c,126,#,single-source,evt:CH32V205/EVT/EXAM/SRC/Peripheral/src/ch32v205_flash.c(L126)
evt-v20x-iap,FLASH_Unlock_Fast,0,write,FLASH_KEYR,0x40022004,FLASH_KEY1,,,,,,c-sdk,CH32V20x/EVT/EXAM/SRC/Peripheral/src/ch32v20x_flash.c,820,#,single-source,evt:CH32V20x/EVT/EXAM/SRC/Peripheral/src/ch32v20x_flash.c(L820)
evt-v20x-iap,FLASH_Unlock_Fast,1,write,FLASH_KEYR,0x40022004,FLASH_KEY2,,,,,,c-sdk,CH32V20x/EVT/EXAM/SRC/Peripheral/src/ch32v20x_flash.c,821,#,single-source,evt:CH32V20x/EVT/EXAM/SRC/Peripheral/src/ch32v20x_flash.c(L821)
evt-v20x-iap,FLASH_Unlock_Fast,2,write,FLASH_MODEKEYR,0x40022024,FLASH_KEY1,,,,,,c-sdk,CH32V20x/EVT/EXAM/SRC/Peripheral/src/ch32v20x_flash.c,824,#,single-source,evt:CH32V20x/EVT/EXAM/SRC/Peripheral/src/ch32v20x_flash.c(L824)
evt-v20x-iap,FLASH_Unlock_Fast,3,write,FLASH_MODEKEYR,0x40022024,FLASH_KEY2,,,,,,c-sdk,CH32V20x/EVT/EXAM/SRC/Peripheral/src/ch32v20x_flash.c,825,#,single-source,evt:CH32V20x/EVT/EXAM/SRC/Peripheral/src/ch32v20x_flash.c(L825)
evt-v20x-iap,FLASH_Lock_Fast,0,set-bits,FLASH_CTLR,0x40022010,CR_FLOCK_Set,,,,,,c-sdk,CH32V20x/EVT/EXAM/SRC/Peripheral/src/ch32v20x_flash.c,837,#,single-source,evt:CH32V20x/EVT/EXAM/SRC/Peripheral/src/ch32v20x_flash.c(L837)
evt-v20x-iap,FLASH_ProgramPage_Fast,0,set-bits,FLASH_CTLR,0x40022010,CR_PAGE_PG,,,,,,c-sdk,CH32V20x/EVT/EXAM/SRC/Peripheral/src/ch32v20x_flash.c,895,#,single-source,evt:CH32V20x/EVT/EXAM/SRC/Peripheral/src/ch32v20x_flash.c(L895)
evt-v20x-iap,FLASH_ProgramPage_Fast,1,wait,FLASH_STATR,0x4002200c,,,,FLASH_STATR,SR_BSY,,c-sdk,CH32V20x/EVT/EXAM/SRC/Peripheral/src/ch32v20x_flash.c,896,#,single-source,evt:CH32V20x/EVT/EXAM/SRC/Peripheral/src/ch32v20x_flash.c(L896)
evt-v20x-iap,FLASH_ProgramPage_Fast,2,wait,FLASH_STATR,0x4002200c,,,,FLASH_STATR,SR_WR_BSY,,c-sdk,CH32V20x/EVT/EXAM/SRC/Peripheral/src/ch32v20x_flash.c,897,#,single-source,evt:CH32V20x/EVT/EXAM/SRC/Peripheral/src/ch32v20x_flash.c(L897)
evt-v20x-iap,FLASH_ProgramPage_Fast,3,loop-begin,,,size,,,,,size,c-sdk,CH32V20x/EVT/EXAM/SRC/Peripheral/src/ch32v20x_flash.c,899,#,single-source,evt:CH32V20x/EVT/EXAM/SRC/Peripheral/src/ch32v20x_flash.c(L899)
evt-v20x-iap,FLASH_ProgramPage_Fast,4,write,FLASH_BUF,,*(uint32_t *)Page_Address = *(uint32_t *)pbuf;,,,,,,c-sdk,CH32V20x/EVT/EXAM/SRC/Peripheral/src/ch32v20x_flash.c,901,#,single-source,evt:CH32V20x/EVT/EXAM/SRC/Peripheral/src/ch32v20x_flash.c(L901)
evt-v20x-iap,FLASH_ProgramPage_Fast,5,wait,FLASH_STATR,0x4002200c,,,,FLASH_STATR,SR_WR_BSY,,c-sdk,CH32V20x/EVT/EXAM/SRC/Peripheral/src/ch32v20x_flash.c,905,#,single-source,evt:CH32V20x/EVT/EXAM/SRC/Peripheral/src/ch32v20x_flash.c(L905)
evt-v20x-iap,FLASH_ProgramPage_Fast,6,set-bits,FLASH_CTLR,0x40022010,CR_PG_STRT,,,,,,c-sdk,CH32V20x/EVT/EXAM/SRC/Peripheral/src/ch32v20x_flash.c,908,#,single-source,evt:CH32V20x/EVT/EXAM/SRC/Peripheral/src/ch32v20x_flash.c(L908)
evt-v20x-iap,FLASH_ProgramPage_Fast,7,wait,FLASH_STATR,0x4002200c,,,,FLASH_STATR,SR_BSY,,c-sdk,CH32V20x/EVT/EXAM/SRC/Peripheral/src/ch32v20x_flash.c,909,#,single-source,evt:CH32V20x/EVT/EXAM/SRC/Peripheral/src/ch32v20x_flash.c(L909)
evt-v20x-iap,FLASH_ProgramPage_Fast,8,clear-bits,FLASH_CTLR,0x40022010,~CR_PAGE_PG,,,,,,c-sdk,CH32V20x/EVT/EXAM/SRC/Peripheral/src/ch32v20x_flash.c,910,#,single-source,evt:CH32V20x/EVT/EXAM/SRC/Peripheral/src/ch32v20x_flash.c(L910)
evt-v20x-iap,FLASH_ErasePage_Fast,0,set-bits,FLASH_CTLR,0x40022010,CR_PAGE_ER,,,,,,c-sdk,CH32V20x/EVT/EXAM/SRC/Peripheral/src/ch32v20x_flash.c,853,#,single-source,evt:CH32V20x/EVT/EXAM/SRC/Peripheral/src/ch32v20x_flash.c(L853)
evt-v20x-iap,FLASH_ErasePage_Fast,1,write,FLASH_ADDR,0x40022014,Page_Address,,,,,,c-sdk,CH32V20x/EVT/EXAM/SRC/Peripheral/src/ch32v20x_flash.c,854,#,single-source,evt:CH32V20x/EVT/EXAM/SRC/Peripheral/src/ch32v20x_flash.c(L854)
evt-v20x-iap,FLASH_ErasePage_Fast,2,set-bits,FLASH_CTLR,0x40022010,CR_STRT_Set,,,,,,c-sdk,CH32V20x/EVT/EXAM/SRC/Peripheral/src/ch32v20x_flash.c,855,#,single-source,evt:CH32V20x/EVT/EXAM/SRC/Peripheral/src/ch32v20x_flash.c(L855)
evt-v20x-iap,FLASH_ErasePage_Fast,3,wait,FLASH_STATR,0x4002200c,,,,FLASH_STATR,SR_BSY,,c-sdk,CH32V20x/EVT/EXAM/SRC/Peripheral/src/ch32v20x_flash.c,856,#,single-source,evt:CH32V20x/EVT/EXAM/SRC/Peripheral/src/ch32v20x_flash.c(L856)
evt-v20x-iap,FLASH_ErasePage_Fast,4,clear-bits,FLASH_CTLR,0x40022010,~CR_PAGE_ER,,,,,,c-sdk,CH32V20x/EVT/EXAM/SRC/Peripheral/src/ch32v20x_flash.c,857,#,single-source,evt:CH32V20x/EVT/EXAM/SRC/Peripheral/src/ch32v20x_flash.c(L857)
evt-v20x-iap,FLASH_ROM_WRITE,0,write,FLASH_KEYR,0x40022004,FLASH_KEY1,,,,,,c-sdk,CH32V20x/EVT/EXAM/SRC/Peripheral/src/ch32v20x_flash.c,1208,#,single-source,evt:CH32V20x/EVT/EXAM/SRC/Peripheral/src/ch32v20x_flash.c(L1208)
evt-v20x-iap,FLASH_ROM_WRITE,1,write,FLASH_KEYR,0x40022004,FLASH_KEY2,,,,,,c-sdk,CH32V20x/EVT/EXAM/SRC/Peripheral/src/ch32v20x_flash.c,1209,#,single-source,evt:CH32V20x/EVT/EXAM/SRC/Peripheral/src/ch32v20x_flash.c(L1209)
evt-v20x-iap,FLASH_ROM_WRITE,2,write,FLASH_MODEKEYR,0x40022024,FLASH_KEY1,,,,,,c-sdk,CH32V20x/EVT/EXAM/SRC/Peripheral/src/ch32v20x_flash.c,1212,#,single-source,evt:CH32V20x/EVT/EXAM/SRC/Peripheral/src/ch32v20x_flash.c(L1212)
evt-v20x-iap,FLASH_ROM_WRITE,3,write,FLASH_MODEKEYR,0x40022024,FLASH_KEY2,,,,,,c-sdk,CH32V20x/EVT/EXAM/SRC/Peripheral/src/ch32v20x_flash.c,1213,#,single-source,evt:CH32V20x/EVT/EXAM/SRC/Peripheral/src/ch32v20x_flash.c(L1213)
evt-v20x-iap,FLASH_ROM_WRITE,4,set-bits,FLASH_CTLR,0x40022010,CR_PAGE_PG,,,,,,c-sdk,CH32V20x/EVT/EXAM/SRC/Peripheral/src/ch32v20x_flash.c,1216,#,single-source,evt:CH32V20x/EVT/EXAM/SRC/Peripheral/src/ch32v20x_flash.c(L1216)
evt-v20x-iap,FLASH_ROM_WRITE,5,wait,FLASH_STATR,0x4002200c,,,,FLASH_STATR,SR_BSY,,c-sdk,CH32V20x/EVT/EXAM/SRC/Peripheral/src/ch32v20x_flash.c,1217,#,single-source,evt:CH32V20x/EVT/EXAM/SRC/Peripheral/src/ch32v20x_flash.c(L1217)
evt-v20x-iap,FLASH_ROM_WRITE,6,wait,FLASH_STATR,0x4002200c,,,,FLASH_STATR,SR_WR_BSY,,c-sdk,CH32V20x/EVT/EXAM/SRC/Peripheral/src/ch32v20x_flash.c,1219,#,single-source,evt:CH32V20x/EVT/EXAM/SRC/Peripheral/src/ch32v20x_flash.c(L1219)
evt-v20x-iap,FLASH_ROM_WRITE,7,loop-begin,,,size,,,,,size,c-sdk,CH32V20x/EVT/EXAM/SRC/Peripheral/src/ch32v20x_flash.c,1222,#,single-source,evt:CH32V20x/EVT/EXAM/SRC/Peripheral/src/ch32v20x_flash.c(L1222)
evt-v20x-iap,FLASH_ROM_WRITE,8,write,FLASH_BUF,,*(uint32_t *)StartAddr = *(uint32_t *)pbuf;,,,,,,c-sdk,CH32V20x/EVT/EXAM/SRC/Peripheral/src/ch32v20x_flash.c,1224,#,single-source,evt:CH32V20x/EVT/EXAM/SRC/Peripheral/src/ch32v20x_flash.c(L1224)
evt-v20x-iap,FLASH_ROM_WRITE,9,wait,FLASH_STATR,0x4002200c,,,,FLASH_STATR,SR_WR_BSY,,c-sdk,CH32V20x/EVT/EXAM/SRC/Peripheral/src/ch32v20x_flash.c,1228,#,single-source,evt:CH32V20x/EVT/EXAM/SRC/Peripheral/src/ch32v20x_flash.c(L1228)
evt-v20x-iap,FLASH_ROM_WRITE,10,set-bits,FLASH_CTLR,0x40022010,CR_PG_STRT,,,,,,c-sdk,CH32V20x/EVT/EXAM/SRC/Peripheral/src/ch32v20x_flash.c,1232,#,single-source,evt:CH32V20x/EVT/EXAM/SRC/Peripheral/src/ch32v20x_flash.c(L1232)
evt-v20x-iap,FLASH_ROM_WRITE,11,wait,FLASH_STATR,0x4002200c,,,,FLASH_STATR,SR_BSY,,c-sdk,CH32V20x/EVT/EXAM/SRC/Peripheral/src/ch32v20x_flash.c,1233,#,single-source,evt:CH32V20x/EVT/EXAM/SRC/Peripheral/src/ch32v20x_flash.c(L1233)
evt-v20x-iap,FLASH_ROM_WRITE,12,clear-bits,FLASH_CTLR,0x40022010,~CR_PAGE_PG,,,,,,c-sdk,CH32V20x/EVT/EXAM/SRC/Peripheral/src/ch32v20x_flash.c,1235,#,single-source,evt:CH32V20x/EVT/EXAM/SRC/Peripheral/src/ch32v20x_flash.c(L1235)
evt-v20x-iap,FLASH_ROM_WRITE,13,set-bits,FLASH_CTLR,0x40022010,CR_FLOCK_Set,,,,,,c-sdk,CH32V20x/EVT/EXAM/SRC/Peripheral/src/ch32v20x_flash.c,1238,#,single-source,evt:CH32V20x/EVT/EXAM/SRC/Peripheral/src/ch32v20x_flash.c(L1238)
evt-v20x-iap,FLASH_ROM_WRITE,14,set-bits,FLASH_CTLR,0x40022010,CR_LOCK_Set,,,,,,c-sdk,CH32V20x/EVT/EXAM/SRC/Peripheral/src/ch32v20x_flash.c,1239,#,single-source,evt:CH32V20x/EVT/EXAM/SRC/Peripheral/src/ch32v20x_flash.c(L1239)
evt-v20x-iap,FLASH_ROM_ERASE,0,write,FLASH_KEYR,0x40022004,FLASH_KEY1,,,,,,c-sdk,CH32V20x/EVT/EXAM/SRC/Peripheral/src/ch32v20x_flash.c,1060,#,single-source,evt:CH32V20x/EVT/EXAM/SRC/Peripheral/src/ch32v20x_flash.c(L1060)
evt-v20x-iap,FLASH_ROM_ERASE,1,write,FLASH_KEYR,0x40022004,FLASH_KEY2,,,,,,c-sdk,CH32V20x/EVT/EXAM/SRC/Peripheral/src/ch32v20x_flash.c,1061,#,single-source,evt:CH32V20x/EVT/EXAM/SRC/Peripheral/src/ch32v20x_flash.c(L1061)
evt-v20x-iap,FLASH_ROM_ERASE,2,write,FLASH_MODEKEYR,0x40022024,FLASH_KEY1,,,,,,c-sdk,CH32V20x/EVT/EXAM/SRC/Peripheral/src/ch32v20x_flash.c,1064,#,single-source,evt:CH32V20x/EVT/EXAM/SRC/Peripheral/src/ch32v20x_flash.c(L1064)
evt-v20x-iap,FLASH_ROM_ERASE,3,write,FLASH_MODEKEYR,0x40022024,FLASH_KEY2,,,,,,c-sdk,CH32V20x/EVT/EXAM/SRC/Peripheral/src/ch32v20x_flash.c,1065,#,single-source,evt:CH32V20x/EVT/EXAM/SRC/Peripheral/src/ch32v20x_flash.c(L1065)
evt-v20x-iap,FLASH_ROM_ERASE,4,set-bits,FLASH_CTLR,0x40022010,CR_FLOCK_Set,,,,,,c-sdk,CH32V20x/EVT/EXAM/SRC/Peripheral/src/ch32v20x_flash.c,1165,#,single-source,evt:CH32V20x/EVT/EXAM/SRC/Peripheral/src/ch32v20x_flash.c(L1165)
evt-v20x-iap,FLASH_ROM_ERASE,5,set-bits,FLASH_CTLR,0x40022010,CR_LOCK_Set,,,,,,c-sdk,CH32V20x/EVT/EXAM/SRC/Peripheral/src/ch32v20x_flash.c,1166,#,single-source,evt:CH32V20x/EVT/EXAM/SRC/Peripheral/src/ch32v20x_flash.c(L1166)
evt-v20x-iap,FLASH_Unlock,0,write,FLASH_KEYR,0x40022004,FLASH_KEY1,,,,,,c-sdk,CH32V20x/EVT/EXAM/SRC/Peripheral/src/ch32v20x_flash.c,88,#,single-source,evt:CH32V20x/EVT/EXAM/SRC/Peripheral/src/ch32v20x_flash.c(L88)
evt-v20x-iap,FLASH_Unlock,1,write,FLASH_KEYR,0x40022004,FLASH_KEY2,,,,,,c-sdk,CH32V20x/EVT/EXAM/SRC/Peripheral/src/ch32v20x_flash.c,89,#,single-source,evt:CH32V20x/EVT/EXAM/SRC/Peripheral/src/ch32v20x_flash.c(L89)
evt-v20x-iap,FLASH_Lock,0,set-bits,FLASH_CTLR,0x40022010,CR_LOCK_Set,,,,,,c-sdk,CH32V20x/EVT/EXAM/SRC/Peripheral/src/ch32v20x_flash.c,115,#,single-source,evt:CH32V20x/EVT/EXAM/SRC/Peripheral/src/ch32v20x_flash.c(L115)
evt-v30x-iap,FLASH_Unlock_Fast,0,write,FLASH_KEYR,0x40022004,FLASH_KEY1,,,,,,c-sdk,CH32V307/EVT/EXAM/SRC/Peripheral/src/ch32v30x_flash.c,821,#,single-source,evt:CH32V307/EVT/EXAM/SRC/Peripheral/src/ch32v30x_flash.c(L821)
evt-v30x-iap,FLASH_Unlock_Fast,1,write,FLASH_KEYR,0x40022004,FLASH_KEY2,,,,,,c-sdk,CH32V307/EVT/EXAM/SRC/Peripheral/src/ch32v30x_flash.c,822,#,single-source,evt:CH32V307/EVT/EXAM/SRC/Peripheral/src/ch32v30x_flash.c(L822)
evt-v30x-iap,FLASH_Unlock_Fast,2,write,FLASH_MODEKEYR,0x40022024,FLASH_KEY1,,,,,,c-sdk,CH32V307/EVT/EXAM/SRC/Peripheral/src/ch32v30x_flash.c,825,#,single-source,evt:CH32V307/EVT/EXAM/SRC/Peripheral/src/ch32v30x_flash.c(L825)
evt-v30x-iap,FLASH_Unlock_Fast,3,write,FLASH_MODEKEYR,0x40022024,FLASH_KEY2,,,,,,c-sdk,CH32V307/EVT/EXAM/SRC/Peripheral/src/ch32v30x_flash.c,826,#,single-source,evt:CH32V307/EVT/EXAM/SRC/Peripheral/src/ch32v30x_flash.c(L826)
evt-v30x-iap,FLASH_Lock_Fast,0,set-bits,FLASH_CTLR,0x40022010,CR_FLOCK_Set,,,,,,c-sdk,CH32V307/EVT/EXAM/SRC/Peripheral/src/ch32v30x_flash.c,838,#,single-source,evt:CH32V307/EVT/EXAM/SRC/Peripheral/src/ch32v30x_flash.c(L838)
evt-v30x-iap,FLASH_ProgramPage_Fast,0,set-bits,FLASH_CTLR,0x40022010,CR_PAGE_PG,,,,,,c-sdk,CH32V307/EVT/EXAM/SRC/Peripheral/src/ch32v30x_flash.c,898,#,single-source,evt:CH32V307/EVT/EXAM/SRC/Peripheral/src/ch32v30x_flash.c(L898)
evt-v30x-iap,FLASH_ProgramPage_Fast,1,wait,FLASH_STATR,0x4002200c,,,,FLASH_STATR,SR_BSY,,c-sdk,CH32V307/EVT/EXAM/SRC/Peripheral/src/ch32v30x_flash.c,899,#,single-source,evt:CH32V307/EVT/EXAM/SRC/Peripheral/src/ch32v30x_flash.c(L899)
evt-v30x-iap,FLASH_ProgramPage_Fast,2,wait,FLASH_STATR,0x4002200c,,,,FLASH_STATR,SR_WR_BSY,,c-sdk,CH32V307/EVT/EXAM/SRC/Peripheral/src/ch32v30x_flash.c,901,#,single-source,evt:CH32V307/EVT/EXAM/SRC/Peripheral/src/ch32v30x_flash.c(L901)
evt-v30x-iap,FLASH_ProgramPage_Fast,3,loop-begin,,,size,,,,,size,c-sdk,CH32V307/EVT/EXAM/SRC/Peripheral/src/ch32v30x_flash.c,904,#,single-source,evt:CH32V307/EVT/EXAM/SRC/Peripheral/src/ch32v30x_flash.c(L904)
evt-v30x-iap,FLASH_ProgramPage_Fast,4,write,FLASH_BUF,,*(uint32_t *)Page_Address = *(uint32_t *)pbuf;,,,,,,c-sdk,CH32V307/EVT/EXAM/SRC/Peripheral/src/ch32v30x_flash.c,906,#,single-source,evt:CH32V307/EVT/EXAM/SRC/Peripheral/src/ch32v30x_flash.c(L906)
evt-v30x-iap,FLASH_ProgramPage_Fast,5,wait,FLASH_STATR,0x4002200c,,,,FLASH_STATR,SR_WR_BSY,,c-sdk,CH32V307/EVT/EXAM/SRC/Peripheral/src/ch32v30x_flash.c,910,#,single-source,evt:CH32V307/EVT/EXAM/SRC/Peripheral/src/ch32v30x_flash.c(L910)
evt-v30x-iap,FLASH_ProgramPage_Fast,6,set-bits,FLASH_CTLR,0x40022010,CR_PG_STRT,,,,,,c-sdk,CH32V307/EVT/EXAM/SRC/Peripheral/src/ch32v30x_flash.c,914,#,single-source,evt:CH32V307/EVT/EXAM/SRC/Peripheral/src/ch32v30x_flash.c(L914)
evt-v30x-iap,FLASH_ProgramPage_Fast,7,wait,FLASH_STATR,0x4002200c,,,,FLASH_STATR,SR_BSY,,c-sdk,CH32V307/EVT/EXAM/SRC/Peripheral/src/ch32v30x_flash.c,915,#,single-source,evt:CH32V307/EVT/EXAM/SRC/Peripheral/src/ch32v30x_flash.c(L915)
evt-v30x-iap,FLASH_ProgramPage_Fast,8,clear-bits,FLASH_CTLR,0x40022010,~CR_PAGE_PG,,,,,,c-sdk,CH32V307/EVT/EXAM/SRC/Peripheral/src/ch32v30x_flash.c,917,#,single-source,evt:CH32V307/EVT/EXAM/SRC/Peripheral/src/ch32v30x_flash.c(L917)
evt-v30x-iap,FLASH_ErasePage_Fast,0,set-bits,FLASH_CTLR,0x40022010,CR_PAGE_ER,,,,,,c-sdk,CH32V307/EVT/EXAM/SRC/Peripheral/src/ch32v30x_flash.c,854,#,single-source,evt:CH32V307/EVT/EXAM/SRC/Peripheral/src/ch32v30x_flash.c(L854)
evt-v30x-iap,FLASH_ErasePage_Fast,1,write,FLASH_ADDR,0x40022014,Page_Address,,,,,,c-sdk,CH32V307/EVT/EXAM/SRC/Peripheral/src/ch32v30x_flash.c,855,#,single-source,evt:CH32V307/EVT/EXAM/SRC/Peripheral/src/ch32v30x_flash.c(L855)
evt-v30x-iap,FLASH_ErasePage_Fast,2,set-bits,FLASH_CTLR,0x40022010,CR_STRT_Set,,,,,,c-sdk,CH32V307/EVT/EXAM/SRC/Peripheral/src/ch32v30x_flash.c,856,#,single-source,evt:CH32V307/EVT/EXAM/SRC/Peripheral/src/ch32v30x_flash.c(L856)
evt-v30x-iap,FLASH_ErasePage_Fast,3,wait,FLASH_STATR,0x4002200c,,,,FLASH_STATR,SR_BSY,,c-sdk,CH32V307/EVT/EXAM/SRC/Peripheral/src/ch32v30x_flash.c,857,#,single-source,evt:CH32V307/EVT/EXAM/SRC/Peripheral/src/ch32v30x_flash.c(L857)
evt-v30x-iap,FLASH_ErasePage_Fast,4,clear-bits,FLASH_CTLR,0x40022010,~CR_PAGE_ER,,,,,,c-sdk,CH32V307/EVT/EXAM/SRC/Peripheral/src/ch32v30x_flash.c,859,#,single-source,evt:CH32V307/EVT/EXAM/SRC/Peripheral/src/ch32v30x_flash.c(L859)
evt-v30x-iap,FLASH_ROM_WRITE,0,write,FLASH_KEYR,0x40022004,FLASH_KEY1,,,,,,c-sdk,CH32V307/EVT/EXAM/SRC/Peripheral/src/ch32v30x_flash.c,1191,#,single-source,evt:CH32V307/EVT/EXAM/SRC/Peripheral/src/ch32v30x_flash.c(L1191)
evt-v30x-iap,FLASH_ROM_WRITE,1,write,FLASH_KEYR,0x40022004,FLASH_KEY2,,,,,,c-sdk,CH32V307/EVT/EXAM/SRC/Peripheral/src/ch32v30x_flash.c,1192,#,single-source,evt:CH32V307/EVT/EXAM/SRC/Peripheral/src/ch32v30x_flash.c(L1192)
evt-v30x-iap,FLASH_ROM_WRITE,2,write,FLASH_MODEKEYR,0x40022024,FLASH_KEY1,,,,,,c-sdk,CH32V307/EVT/EXAM/SRC/Peripheral/src/ch32v30x_flash.c,1195,#,single-source,evt:CH32V307/EVT/EXAM/SRC/Peripheral/src/ch32v30x_flash.c(L1195)
evt-v30x-iap,FLASH_ROM_WRITE,3,write,FLASH_MODEKEYR,0x40022024,FLASH_KEY2,,,,,,c-sdk,CH32V307/EVT/EXAM/SRC/Peripheral/src/ch32v30x_flash.c,1196,#,single-source,evt:CH32V307/EVT/EXAM/SRC/Peripheral/src/ch32v30x_flash.c(L1196)
evt-v30x-iap,FLASH_ROM_WRITE,4,set-bits,FLASH_CTLR,0x40022010,CR_PAGE_PG,,,,,,c-sdk,CH32V307/EVT/EXAM/SRC/Peripheral/src/ch32v30x_flash.c,1199,#,single-source,evt:CH32V307/EVT/EXAM/SRC/Peripheral/src/ch32v30x_flash.c(L1199)
evt-v30x-iap,FLASH_ROM_WRITE,5,wait,FLASH_STATR,0x4002200c,,,,FLASH_STATR,SR_BSY,,c-sdk,CH32V307/EVT/EXAM/SRC/Peripheral/src/ch32v30x_flash.c,1200,#,single-source,evt:CH32V307/EVT/EXAM/SRC/Peripheral/src/ch32v30x_flash.c(L1200)
evt-v30x-iap,FLASH_ROM_WRITE,6,wait,FLASH_STATR,0x4002200c,,,,FLASH_STATR,SR_WR_BSY,,c-sdk,CH32V307/EVT/EXAM/SRC/Peripheral/src/ch32v30x_flash.c,1202,#,single-source,evt:CH32V307/EVT/EXAM/SRC/Peripheral/src/ch32v30x_flash.c(L1202)
evt-v30x-iap,FLASH_ROM_WRITE,7,loop-begin,,,size,,,,,size,c-sdk,CH32V307/EVT/EXAM/SRC/Peripheral/src/ch32v30x_flash.c,1205,#,single-source,evt:CH32V307/EVT/EXAM/SRC/Peripheral/src/ch32v30x_flash.c(L1205)
evt-v30x-iap,FLASH_ROM_WRITE,8,write,FLASH_BUF,,*(uint32_t *)StartAddr = *(uint32_t *)pbuf;,,,,,,c-sdk,CH32V307/EVT/EXAM/SRC/Peripheral/src/ch32v30x_flash.c,1207,#,single-source,evt:CH32V307/EVT/EXAM/SRC/Peripheral/src/ch32v30x_flash.c(L1207)
evt-v30x-iap,FLASH_ROM_WRITE,9,wait,FLASH_STATR,0x4002200c,,,,FLASH_STATR,SR_WR_BSY,,c-sdk,CH32V307/EVT/EXAM/SRC/Peripheral/src/ch32v30x_flash.c,1211,#,single-source,evt:CH32V307/EVT/EXAM/SRC/Peripheral/src/ch32v30x_flash.c(L1211)
evt-v30x-iap,FLASH_ROM_WRITE,10,set-bits,FLASH_CTLR,0x40022010,CR_PG_STRT,,,,,,c-sdk,CH32V307/EVT/EXAM/SRC/Peripheral/src/ch32v30x_flash.c,1215,#,single-source,evt:CH32V307/EVT/EXAM/SRC/Peripheral/src/ch32v30x_flash.c(L1215)
evt-v30x-iap,FLASH_ROM_WRITE,11,wait,FLASH_STATR,0x4002200c,,,,FLASH_STATR,SR_BSY,,c-sdk,CH32V307/EVT/EXAM/SRC/Peripheral/src/ch32v30x_flash.c,1216,#,single-source,evt:CH32V307/EVT/EXAM/SRC/Peripheral/src/ch32v30x_flash.c(L1216)
evt-v30x-iap,FLASH_ROM_WRITE,12,clear-bits,FLASH_CTLR,0x40022010,~CR_PAGE_PG,,,,,,c-sdk,CH32V307/EVT/EXAM/SRC/Peripheral/src/ch32v30x_flash.c,1218,#,single-source,evt:CH32V307/EVT/EXAM/SRC/Peripheral/src/ch32v30x_flash.c(L1218)
evt-v30x-iap,FLASH_ROM_WRITE,13,set-bits,FLASH_CTLR,0x40022010,CR_FLOCK_Set,,,,,,c-sdk,CH32V307/EVT/EXAM/SRC/Peripheral/src/ch32v30x_flash.c,1221,#,single-source,evt:CH32V307/EVT/EXAM/SRC/Peripheral/src/ch32v30x_flash.c(L1221)
evt-v30x-iap,FLASH_ROM_WRITE,14,set-bits,FLASH_CTLR,0x40022010,CR_LOCK_Set,,,,,,c-sdk,CH32V307/EVT/EXAM/SRC/Peripheral/src/ch32v30x_flash.c,1222,#,single-source,evt:CH32V307/EVT/EXAM/SRC/Peripheral/src/ch32v30x_flash.c(L1222)
evt-v30x-iap,FLASH_ROM_ERASE,0,write,FLASH_KEYR,0x40022004,FLASH_KEY1,,,,,,c-sdk,CH32V307/EVT/EXAM/SRC/Peripheral/src/ch32v30x_flash.c,1043,#,single-source,evt:CH32V307/EVT/EXAM/SRC/Peripheral/src/ch32v30x_flash.c(L1043)
evt-v30x-iap,FLASH_ROM_ERASE,1,write,FLASH_KEYR,0x40022004,FLASH_KEY2,,,,,,c-sdk,CH32V307/EVT/EXAM/SRC/Peripheral/src/ch32v30x_flash.c,1044,#,single-source,evt:CH32V307/EVT/EXAM/SRC/Peripheral/src/ch32v30x_flash.c(L1044)
evt-v30x-iap,FLASH_ROM_ERASE,2,write,FLASH_MODEKEYR,0x40022024,FLASH_KEY1,,,,,,c-sdk,CH32V307/EVT/EXAM/SRC/Peripheral/src/ch32v30x_flash.c,1047,#,single-source,evt:CH32V307/EVT/EXAM/SRC/Peripheral/src/ch32v30x_flash.c(L1047)
evt-v30x-iap,FLASH_ROM_ERASE,3,write,FLASH_MODEKEYR,0x40022024,FLASH_KEY2,,,,,,c-sdk,CH32V307/EVT/EXAM/SRC/Peripheral/src/ch32v30x_flash.c,1048,#,single-source,evt:CH32V307/EVT/EXAM/SRC/Peripheral/src/ch32v30x_flash.c(L1048)
evt-v30x-iap,FLASH_ROM_ERASE,4,set-bits,FLASH_CTLR,0x40022010,CR_FLOCK_Set,,,,,,c-sdk,CH32V307/EVT/EXAM/SRC/Peripheral/src/ch32v30x_flash.c,1148,#,single-source,evt:CH32V307/EVT/EXAM/SRC/Peripheral/src/ch32v30x_flash.c(L1148)
evt-v30x-iap,FLASH_ROM_ERASE,5,set-bits,FLASH_CTLR,0x40022010,CR_LOCK_Set,,,,,,c-sdk,CH32V307/EVT/EXAM/SRC/Peripheral/src/ch32v30x_flash.c,1149,#,single-source,evt:CH32V307/EVT/EXAM/SRC/Peripheral/src/ch32v30x_flash.c(L1149)
evt-v30x-iap,FLASH_Unlock,0,write,FLASH_KEYR,0x40022004,FLASH_KEY1,,,,,,c-sdk,CH32V307/EVT/EXAM/SRC/Peripheral/src/ch32v30x_flash.c,79,#,single-source,evt:CH32V307/EVT/EXAM/SRC/Peripheral/src/ch32v30x_flash.c(L79)
evt-v30x-iap,FLASH_Unlock,1,write,FLASH_KEYR,0x40022004,FLASH_KEY2,,,,,,c-sdk,CH32V307/EVT/EXAM/SRC/Peripheral/src/ch32v30x_flash.c,80,#,single-source,evt:CH32V307/EVT/EXAM/SRC/Peripheral/src/ch32v30x_flash.c(L80)
evt-v30x-iap,FLASH_Lock,0,set-bits,FLASH_CTLR,0x40022010,CR_LOCK_Set,,,,,,c-sdk,CH32V307/EVT/EXAM/SRC/Peripheral/src/ch32v30x_flash.c,106,#,single-source,evt:CH32V307/EVT/EXAM/SRC/Peripheral/src/ch32v30x_flash.c(L106)
evt-v407-iap,FLASH_Unlock_Fast,0,write,FLASH_KEYR,0x40022004,FLASH_KEY1,,,,,,c-sdk,CH32V407/EVT/EXAM/SRC/Peripheral/src/ch32v4x7_flash.c,715,#,single-source,evt:CH32V407/EVT/EXAM/SRC/Peripheral/src/ch32v4x7_flash.c(L715)
evt-v407-iap,FLASH_Unlock_Fast,1,write,FLASH_KEYR,0x40022004,FLASH_KEY2,,,,,,c-sdk,CH32V407/EVT/EXAM/SRC/Peripheral/src/ch32v4x7_flash.c,716,#,single-source,evt:CH32V407/EVT/EXAM/SRC/Peripheral/src/ch32v4x7_flash.c(L716)
evt-v407-iap,FLASH_Unlock_Fast,2,write,FLASH_MODEKEYR,0x40022024,FLASH_KEY1,,,,,,c-sdk,CH32V407/EVT/EXAM/SRC/Peripheral/src/ch32v4x7_flash.c,719,#,single-source,evt:CH32V407/EVT/EXAM/SRC/Peripheral/src/ch32v4x7_flash.c(L719)
evt-v407-iap,FLASH_Unlock_Fast,3,write,FLASH_MODEKEYR,0x40022024,FLASH_KEY2,,,,,,c-sdk,CH32V407/EVT/EXAM/SRC/Peripheral/src/ch32v4x7_flash.c,720,#,single-source,evt:CH32V407/EVT/EXAM/SRC/Peripheral/src/ch32v4x7_flash.c(L720)
evt-v407-iap,FLASH_Lock_Fast,0,set-bits,FLASH_CTLR,0x40022010,CR_FLOCK_Set,,,,,,c-sdk,CH32V407/EVT/EXAM/SRC/Peripheral/src/ch32v4x7_flash.c,732,#,single-source,evt:CH32V407/EVT/EXAM/SRC/Peripheral/src/ch32v4x7_flash.c(L732)
evt-v407-iap,FLASH_ProgramPage_Fast,0,set-bits,FLASH_CTLR,0x40022010,CR_PAGE_PG,,,,,,c-sdk,CH32V407/EVT/EXAM/SRC/Peripheral/src/ch32v4x7_flash.c,771,#,single-source,evt:CH32V407/EVT/EXAM/SRC/Peripheral/src/ch32v4x7_flash.c(L771)
evt-v407-iap,FLASH_ProgramPage_Fast,1,wait,FLASH_STATR,0x4002200c,,,,FLASH_STATR,SR_BSY,,c-sdk,CH32V407/EVT/EXAM/SRC/Peripheral/src/ch32v4x7_flash.c,772,#,single-source,evt:CH32V407/EVT/EXAM/SRC/Peripheral/src/ch32v4x7_flash.c(L772)
evt-v407-iap,FLASH_ProgramPage_Fast,2,wait,FLASH_STATR,0x4002200c,,,,FLASH_STATR,SR_WR_BSY,,c-sdk,CH32V407/EVT/EXAM/SRC/Peripheral/src/ch32v4x7_flash.c,774,#,single-source,evt:CH32V407/EVT/EXAM/SRC/Peripheral/src/ch32v4x7_flash.c(L774)
evt-v407-iap,FLASH_ProgramPage_Fast,3,loop-begin,,,size,,,,,size,c-sdk,CH32V407/EVT/EXAM/SRC/Peripheral/src/ch32v4x7_flash.c,777,#,single-source,evt:CH32V407/EVT/EXAM/SRC/Peripheral/src/ch32v4x7_flash.c(L777)
evt-v407-iap,FLASH_ProgramPage_Fast,4,write,FLASH_BUF,,*(uint32_t *)Page_Address = *(uint32_t *)pbuf;,,,,,,c-sdk,CH32V407/EVT/EXAM/SRC/Peripheral/src/ch32v4x7_flash.c,779,#,single-source,evt:CH32V407/EVT/EXAM/SRC/Peripheral/src/ch32v4x7_flash.c(L779)
evt-v407-iap,FLASH_ProgramPage_Fast,5,wait,FLASH_STATR,0x4002200c,,,,FLASH_STATR,SR_WR_BSY,,c-sdk,CH32V407/EVT/EXAM/SRC/Peripheral/src/ch32v4x7_flash.c,783,#,single-source,evt:CH32V407/EVT/EXAM/SRC/Peripheral/src/ch32v4x7_flash.c(L783)
evt-v407-iap,FLASH_ProgramPage_Fast,6,set-bits,FLASH_CTLR,0x40022010,CR_PG_STRT,,,,,,c-sdk,CH32V407/EVT/EXAM/SRC/Peripheral/src/ch32v4x7_flash.c,787,#,single-source,evt:CH32V407/EVT/EXAM/SRC/Peripheral/src/ch32v4x7_flash.c(L787)
evt-v407-iap,FLASH_ProgramPage_Fast,7,wait,FLASH_STATR,0x4002200c,,,,FLASH_STATR,SR_BSY,,c-sdk,CH32V407/EVT/EXAM/SRC/Peripheral/src/ch32v4x7_flash.c,788,#,single-source,evt:CH32V407/EVT/EXAM/SRC/Peripheral/src/ch32v4x7_flash.c(L788)
evt-v407-iap,FLASH_ProgramPage_Fast,8,clear-bits,FLASH_CTLR,0x40022010,~CR_PAGE_PG,,,,,,c-sdk,CH32V407/EVT/EXAM/SRC/Peripheral/src/ch32v4x7_flash.c,790,#,single-source,evt:CH32V407/EVT/EXAM/SRC/Peripheral/src/ch32v4x7_flash.c(L790)
evt-v407-iap,FLASH_ROM_WRITE,0,write,FLASH_KEYR,0x40022004,FLASH_KEY1,,,,,,c-sdk,CH32V407/EVT/EXAM/SRC/Peripheral/src/ch32v4x7_flash.c,1020,#,single-source,evt:CH32V407/EVT/EXAM/SRC/Peripheral/src/ch32v4x7_flash.c(L1020)
evt-v407-iap,FLASH_ROM_WRITE,1,write,FLASH_KEYR,0x40022004,FLASH_KEY2,,,,,,c-sdk,CH32V407/EVT/EXAM/SRC/Peripheral/src/ch32v4x7_flash.c,1021,#,single-source,evt:CH32V407/EVT/EXAM/SRC/Peripheral/src/ch32v4x7_flash.c(L1021)
evt-v407-iap,FLASH_ROM_WRITE,2,write,FLASH_MODEKEYR,0x40022024,FLASH_KEY1,,,,,,c-sdk,CH32V407/EVT/EXAM/SRC/Peripheral/src/ch32v4x7_flash.c,1024,#,single-source,evt:CH32V407/EVT/EXAM/SRC/Peripheral/src/ch32v4x7_flash.c(L1024)
evt-v407-iap,FLASH_ROM_WRITE,3,write,FLASH_MODEKEYR,0x40022024,FLASH_KEY2,,,,,,c-sdk,CH32V407/EVT/EXAM/SRC/Peripheral/src/ch32v4x7_flash.c,1025,#,single-source,evt:CH32V407/EVT/EXAM/SRC/Peripheral/src/ch32v4x7_flash.c(L1025)
evt-v407-iap,FLASH_ROM_WRITE,4,set-bits,FLASH_CTLR,0x40022010,CR_PAGE_PG,,,,,,c-sdk,CH32V407/EVT/EXAM/SRC/Peripheral/src/ch32v4x7_flash.c,1028,#,single-source,evt:CH32V407/EVT/EXAM/SRC/Peripheral/src/ch32v4x7_flash.c(L1028)
evt-v407-iap,FLASH_ROM_WRITE,5,wait,FLASH_STATR,0x4002200c,,,,FLASH_STATR,SR_BSY,,c-sdk,CH32V407/EVT/EXAM/SRC/Peripheral/src/ch32v4x7_flash.c,1029,#,single-source,evt:CH32V407/EVT/EXAM/SRC/Peripheral/src/ch32v4x7_flash.c(L1029)
evt-v407-iap,FLASH_ROM_WRITE,6,wait,FLASH_STATR,0x4002200c,,,,FLASH_STATR,SR_WR_BSY,,c-sdk,CH32V407/EVT/EXAM/SRC/Peripheral/src/ch32v4x7_flash.c,1031,#,single-source,evt:CH32V407/EVT/EXAM/SRC/Peripheral/src/ch32v4x7_flash.c(L1031)
evt-v407-iap,FLASH_ROM_WRITE,7,loop-begin,,,size,,,,,size,c-sdk,CH32V407/EVT/EXAM/SRC/Peripheral/src/ch32v4x7_flash.c,1034,#,single-source,evt:CH32V407/EVT/EXAM/SRC/Peripheral/src/ch32v4x7_flash.c(L1034)
evt-v407-iap,FLASH_ROM_WRITE,8,write,FLASH_BUF,,*(uint32_t *)StartAddr = *(uint32_t *)pbuf;,,,,,,c-sdk,CH32V407/EVT/EXAM/SRC/Peripheral/src/ch32v4x7_flash.c,1036,#,single-source,evt:CH32V407/EVT/EXAM/SRC/Peripheral/src/ch32v4x7_flash.c(L1036)
evt-v407-iap,FLASH_ROM_WRITE,9,wait,FLASH_STATR,0x4002200c,,,,FLASH_STATR,SR_WR_BSY,,c-sdk,CH32V407/EVT/EXAM/SRC/Peripheral/src/ch32v4x7_flash.c,1040,#,single-source,evt:CH32V407/EVT/EXAM/SRC/Peripheral/src/ch32v4x7_flash.c(L1040)
evt-v407-iap,FLASH_ROM_WRITE,10,set-bits,FLASH_CTLR,0x40022010,CR_PG_STRT,,,,,,c-sdk,CH32V407/EVT/EXAM/SRC/Peripheral/src/ch32v4x7_flash.c,1044,#,single-source,evt:CH32V407/EVT/EXAM/SRC/Peripheral/src/ch32v4x7_flash.c(L1044)
evt-v407-iap,FLASH_ROM_WRITE,11,wait,FLASH_STATR,0x4002200c,,,,FLASH_STATR,SR_BSY,,c-sdk,CH32V407/EVT/EXAM/SRC/Peripheral/src/ch32v4x7_flash.c,1045,#,single-source,evt:CH32V407/EVT/EXAM/SRC/Peripheral/src/ch32v4x7_flash.c(L1045)
evt-v407-iap,FLASH_ROM_WRITE,12,clear-bits,FLASH_CTLR,0x40022010,~CR_PAGE_PG,,,,,,c-sdk,CH32V407/EVT/EXAM/SRC/Peripheral/src/ch32v4x7_flash.c,1047,#,single-source,evt:CH32V407/EVT/EXAM/SRC/Peripheral/src/ch32v4x7_flash.c(L1047)
evt-v407-iap,FLASH_ROM_WRITE,13,set-bits,FLASH_CTLR,0x40022010,CR_FLOCK_Set,,,,,,c-sdk,CH32V407/EVT/EXAM/SRC/Peripheral/src/ch32v4x7_flash.c,1050,#,single-source,evt:CH32V407/EVT/EXAM/SRC/Peripheral/src/ch32v4x7_flash.c(L1050)
evt-v407-iap,FLASH_ROM_WRITE,14,set-bits,FLASH_CTLR,0x40022010,CR_LOCK_Set,,,,,,c-sdk,CH32V407/EVT/EXAM/SRC/Peripheral/src/ch32v4x7_flash.c,1051,#,single-source,evt:CH32V407/EVT/EXAM/SRC/Peripheral/src/ch32v4x7_flash.c(L1051)
evt-v407-iap,FLASH_ROM_ERASE,0,write,FLASH_KEYR,0x40022004,FLASH_KEY1,,,,,,c-sdk,CH32V407/EVT/EXAM/SRC/Peripheral/src/ch32v4x7_flash.c,911,#,single-source,evt:CH32V407/EVT/EXAM/SRC/Peripheral/src/ch32v4x7_flash.c(L911)
evt-v407-iap,FLASH_ROM_ERASE,1,write,FLASH_KEYR,0x40022004,FLASH_KEY2,,,,,,c-sdk,CH32V407/EVT/EXAM/SRC/Peripheral/src/ch32v4x7_flash.c,912,#,single-source,evt:CH32V407/EVT/EXAM/SRC/Peripheral/src/ch32v4x7_flash.c(L912)
evt-v407-iap,FLASH_ROM_ERASE,2,write,FLASH_MODEKEYR,0x40022024,FLASH_KEY1,,,,,,c-sdk,CH32V407/EVT/EXAM/SRC/Peripheral/src/ch32v4x7_flash.c,915,#,single-source,evt:CH32V407/EVT/EXAM/SRC/Peripheral/src/ch32v4x7_flash.c(L915)
evt-v407-iap,FLASH_ROM_ERASE,3,write,FLASH_MODEKEYR,0x40022024,FLASH_KEY2,,,,,,c-sdk,CH32V407/EVT/EXAM/SRC/Peripheral/src/ch32v4x7_flash.c,916,#,single-source,evt:CH32V407/EVT/EXAM/SRC/Peripheral/src/ch32v4x7_flash.c(L916)
evt-v407-iap,FLASH_ROM_ERASE,4,set-bits,FLASH_CTLR,0x40022010,CR_FLOCK_Set,,,,,,c-sdk,CH32V407/EVT/EXAM/SRC/Peripheral/src/ch32v4x7_flash.c,976,#,single-source,evt:CH32V407/EVT/EXAM/SRC/Peripheral/src/ch32v4x7_flash.c(L976)
evt-v407-iap,FLASH_ROM_ERASE,5,set-bits,FLASH_CTLR,0x40022010,CR_LOCK_Set,,,,,,c-sdk,CH32V407/EVT/EXAM/SRC/Peripheral/src/ch32v4x7_flash.c,977,#,single-source,evt:CH32V407/EVT/EXAM/SRC/Peripheral/src/ch32v4x7_flash.c(L977)
evt-v407-iap,FLASH_Unlock,0,write,FLASH_KEYR,0x40022004,FLASH_KEY1,,,,,,c-sdk,CH32V407/EVT/EXAM/SRC/Peripheral/src/ch32v4x7_flash.c,75,#,single-source,evt:CH32V407/EVT/EXAM/SRC/Peripheral/src/ch32v4x7_flash.c(L75)
evt-v407-iap,FLASH_Unlock,1,write,FLASH_KEYR,0x40022004,FLASH_KEY2,,,,,,c-sdk,CH32V407/EVT/EXAM/SRC/Peripheral/src/ch32v4x7_flash.c,76,#,single-source,evt:CH32V407/EVT/EXAM/SRC/Peripheral/src/ch32v4x7_flash.c(L76)
evt-v407-iap,FLASH_Lock,0,set-bits,FLASH_CTLR,0x40022010,CR_LOCK_Set,,,,,,c-sdk,CH32V407/EVT/EXAM/SRC/Peripheral/src/ch32v4x7_flash.c,88,#,single-source,evt:CH32V407/EVT/EXAM/SRC/Peripheral/src/ch32v4x7_flash.c(L88)
evt-x035-iap,FLASH_Unlock_Fast,0,write,FLASH_KEYR,0x40022004,FLASH_KEY1,,,,,,c-sdk,CH32X035/EVT/EXAM/SRC/Peripheral/src/ch32x035_flash.c,615,#,single-source,evt:CH32X035/EVT/EXAM/SRC/Peripheral/src/ch32x035_flash.c(L615)
evt-x035-iap,FLASH_Unlock_Fast,1,write,FLASH_KEYR,0x40022004,FLASH_KEY2,,,,,,c-sdk,CH32X035/EVT/EXAM/SRC/Peripheral/src/ch32x035_flash.c,616,#,single-source,evt:CH32X035/EVT/EXAM/SRC/Peripheral/src/ch32x035_flash.c(L616)
evt-x035-iap,FLASH_Unlock_Fast,2,write,FLASH_MODEKEYR,0x40022024,FLASH_KEY1,,,,,,c-sdk,CH32X035/EVT/EXAM/SRC/Peripheral/src/ch32x035_flash.c,619,#,single-source,evt:CH32X035/EVT/EXAM/SRC/Peripheral/src/ch32x035_flash.c(L619)
evt-x035-iap,FLASH_Unlock_Fast,3,write,FLASH_MODEKEYR,0x40022024,FLASH_KEY2,,,,,,c-sdk,CH32X035/EVT/EXAM/SRC/Peripheral/src/ch32x035_flash.c,620,#,single-source,evt:CH32X035/EVT/EXAM/SRC/Peripheral/src/ch32x035_flash.c(L620)
evt-x035-iap,FLASH_Lock_Fast,0,set-bits,FLASH_CTLR,0x40022010,CR_FLOCK_Set,,,,,,c-sdk,CH32X035/EVT/EXAM/SRC/Peripheral/src/ch32x035_flash.c,632,#,single-source,evt:CH32X035/EVT/EXAM/SRC/Peripheral/src/ch32x035_flash.c(L632)
evt-x035-iap,FLASH_ProgramPage_Fast,0,clear-bits,FLASH_CTLR,0x40022010,(CR_OPTER_Reset & CR_PAGE_ER_Reset),,,,,,c-sdk,CH32X035/EVT/EXAM/SRC/Peripheral/src/ch32x035_flash.c,730,#,single-source,evt:CH32X035/EVT/EXAM/SRC/Peripheral/src/ch32x035_flash.c(L730)
evt-x035-iap,FLASH_ProgramPage_Fast,1,set-bits,FLASH_CTLR,0x40022010,CR_PAGE_PG,,,,,,c-sdk,CH32X035/EVT/EXAM/SRC/Peripheral/src/ch32x035_flash.c,732,#,single-source,evt:CH32X035/EVT/EXAM/SRC/Peripheral/src/ch32x035_flash.c(L732)
evt-x035-iap,FLASH_ProgramPage_Fast,2,write,FLASH_ADDR,0x40022014,Page_Address,,,,,,c-sdk,CH32X035/EVT/EXAM/SRC/Peripheral/src/ch32x035_flash.c,733,#,single-source,evt:CH32X035/EVT/EXAM/SRC/Peripheral/src/ch32x035_flash.c(L733)
evt-x035-iap,FLASH_ProgramPage_Fast,3,set-bits,FLASH_CTLR,0x40022010,CR_STRT_Set,,,,,,c-sdk,CH32X035/EVT/EXAM/SRC/Peripheral/src/ch32x035_flash.c,734,#,single-source,evt:CH32X035/EVT/EXAM/SRC/Peripheral/src/ch32x035_flash.c(L734)
evt-x035-iap,FLASH_ProgramPage_Fast,4,wait,FLASH_STATR,0x4002200c,,,,FLASH_STATR,SR_BSY,,c-sdk,CH32X035/EVT/EXAM/SRC/Peripheral/src/ch32x035_flash.c,735,#,single-source,evt:CH32X035/EVT/EXAM/SRC/Peripheral/src/ch32x035_flash.c(L735)
evt-x035-iap,FLASH_ProgramPage_Fast,5,clear-bits,FLASH_CTLR,0x40022010,~CR_PAGE_PG,,,,,,c-sdk,CH32X035/EVT/EXAM/SRC/Peripheral/src/ch32x035_flash.c,737,#,single-source,evt:CH32X035/EVT/EXAM/SRC/Peripheral/src/ch32x035_flash.c(L737)
evt-x035-iap,FLASH_ErasePage_Fast,0,clear-bits,FLASH_CTLR,0x40022010,(CR_OPTER_Reset & CR_PAGE_ER_Reset),,,,,,c-sdk,CH32X035/EVT/EXAM/SRC/Peripheral/src/ch32x035_flash.c,686,#,single-source,evt:CH32X035/EVT/EXAM/SRC/Peripheral/src/ch32x035_flash.c(L686)
evt-x035-iap,FLASH_ErasePage_Fast,1,set-bits,FLASH_CTLR,0x40022010,CR_PAGE_ER,,,,,,c-sdk,CH32X035/EVT/EXAM/SRC/Peripheral/src/ch32x035_flash.c,688,#,single-source,evt:CH32X035/EVT/EXAM/SRC/Peripheral/src/ch32x035_flash.c(L688)
evt-x035-iap,FLASH_ErasePage_Fast,2,write,FLASH_ADDR,0x40022014,Page_Address,,,,,,c-sdk,CH32X035/EVT/EXAM/SRC/Peripheral/src/ch32x035_flash.c,689,#,single-source,evt:CH32X035/EVT/EXAM/SRC/Peripheral/src/ch32x035_flash.c(L689)
evt-x035-iap,FLASH_ErasePage_Fast,3,set-bits,FLASH_CTLR,0x40022010,CR_STRT_Set,,,,,,c-sdk,CH32X035/EVT/EXAM/SRC/Peripheral/src/ch32x035_flash.c,690,#,single-source,evt:CH32X035/EVT/EXAM/SRC/Peripheral/src/ch32x035_flash.c(L690)
evt-x035-iap,FLASH_ErasePage_Fast,4,wait,FLASH_STATR,0x4002200c,,,,FLASH_STATR,SR_BSY,,c-sdk,CH32X035/EVT/EXAM/SRC/Peripheral/src/ch32x035_flash.c,691,#,single-source,evt:CH32X035/EVT/EXAM/SRC/Peripheral/src/ch32x035_flash.c(L691)
evt-x035-iap,FLASH_ErasePage_Fast,5,clear-bits,FLASH_CTLR,0x40022010,~CR_PAGE_ER,,,,,,c-sdk,CH32X035/EVT/EXAM/SRC/Peripheral/src/ch32x035_flash.c,693,#,single-source,evt:CH32X035/EVT/EXAM/SRC/Peripheral/src/ch32x035_flash.c(L693)
evt-x035-iap,FLASH_ROM_WRITE,0,write,FLASH_KEYR,0x40022004,FLASH_KEY1,,,,,,c-sdk,CH32X035/EVT/EXAM/SRC/Peripheral/src/ch32x035_flash.c,999,#,single-source,evt:CH32X035/EVT/EXAM/SRC/Peripheral/src/ch32x035_flash.c(L999)
evt-x035-iap,FLASH_ROM_WRITE,1,write,FLASH_KEYR,0x40022004,FLASH_KEY2,,,,,,c-sdk,CH32X035/EVT/EXAM/SRC/Peripheral/src/ch32x035_flash.c,1000,#,single-source,evt:CH32X035/EVT/EXAM/SRC/Peripheral/src/ch32x035_flash.c(L1000)
evt-x035-iap,FLASH_ROM_WRITE,2,write,FLASH_MODEKEYR,0x40022024,FLASH_KEY1,,,,,,c-sdk,CH32X035/EVT/EXAM/SRC/Peripheral/src/ch32x035_flash.c,1003,#,single-source,evt:CH32X035/EVT/EXAM/SRC/Peripheral/src/ch32x035_flash.c(L1003)
evt-x035-iap,FLASH_ROM_WRITE,3,write,FLASH_MODEKEYR,0x40022024,FLASH_KEY2,,,,,,c-sdk,CH32X035/EVT/EXAM/SRC/Peripheral/src/ch32x035_flash.c,1004,#,single-source,evt:CH32X035/EVT/EXAM/SRC/Peripheral/src/ch32x035_flash.c(L1004)
evt-x035-iap,FLASH_ROM_WRITE,4,clear-bits,FLASH_CTLR,0x40022010,(CR_OPTER_Reset & CR_PAGE_ER_Reset),,,,,,c-sdk,CH32X035/EVT/EXAM/SRC/Peripheral/src/ch32x035_flash.c,1006,#,single-source,evt:CH32X035/EVT/EXAM/SRC/Peripheral/src/ch32x035_flash.c(L1006)
evt-x035-iap,FLASH_ROM_WRITE,5,set-bits,FLASH_CTLR,0x40022010,CR_PAGE_PG,,,,,,c-sdk,CH32X035/EVT/EXAM/SRC/Peripheral/src/ch32x035_flash.c,1009,#,single-source,evt:CH32X035/EVT/EXAM/SRC/Peripheral/src/ch32x035_flash.c(L1009)
evt-x035-iap,FLASH_ROM_WRITE,6,set-bits,FLASH_CTLR,0x40022010,CR_BUF_RST,,,,,,c-sdk,CH32X035/EVT/EXAM/SRC/Peripheral/src/ch32x035_flash.c,1010,#,single-source,evt:CH32X035/EVT/EXAM/SRC/Peripheral/src/ch32x035_flash.c(L1010)
evt-x035-iap,FLASH_ROM_WRITE,7,wait,FLASH_STATR,0x4002200c,,,,FLASH_STATR,SR_BSY,,c-sdk,CH32X035/EVT/EXAM/SRC/Peripheral/src/ch32x035_flash.c,1011,#,single-source,evt:CH32X035/EVT/EXAM/SRC/Peripheral/src/ch32x035_flash.c(L1011)
evt-x035-iap,FLASH_ROM_WRITE,8,loop-begin,,,size,,,,,size,c-sdk,CH32X035/EVT/EXAM/SRC/Peripheral/src/ch32x035_flash.c,1014,#,single-source,evt:CH32X035/EVT/EXAM/SRC/Peripheral/src/ch32x035_flash.c(L1014)
evt-x035-iap,FLASH_ROM_WRITE,9,write,FLASH_BUF,,*(uint32_t *)StartAddr = *(uint32_t *)pbuf;,,,,,,c-sdk,CH32X035/EVT/EXAM/SRC/Peripheral/src/ch32x035_flash.c,1016,#,single-source,evt:CH32X035/EVT/EXAM/SRC/Peripheral/src/ch32x035_flash.c(L1016)
evt-x035-iap,FLASH_ROM_WRITE,10,set-bits,FLASH_CTLR,0x40022010,CR_BUF_LOAD,,,,,,c-sdk,CH32X035/EVT/EXAM/SRC/Peripheral/src/ch32x035_flash.c,1017,#,single-source,evt:CH32X035/EVT/EXAM/SRC/Peripheral/src/ch32x035_flash.c(L1017)
evt-x035-iap,FLASH_ROM_WRITE,11,wait,FLASH_STATR,0x4002200c,,,,FLASH_STATR,SR_BSY,,c-sdk,CH32X035/EVT/EXAM/SRC/Peripheral/src/ch32x035_flash.c,1018,#,single-source,evt:CH32X035/EVT/EXAM/SRC/Peripheral/src/ch32x035_flash.c(L1018)
evt-x035-iap,FLASH_ROM_WRITE,12,write,FLASH_ADDR,0x40022014,adr,,,,,,c-sdk,CH32X035/EVT/EXAM/SRC/Peripheral/src/ch32x035_flash.c,1025,#,single-source,evt:CH32X035/EVT/EXAM/SRC/Peripheral/src/ch32x035_flash.c(L1025)
evt-x035-iap,FLASH_ROM_WRITE,13,set-bits,FLASH_CTLR,0x40022010,CR_STRT_Set,,,,,,c-sdk,CH32X035/EVT/EXAM/SRC/Peripheral/src/ch32x035_flash.c,1026,#,single-source,evt:CH32X035/EVT/EXAM/SRC/Peripheral/src/ch32x035_flash.c(L1026)
evt-x035-iap,FLASH_ROM_WRITE,14,wait,FLASH_STATR,0x4002200c,,,,FLASH_STATR,SR_BSY,,c-sdk,CH32X035/EVT/EXAM/SRC/Peripheral/src/ch32x035_flash.c,1027,#,single-source,evt:CH32X035/EVT/EXAM/SRC/Peripheral/src/ch32x035_flash.c(L1027)
evt-x035-iap,FLASH_ROM_WRITE,15,clear-bits,FLASH_CTLR,0x40022010,~CR_PAGE_PG,,,,,,c-sdk,CH32X035/EVT/EXAM/SRC/Peripheral/src/ch32x035_flash.c,1029,#,single-source,evt:CH32X035/EVT/EXAM/SRC/Peripheral/src/ch32x035_flash.c(L1029)
evt-x035-iap,FLASH_ROM_WRITE,16,set-bits,FLASH_CTLR,0x40022010,CR_FLOCK_Set,,,,,,c-sdk,CH32X035/EVT/EXAM/SRC/Peripheral/src/ch32x035_flash.c,1033,#,single-source,evt:CH32X035/EVT/EXAM/SRC/Peripheral/src/ch32x035_flash.c(L1033)
evt-x035-iap,FLASH_ROM_WRITE,17,set-bits,FLASH_CTLR,0x40022010,CR_LOCK_Set,,,,,,c-sdk,CH32X035/EVT/EXAM/SRC/Peripheral/src/ch32x035_flash.c,1034,#,single-source,evt:CH32X035/EVT/EXAM/SRC/Peripheral/src/ch32x035_flash.c(L1034)
evt-x035-iap,FLASH_ROM_ERASE,0,write,FLASH_KEYR,0x40022004,FLASH_KEY1,,,,,,c-sdk,CH32X035/EVT/EXAM/SRC/Peripheral/src/ch32x035_flash.c,851,#,single-source,evt:CH32X035/EVT/EXAM/SRC/Peripheral/src/ch32x035_flash.c(L851)
evt-x035-iap,FLASH_ROM_ERASE,1,write,FLASH_KEYR,0x40022004,FLASH_KEY2,,,,,,c-sdk,CH32X035/EVT/EXAM/SRC/Peripheral/src/ch32x035_flash.c,852,#,single-source,evt:CH32X035/EVT/EXAM/SRC/Peripheral/src/ch32x035_flash.c(L852)
evt-x035-iap,FLASH_ROM_ERASE,2,write,FLASH_MODEKEYR,0x40022024,FLASH_KEY1,,,,,,c-sdk,CH32X035/EVT/EXAM/SRC/Peripheral/src/ch32x035_flash.c,855,#,single-source,evt:CH32X035/EVT/EXAM/SRC/Peripheral/src/ch32x035_flash.c(L855)
evt-x035-iap,FLASH_ROM_ERASE,3,write,FLASH_MODEKEYR,0x40022024,FLASH_KEY2,,,,,,c-sdk,CH32X035/EVT/EXAM/SRC/Peripheral/src/ch32x035_flash.c,856,#,single-source,evt:CH32X035/EVT/EXAM/SRC/Peripheral/src/ch32x035_flash.c(L856)
evt-x035-iap,FLASH_ROM_ERASE,4,set-bits,FLASH_CTLR,0x40022010,CR_FLOCK_Set,,,,,,c-sdk,CH32X035/EVT/EXAM/SRC/Peripheral/src/ch32x035_flash.c,956,#,single-source,evt:CH32X035/EVT/EXAM/SRC/Peripheral/src/ch32x035_flash.c(L956)
evt-x035-iap,FLASH_ROM_ERASE,5,set-bits,FLASH_CTLR,0x40022010,CR_LOCK_Set,,,,,,c-sdk,CH32X035/EVT/EXAM/SRC/Peripheral/src/ch32x035_flash.c,957,#,single-source,evt:CH32X035/EVT/EXAM/SRC/Peripheral/src/ch32x035_flash.c(L957)
evt-x035-iap,FLASH_BufReset,0,clear-bits,FLASH_CTLR,0x40022010,(CR_OPTER_Reset & CR_PAGE_ER_Reset),,,,,,c-sdk,CH32X035/EVT/EXAM/SRC/Peripheral/src/ch32x035_flash.c,644,#,single-source,evt:CH32X035/EVT/EXAM/SRC/Peripheral/src/ch32x035_flash.c(L644)
evt-x035-iap,FLASH_BufReset,1,set-bits,FLASH_CTLR,0x40022010,CR_PAGE_PG,,,,,,c-sdk,CH32X035/EVT/EXAM/SRC/Peripheral/src/ch32x035_flash.c,646,#,single-source,evt:CH32X035/EVT/EXAM/SRC/Peripheral/src/ch32x035_flash.c(L646)
evt-x035-iap,FLASH_BufReset,2,set-bits,FLASH_CTLR,0x40022010,CR_BUF_RST,,,,,,c-sdk,CH32X035/EVT/EXAM/SRC/Peripheral/src/ch32x035_flash.c,647,#,single-source,evt:CH32X035/EVT/EXAM/SRC/Peripheral/src/ch32x035_flash.c(L647)
evt-x035-iap,FLASH_BufReset,3,wait,FLASH_STATR,0x4002200c,,,,FLASH_STATR,SR_BSY,,c-sdk,CH32X035/EVT/EXAM/SRC/Peripheral/src/ch32x035_flash.c,648,#,single-source,evt:CH32X035/EVT/EXAM/SRC/Peripheral/src/ch32x035_flash.c(L648)
evt-x035-iap,FLASH_BufReset,4,clear-bits,FLASH_CTLR,0x40022010,~CR_PAGE_PG,,,,,,c-sdk,CH32X035/EVT/EXAM/SRC/Peripheral/src/ch32x035_flash.c,650,#,single-source,evt:CH32X035/EVT/EXAM/SRC/Peripheral/src/ch32x035_flash.c(L650)
evt-x035-iap,FLASH_BufLoad,0,clear-bits,FLASH_CTLR,0x40022010,(CR_OPTER_Reset & CR_PAGE_ER_Reset),,,,,,c-sdk,CH32X035/EVT/EXAM/SRC/Peripheral/src/ch32x035_flash.c,665,#,single-source,evt:CH32X035/EVT/EXAM/SRC/Peripheral/src/ch32x035_flash.c(L665)
evt-x035-iap,FLASH_BufLoad,1,set-bits,FLASH_CTLR,0x40022010,CR_PAGE_PG,,,,,,c-sdk,CH32X035/EVT/EXAM/SRC/Peripheral/src/ch32x035_flash.c,667,#,single-source,evt:CH32X035/EVT/EXAM/SRC/Peripheral/src/ch32x035_flash.c(L667)
evt-x035-iap,FLASH_BufLoad,2,write,FLASH_BUF,,*(__IO uint32_t *)(Address) = Data0;,,,,,,c-sdk,CH32X035/EVT/EXAM/SRC/Peripheral/src/ch32x035_flash.c,668,#,single-source,evt:CH32X035/EVT/EXAM/SRC/Peripheral/src/ch32x035_flash.c(L668)
evt-x035-iap,FLASH_BufLoad,3,set-bits,FLASH_CTLR,0x40022010,CR_BUF_LOAD,,,,,,c-sdk,CH32X035/EVT/EXAM/SRC/Peripheral/src/ch32x035_flash.c,669,#,single-source,evt:CH32X035/EVT/EXAM/SRC/Peripheral/src/ch32x035_flash.c(L669)
evt-x035-iap,FLASH_BufLoad,4,wait,FLASH_STATR,0x4002200c,,,,FLASH_STATR,SR_BSY,,c-sdk,CH32X035/EVT/EXAM/SRC/Peripheral/src/ch32x035_flash.c,670,#,single-source,evt:CH32X035/EVT/EXAM/SRC/Peripheral/src/ch32x035_flash.c(L670)
evt-x035-iap,FLASH_BufLoad,5,clear-bits,FLASH_CTLR,0x40022010,~CR_PAGE_PG,,,,,,c-sdk,CH32X035/EVT/EXAM/SRC/Peripheral/src/ch32x035_flash.c,672,#,single-source,evt:CH32X035/EVT/EXAM/SRC/Peripheral/src/ch32x035_flash.c(L672)
evt-x035-iap,FLASH_Unlock,0,write,FLASH_KEYR,0x40022004,FLASH_KEY1,,,,,,c-sdk,CH32X035/EVT/EXAM/SRC/Peripheral/src/ch32x035_flash.c,98,#,single-source,evt:CH32X035/EVT/EXAM/SRC/Peripheral/src/ch32x035_flash.c(L98)
evt-x035-iap,FLASH_Unlock,1,write,FLASH_KEYR,0x40022004,FLASH_KEY2,,,,,,c-sdk,CH32X035/EVT/EXAM/SRC/Peripheral/src/ch32x035_flash.c,99,#,single-source,evt:CH32X035/EVT/EXAM/SRC/Peripheral/src/ch32x035_flash.c(L99)
evt-x035-iap,FLASH_Lock,0,set-bits,FLASH_CTLR,0x40022010,CR_LOCK_Set,,,,,,c-sdk,CH32X035/EVT/EXAM/SRC/Peripheral/src/ch32x035_flash.c,111,#,single-source,evt:CH32X035/EVT/EXAM/SRC/Peripheral/src/ch32x035_flash.c(L111)
evt-x315-iap,FLASH_Unlock_Fast,0,write,FLASH_KEYR,0x40022004,FLASH_KEY1,,,,,,c-sdk,CH32X315/EVT/EXAM/SRC/Peripheral/src/ch32x3x5_flash.c,736,#,single-source,evt:CH32X315/EVT/EXAM/SRC/Peripheral/src/ch32x3x5_flash.c(L736)
evt-x315-iap,FLASH_Unlock_Fast,1,write,FLASH_KEYR,0x40022004,FLASH_KEY2,,,,,,c-sdk,CH32X315/EVT/EXAM/SRC/Peripheral/src/ch32x3x5_flash.c,737,#,single-source,evt:CH32X315/EVT/EXAM/SRC/Peripheral/src/ch32x3x5_flash.c(L737)
evt-x315-iap,FLASH_Unlock_Fast,2,write,FLASH_MODEKEYR,0x40022024,FLASH_KEY1,,,,,,c-sdk,CH32X315/EVT/EXAM/SRC/Peripheral/src/ch32x3x5_flash.c,740,#,single-source,evt:CH32X315/EVT/EXAM/SRC/Peripheral/src/ch32x3x5_flash.c(L740)
evt-x315-iap,FLASH_Unlock_Fast,3,write,FLASH_MODEKEYR,0x40022024,FLASH_KEY2,,,,,,c-sdk,CH32X315/EVT/EXAM/SRC/Peripheral/src/ch32x3x5_flash.c,741,#,single-source,evt:CH32X315/EVT/EXAM/SRC/Peripheral/src/ch32x3x5_flash.c(L741)
evt-x315-iap,FLASH_Lock_Fast,0,set-bits,FLASH_CTLR,0x40022010,CR_FLOCK_Set,,,,,,c-sdk,CH32X315/EVT/EXAM/SRC/Peripheral/src/ch32x3x5_flash.c,753,#,single-source,evt:CH32X315/EVT/EXAM/SRC/Peripheral/src/ch32x3x5_flash.c(L753)
evt-x315-iap,FLASH_ProgramPage_Fast,0,set-bits,FLASH_CTLR,0x40022010,CR_PAGE_PG,,,,,,c-sdk,CH32X315/EVT/EXAM/SRC/Peripheral/src/ch32x3x5_flash.c,792,#,single-source,evt:CH32X315/EVT/EXAM/SRC/Peripheral/src/ch32x3x5_flash.c(L792)
evt-x315-iap,FLASH_ProgramPage_Fast,1,wait,FLASH_STATR,0x4002200c,,,,FLASH_STATR,SR_BSY,,c-sdk,CH32X315/EVT/EXAM/SRC/Peripheral/src/ch32x3x5_flash.c,793,#,single-source,evt:CH32X315/EVT/EXAM/SRC/Peripheral/src/ch32x3x5_flash.c(L793)
evt-x315-iap,FLASH_ProgramPage_Fast,2,wait,FLASH_STATR,0x4002200c,,,,FLASH_STATR,SR_WR_BSY,,c-sdk,CH32X315/EVT/EXAM/SRC/Peripheral/src/ch32x3x5_flash.c,795,#,single-source,evt:CH32X315/EVT/EXAM/SRC/Peripheral/src/ch32x3x5_flash.c(L795)
evt-x315-iap,FLASH_ProgramPage_Fast,3,loop-begin,,,size,,,,,size,c-sdk,CH32X315/EVT/EXAM/SRC/Peripheral/src/ch32x3x5_flash.c,798,#,single-source,evt:CH32X315/EVT/EXAM/SRC/Peripheral/src/ch32x3x5_flash.c(L798)
evt-x315-iap,FLASH_ProgramPage_Fast,4,write,FLASH_BUF,,*(uint32_t *)Page_Address = *(uint32_t *)pbuf;,,,,,,c-sdk,CH32X315/EVT/EXAM/SRC/Peripheral/src/ch32x3x5_flash.c,800,#,single-source,evt:CH32X315/EVT/EXAM/SRC/Peripheral/src/ch32x3x5_flash.c(L800)
evt-x315-iap,FLASH_ProgramPage_Fast,5,wait,FLASH_STATR,0x4002200c,,,,FLASH_STATR,SR_WR_BSY,,c-sdk,CH32X315/EVT/EXAM/SRC/Peripheral/src/ch32x3x5_flash.c,804,#,single-source,evt:CH32X315/EVT/EXAM/SRC/Peripheral/src/ch32x3x5_flash.c(L804)
evt-x315-iap,FLASH_ProgramPage_Fast,6,set-bits,FLASH_CTLR,0x40022010,CR_PG_STRT,,,,,,c-sdk,CH32X315/EVT/EXAM/SRC/Peripheral/src/ch32x3x5_flash.c,808,#,single-source,evt:CH32X315/EVT/EXAM/SRC/Peripheral/src/ch32x3x5_flash.c(L808)
evt-x315-iap,FLASH_ProgramPage_Fast,7,wait,FLASH_STATR,0x4002200c,,,,FLASH_STATR,SR_BSY,,c-sdk,CH32X315/EVT/EXAM/SRC/Peripheral/src/ch32x3x5_flash.c,809,#,single-source,evt:CH32X315/EVT/EXAM/SRC/Peripheral/src/ch32x3x5_flash.c(L809)
evt-x315-iap,FLASH_ProgramPage_Fast,8,clear-bits,FLASH_CTLR,0x40022010,~CR_PAGE_PG,,,,,,c-sdk,CH32X315/EVT/EXAM/SRC/Peripheral/src/ch32x3x5_flash.c,811,#,single-source,evt:CH32X315/EVT/EXAM/SRC/Peripheral/src/ch32x3x5_flash.c(L811)
evt-x315-iap,FLASH_ROM_WRITE,0,write,FLASH_KEYR,0x40022004,FLASH_KEY1,,,,,,c-sdk,CH32X315/EVT/EXAM/SRC/Peripheral/src/ch32x3x5_flash.c,1110,#,single-source,evt:CH32X315/EVT/EXAM/SRC/Peripheral/src/ch32x3x5_flash.c(L1110)
evt-x315-iap,FLASH_ROM_WRITE,1,write,FLASH_KEYR,0x40022004,FLASH_KEY2,,,,,,c-sdk,CH32X315/EVT/EXAM/SRC/Peripheral/src/ch32x3x5_flash.c,1111,#,single-source,evt:CH32X315/EVT/EXAM/SRC/Peripheral/src/ch32x3x5_flash.c(L1111)
evt-x315-iap,FLASH_ROM_WRITE,2,write,FLASH_MODEKEYR,0x40022024,FLASH_KEY1,,,,,,c-sdk,CH32X315/EVT/EXAM/SRC/Peripheral/src/ch32x3x5_flash.c,1114,#,single-source,evt:CH32X315/EVT/EXAM/SRC/Peripheral/src/ch32x3x5_flash.c(L1114)
evt-x315-iap,FLASH_ROM_WRITE,3,write,FLASH_MODEKEYR,0x40022024,FLASH_KEY2,,,,,,c-sdk,CH32X315/EVT/EXAM/SRC/Peripheral/src/ch32x3x5_flash.c,1115,#,single-source,evt:CH32X315/EVT/EXAM/SRC/Peripheral/src/ch32x3x5_flash.c(L1115)
evt-x315-iap,FLASH_ROM_WRITE,4,set-bits,FLASH_CTLR,0x40022010,CR_PAGE_PG,,,,,,c-sdk,CH32X315/EVT/EXAM/SRC/Peripheral/src/ch32x3x5_flash.c,1118,#,single-source,evt:CH32X315/EVT/EXAM/SRC/Peripheral/src/ch32x3x5_flash.c(L1118)
evt-x315-iap,FLASH_ROM_WRITE,5,wait,FLASH_STATR,0x4002200c,,,,FLASH_STATR,SR_BSY,,c-sdk,CH32X315/EVT/EXAM/SRC/Peripheral/src/ch32x3x5_flash.c,1119,#,single-source,evt:CH32X315/EVT/EXAM/SRC/Peripheral/src/ch32x3x5_flash.c(L1119)
evt-x315-iap,FLASH_ROM_WRITE,6,wait,FLASH_STATR,0x4002200c,,,,FLASH_STATR,SR_WR_BSY,,c-sdk,CH32X315/EVT/EXAM/SRC/Peripheral/src/ch32x3x5_flash.c,1121,#,single-source,evt:CH32X315/EVT/EXAM/SRC/Peripheral/src/ch32x3x5_flash.c(L1121)
evt-x315-iap,FLASH_ROM_WRITE,7,loop-begin,,,size,,,,,size,c-sdk,CH32X315/EVT/EXAM/SRC/Peripheral/src/ch32x3x5_flash.c,1124,#,single-source,evt:CH32X315/EVT/EXAM/SRC/Peripheral/src/ch32x3x5_flash.c(L1124)
evt-x315-iap,FLASH_ROM_WRITE,8,write,FLASH_BUF,,*(uint32_t *)StartAddr = *(uint32_t *)pbuf;,,,,,,c-sdk,CH32X315/EVT/EXAM/SRC/Peripheral/src/ch32x3x5_flash.c,1126,#,single-source,evt:CH32X315/EVT/EXAM/SRC/Peripheral/src/ch32x3x5_flash.c(L1126)
evt-x315-iap,FLASH_ROM_WRITE,9,wait,FLASH_STATR,0x4002200c,,,,FLASH_STATR,SR_WR_BSY,,c-sdk,CH32X315/EVT/EXAM/SRC/Peripheral/src/ch32x3x5_flash.c,1130,#,single-source,evt:CH32X315/EVT/EXAM/SRC/Peripheral/src/ch32x3x5_flash.c(L1130)
evt-x315-iap,FLASH_ROM_WRITE,10,set-bits,FLASH_CTLR,0x40022010,CR_PG_STRT,,,,,,c-sdk,CH32X315/EVT/EXAM/SRC/Peripheral/src/ch32x3x5_flash.c,1134,#,single-source,evt:CH32X315/EVT/EXAM/SRC/Peripheral/src/ch32x3x5_flash.c(L1134)
evt-x315-iap,FLASH_ROM_WRITE,11,wait,FLASH_STATR,0x4002200c,,,,FLASH_STATR,SR_BSY,,c-sdk,CH32X315/EVT/EXAM/SRC/Peripheral/src/ch32x3x5_flash.c,1135,#,single-source,evt:CH32X315/EVT/EXAM/SRC/Peripheral/src/ch32x3x5_flash.c(L1135)
evt-x315-iap,FLASH_ROM_WRITE,12,clear-bits,FLASH_CTLR,0x40022010,~CR_PAGE_PG,,,,,,c-sdk,CH32X315/EVT/EXAM/SRC/Peripheral/src/ch32x3x5_flash.c,1137,#,single-source,evt:CH32X315/EVT/EXAM/SRC/Peripheral/src/ch32x3x5_flash.c(L1137)
evt-x315-iap,FLASH_ROM_WRITE,13,set-bits,FLASH_CTLR,0x40022010,CR_FLOCK_Set,,,,,,c-sdk,CH32X315/EVT/EXAM/SRC/Peripheral/src/ch32x3x5_flash.c,1140,#,single-source,evt:CH32X315/EVT/EXAM/SRC/Peripheral/src/ch32x3x5_flash.c(L1140)
evt-x315-iap,FLASH_ROM_WRITE,14,set-bits,FLASH_CTLR,0x40022010,CR_LOCK_Set,,,,,,c-sdk,CH32X315/EVT/EXAM/SRC/Peripheral/src/ch32x3x5_flash.c,1141,#,single-source,evt:CH32X315/EVT/EXAM/SRC/Peripheral/src/ch32x3x5_flash.c(L1141)
evt-x315-iap,FLASH_ROM_ERASE,0,write,FLASH_KEYR,0x40022004,FLASH_KEY1,,,,,,c-sdk,CH32X315/EVT/EXAM/SRC/Peripheral/src/ch32x3x5_flash.c,1002,#,single-source,evt:CH32X315/EVT/EXAM/SRC/Peripheral/src/ch32x3x5_flash.c(L1002)
evt-x315-iap,FLASH_ROM_ERASE,1,write,FLASH_KEYR,0x40022004,FLASH_KEY2,,,,,,c-sdk,CH32X315/EVT/EXAM/SRC/Peripheral/src/ch32x3x5_flash.c,1003,#,single-source,evt:CH32X315/EVT/EXAM/SRC/Peripheral/src/ch32x3x5_flash.c(L1003)
evt-x315-iap,FLASH_ROM_ERASE,2,write,FLASH_MODEKEYR,0x40022024,FLASH_KEY1,,,,,,c-sdk,CH32X315/EVT/EXAM/SRC/Peripheral/src/ch32x3x5_flash.c,1006,#,single-source,evt:CH32X315/EVT/EXAM/SRC/Peripheral/src/ch32x3x5_flash.c(L1006)
evt-x315-iap,FLASH_ROM_ERASE,3,write,FLASH_MODEKEYR,0x40022024,FLASH_KEY2,,,,,,c-sdk,CH32X315/EVT/EXAM/SRC/Peripheral/src/ch32x3x5_flash.c,1007,#,single-source,evt:CH32X315/EVT/EXAM/SRC/Peripheral/src/ch32x3x5_flash.c(L1007)
evt-x315-iap,FLASH_ROM_ERASE,4,set-bits,FLASH_CTLR,0x40022010,CR_FLOCK_Set,,,,,,c-sdk,CH32X315/EVT/EXAM/SRC/Peripheral/src/ch32x3x5_flash.c,1067,#,single-source,evt:CH32X315/EVT/EXAM/SRC/Peripheral/src/ch32x3x5_flash.c(L1067)
evt-x315-iap,FLASH_ROM_ERASE,5,set-bits,FLASH_CTLR,0x40022010,CR_LOCK_Set,,,,,,c-sdk,CH32X315/EVT/EXAM/SRC/Peripheral/src/ch32x3x5_flash.c,1068,#,single-source,evt:CH32X315/EVT/EXAM/SRC/Peripheral/src/ch32x3x5_flash.c(L1068)
evt-x315-iap,FLASH_Unlock,0,write,FLASH_KEYR,0x40022004,FLASH_KEY1,,,,,,c-sdk,CH32X315/EVT/EXAM/SRC/Peripheral/src/ch32x3x5_flash.c,74,#,single-source,evt:CH32X315/EVT/EXAM/SRC/Peripheral/src/ch32x3x5_flash.c(L74)
evt-x315-iap,FLASH_Unlock,1,write,FLASH_KEYR,0x40022004,FLASH_KEY2,,,,,,c-sdk,CH32X315/EVT/EXAM/SRC/Peripheral/src/ch32x3x5_flash.c,75,#,single-source,evt:CH32X315/EVT/EXAM/SRC/Peripheral/src/ch32x3x5_flash.c(L75)
evt-x315-iap,FLASH_Lock,0,set-bits,FLASH_CTLR,0x40022010,CR_LOCK_Set,,,,,,c-sdk,CH32X315/EVT/EXAM/SRC/Peripheral/src/ch32x3x5_flash.c,87,#,single-source,evt:CH32X315/EVT/EXAM/SRC/Peripheral/src/ch32x3x5_flash.c(L87)
evt-l103-iap,FLASH_Unlock_Fast,0,write,FLASH_KEYR,0x40022004,FLASH_KEY1,,,,,,c-sdk,CH32L103/EVT/EXAM/SRC/Peripheral/src/ch32l103_flash.c,608,#,single-source,evt:CH32L103/EVT/EXAM/SRC/Peripheral/src/ch32l103_flash.c(L608)
evt-l103-iap,FLASH_Unlock_Fast,1,write,FLASH_KEYR,0x40022004,FLASH_KEY2,,,,,,c-sdk,CH32L103/EVT/EXAM/SRC/Peripheral/src/ch32l103_flash.c,609,#,single-source,evt:CH32L103/EVT/EXAM/SRC/Peripheral/src/ch32l103_flash.c(L609)
evt-l103-iap,FLASH_Unlock_Fast,2,write,FLASH_MODEKEYR,0x40022024,FLASH_KEY1,,,,,,c-sdk,CH32L103/EVT/EXAM/SRC/Peripheral/src/ch32l103_flash.c,612,#,single-source,evt:CH32L103/EVT/EXAM/SRC/Peripheral/src/ch32l103_flash.c(L612)
evt-l103-iap,FLASH_Unlock_Fast,3,write,FLASH_MODEKEYR,0x40022024,FLASH_KEY2,,,,,,c-sdk,CH32L103/EVT/EXAM/SRC/Peripheral/src/ch32l103_flash.c,613,#,single-source,evt:CH32L103/EVT/EXAM/SRC/Peripheral/src/ch32l103_flash.c(L613)
evt-l103-iap,FLASH_Lock_Fast,0,set-bits,FLASH_CTLR,0x40022010,CR_FLOCK_Set,,,,,,c-sdk,CH32L103/EVT/EXAM/SRC/Peripheral/src/ch32l103_flash.c,625,#,single-source,evt:CH32L103/EVT/EXAM/SRC/Peripheral/src/ch32l103_flash.c(L625)
evt-l103-iap,FLASH_ProgramPage_Fast,0,clear-bits,FLASH_CTLR,0x40022010,(CR_OPTER_Reset & CR_PAGE_ER_Reset),,,,,,c-sdk,CH32L103/EVT/EXAM/SRC/Peripheral/src/ch32l103_flash.c,723,#,single-source,evt:CH32L103/EVT/EXAM/SRC/Peripheral/src/ch32l103_flash.c(L723)
evt-l103-iap,FLASH_ProgramPage_Fast,1,set-bits,FLASH_CTLR,0x40022010,CR_PAGE_PG,,,,,,c-sdk,CH32L103/EVT/EXAM/SRC/Peripheral/src/ch32l103_flash.c,725,#,single-source,evt:CH32L103/EVT/EXAM/SRC/Peripheral/src/ch32l103_flash.c(L725)
evt-l103-iap,FLASH_ProgramPage_Fast,2,write,FLASH_ADDR,0x40022014,Page_Address,,,,,,c-sdk,CH32L103/EVT/EXAM/SRC/Peripheral/src/ch32l103_flash.c,726,#,single-source,evt:CH32L103/EVT/EXAM/SRC/Peripheral/src/ch32l103_flash.c(L726)
evt-l103-iap,FLASH_ProgramPage_Fast,3,set-bits,FLASH_CTLR,0x40022010,CR_STRT_Set,,,,,,c-sdk,CH32L103/EVT/EXAM/SRC/Peripheral/src/ch32l103_flash.c,727,#,single-source,evt:CH32L103/EVT/EXAM/SRC/Peripheral/src/ch32l103_flash.c(L727)
evt-l103-iap,FLASH_ProgramPage_Fast,4,wait,FLASH_STATR,0x4002200c,,,,FLASH_STATR,SR_BSY,,c-sdk,CH32L103/EVT/EXAM/SRC/Peripheral/src/ch32l103_flash.c,728,#,single-source,evt:CH32L103/EVT/EXAM/SRC/Peripheral/src/ch32l103_flash.c(L728)
evt-l103-iap,FLASH_ProgramPage_Fast,5,clear-bits,FLASH_CTLR,0x40022010,~CR_PAGE_PG,,,,,,c-sdk,CH32L103/EVT/EXAM/SRC/Peripheral/src/ch32l103_flash.c,730,#,single-source,evt:CH32L103/EVT/EXAM/SRC/Peripheral/src/ch32l103_flash.c(L730)
evt-l103-iap,FLASH_ErasePage_Fast,0,clear-bits,FLASH_CTLR,0x40022010,(CR_OPTER_Reset & CR_PAGE_ER_Reset),,,,,,c-sdk,CH32L103/EVT/EXAM/SRC/Peripheral/src/ch32l103_flash.c,679,#,single-source,evt:CH32L103/EVT/EXAM/SRC/Peripheral/src/ch32l103_flash.c(L679)
evt-l103-iap,FLASH_ErasePage_Fast,1,set-bits,FLASH_CTLR,0x40022010,CR_PAGE_ER,,,,,,c-sdk,CH32L103/EVT/EXAM/SRC/Peripheral/src/ch32l103_flash.c,681,#,single-source,evt:CH32L103/EVT/EXAM/SRC/Peripheral/src/ch32l103_flash.c(L681)
evt-l103-iap,FLASH_ErasePage_Fast,2,write,FLASH_ADDR,0x40022014,Page_Address,,,,,,c-sdk,CH32L103/EVT/EXAM/SRC/Peripheral/src/ch32l103_flash.c,682,#,single-source,evt:CH32L103/EVT/EXAM/SRC/Peripheral/src/ch32l103_flash.c(L682)
evt-l103-iap,FLASH_ErasePage_Fast,3,set-bits,FLASH_CTLR,0x40022010,CR_STRT_Set,,,,,,c-sdk,CH32L103/EVT/EXAM/SRC/Peripheral/src/ch32l103_flash.c,683,#,single-source,evt:CH32L103/EVT/EXAM/SRC/Peripheral/src/ch32l103_flash.c(L683)
evt-l103-iap,FLASH_ErasePage_Fast,4,wait,FLASH_STATR,0x4002200c,,,,FLASH_STATR,SR_BSY,,c-sdk,CH32L103/EVT/EXAM/SRC/Peripheral/src/ch32l103_flash.c,684,#,single-source,evt:CH32L103/EVT/EXAM/SRC/Peripheral/src/ch32l103_flash.c(L684)
evt-l103-iap,FLASH_ErasePage_Fast,5,clear-bits,FLASH_CTLR,0x40022010,~CR_PAGE_ER,,,,,,c-sdk,CH32L103/EVT/EXAM/SRC/Peripheral/src/ch32l103_flash.c,686,#,single-source,evt:CH32L103/EVT/EXAM/SRC/Peripheral/src/ch32l103_flash.c(L686)
evt-l103-iap,FLASH_ROM_WRITE,0,write,FLASH_KEYR,0x40022004,FLASH_KEY1,,,,,,c-sdk,CH32L103/EVT/EXAM/SRC/Peripheral/src/ch32l103_flash.c,969,#,single-source,evt:CH32L103/EVT/EXAM/SRC/Peripheral/src/ch32l103_flash.c(L969)
evt-l103-iap,FLASH_ROM_WRITE,1,write,FLASH_KEYR,0x40022004,FLASH_KEY2,,,,,,c-sdk,CH32L103/EVT/EXAM/SRC/Peripheral/src/ch32l103_flash.c,970,#,single-source,evt:CH32L103/EVT/EXAM/SRC/Peripheral/src/ch32l103_flash.c(L970)
evt-l103-iap,FLASH_ROM_WRITE,2,write,FLASH_MODEKEYR,0x40022024,FLASH_KEY1,,,,,,c-sdk,CH32L103/EVT/EXAM/SRC/Peripheral/src/ch32l103_flash.c,973,#,single-source,evt:CH32L103/EVT/EXAM/SRC/Peripheral/src/ch32l103_flash.c(L973)
evt-l103-iap,FLASH_ROM_WRITE,3,write,FLASH_MODEKEYR,0x40022024,FLASH_KEY2,,,,,,c-sdk,CH32L103/EVT/EXAM/SRC/Peripheral/src/ch32l103_flash.c,974,#,single-source,evt:CH32L103/EVT/EXAM/SRC/Peripheral/src/ch32l103_flash.c(L974)
evt-l103-iap,FLASH_ROM_WRITE,4,clear-bits,FLASH_CTLR,0x40022010,(CR_OPTER_Reset & CR_PAGE_ER_Reset),,,,,,c-sdk,CH32L103/EVT/EXAM/SRC/Peripheral/src/ch32l103_flash.c,976,#,single-source,evt:CH32L103/EVT/EXAM/SRC/Peripheral/src/ch32l103_flash.c(L976)
evt-l103-iap,FLASH_ROM_WRITE,5,set-bits,FLASH_CTLR,0x40022010,CR_PAGE_PG,,,,,,c-sdk,CH32L103/EVT/EXAM/SRC/Peripheral/src/ch32l103_flash.c,979,#,single-source,evt:CH32L103/EVT/EXAM/SRC/Peripheral/src/ch32l103_flash.c(L979)
evt-l103-iap,FLASH_ROM_WRITE,6,set-bits,FLASH_CTLR,0x40022010,CR_BUF_RST,,,,,,c-sdk,CH32L103/EVT/EXAM/SRC/Peripheral/src/ch32l103_flash.c,980,#,single-source,evt:CH32L103/EVT/EXAM/SRC/Peripheral/src/ch32l103_flash.c(L980)
evt-l103-iap,FLASH_ROM_WRITE,7,wait,FLASH_STATR,0x4002200c,,,,FLASH_STATR,SR_BSY,,c-sdk,CH32L103/EVT/EXAM/SRC/Peripheral/src/ch32l103_flash.c,981,#,single-source,evt:CH32L103/EVT/EXAM/SRC/Peripheral/src/ch32l103_flash.c(L981)
evt-l103-iap,FLASH_ROM_WRITE,8,loop-begin,,,size,,,,,size,c-sdk,CH32L103/EVT/EXAM/SRC/Peripheral/src/ch32l103_flash.c,984,#,single-source,evt:CH32L103/EVT/EXAM/SRC/Peripheral/src/ch32l103_flash.c(L984)
evt-l103-iap,FLASH_ROM_WRITE,9,write,FLASH_BUF,,*(uint32_t *)StartAddr = *(uint32_t *)pbuf;,,,,,,c-sdk,CH32L103/EVT/EXAM/SRC/Peripheral/src/ch32l103_flash.c,986,#,single-source,evt:CH32L103/EVT/EXAM/SRC/Peripheral/src/ch32l103_flash.c(L986)
evt-l103-iap,FLASH_ROM_WRITE,10,set-bits,FLASH_CTLR,0x40022010,CR_BUF_LOAD,,,,,,c-sdk,CH32L103/EVT/EXAM/SRC/Peripheral/src/ch32l103_flash.c,987,#,single-source,evt:CH32L103/EVT/EXAM/SRC/Peripheral/src/ch32l103_flash.c(L987)
evt-l103-iap,FLASH_ROM_WRITE,11,wait,FLASH_STATR,0x4002200c,,,,FLASH_STATR,SR_BSY,,c-sdk,CH32L103/EVT/EXAM/SRC/Peripheral/src/ch32l103_flash.c,988,#,single-source,evt:CH32L103/EVT/EXAM/SRC/Peripheral/src/ch32l103_flash.c(L988)
evt-l103-iap,FLASH_ROM_WRITE,12,write,FLASH_ADDR,0x40022014,adr,,,,,,c-sdk,CH32L103/EVT/EXAM/SRC/Peripheral/src/ch32l103_flash.c,995,#,single-source,evt:CH32L103/EVT/EXAM/SRC/Peripheral/src/ch32l103_flash.c(L995)
evt-l103-iap,FLASH_ROM_WRITE,13,set-bits,FLASH_CTLR,0x40022010,CR_STRT_Set,,,,,,c-sdk,CH32L103/EVT/EXAM/SRC/Peripheral/src/ch32l103_flash.c,996,#,single-source,evt:CH32L103/EVT/EXAM/SRC/Peripheral/src/ch32l103_flash.c(L996)
evt-l103-iap,FLASH_ROM_WRITE,14,wait,FLASH_STATR,0x4002200c,,,,FLASH_STATR,SR_BSY,,c-sdk,CH32L103/EVT/EXAM/SRC/Peripheral/src/ch32l103_flash.c,997,#,single-source,evt:CH32L103/EVT/EXAM/SRC/Peripheral/src/ch32l103_flash.c(L997)
evt-l103-iap,FLASH_ROM_WRITE,15,clear-bits,FLASH_CTLR,0x40022010,~CR_PAGE_PG,,,,,,c-sdk,CH32L103/EVT/EXAM/SRC/Peripheral/src/ch32l103_flash.c,999,#,single-source,evt:CH32L103/EVT/EXAM/SRC/Peripheral/src/ch32l103_flash.c(L999)
evt-l103-iap,FLASH_ROM_WRITE,16,set-bits,FLASH_CTLR,0x40022010,CR_FLOCK_Set,,,,,,c-sdk,CH32L103/EVT/EXAM/SRC/Peripheral/src/ch32l103_flash.c,1003,#,single-source,evt:CH32L103/EVT/EXAM/SRC/Peripheral/src/ch32l103_flash.c(L1003)
evt-l103-iap,FLASH_ROM_WRITE,17,set-bits,FLASH_CTLR,0x40022010,CR_LOCK_Set,,,,,,c-sdk,CH32L103/EVT/EXAM/SRC/Peripheral/src/ch32l103_flash.c,1004,#,single-source,evt:CH32L103/EVT/EXAM/SRC/Peripheral/src/ch32l103_flash.c(L1004)
evt-l103-iap,FLASH_ROM_ERASE,0,write,FLASH_KEYR,0x40022004,FLASH_KEY1,,,,,,c-sdk,CH32L103/EVT/EXAM/SRC/Peripheral/src/ch32l103_flash.c,820,#,single-source,evt:CH32L103/EVT/EXAM/SRC/Peripheral/src/ch32l103_flash.c(L820)
evt-l103-iap,FLASH_ROM_ERASE,1,write,FLASH_KEYR,0x40022004,FLASH_KEY2,,,,,,c-sdk,CH32L103/EVT/EXAM/SRC/Peripheral/src/ch32l103_flash.c,821,#,single-source,evt:CH32L103/EVT/EXAM/SRC/Peripheral/src/ch32l103_flash.c(L821)
evt-l103-iap,FLASH_ROM_ERASE,2,write,FLASH_MODEKEYR,0x40022024,FLASH_KEY1,,,,,,c-sdk,CH32L103/EVT/EXAM/SRC/Peripheral/src/ch32l103_flash.c,824,#,single-source,evt:CH32L103/EVT/EXAM/SRC/Peripheral/src/ch32l103_flash.c(L824)
evt-l103-iap,FLASH_ROM_ERASE,3,write,FLASH_MODEKEYR,0x40022024,FLASH_KEY2,,,,,,c-sdk,CH32L103/EVT/EXAM/SRC/Peripheral/src/ch32l103_flash.c,825,#,single-source,evt:CH32L103/EVT/EXAM/SRC/Peripheral/src/ch32l103_flash.c(L825)
evt-l103-iap,FLASH_ROM_ERASE,4,set-bits,FLASH_CTLR,0x40022010,CR_FLOCK_Set,,,,,,c-sdk,CH32L103/EVT/EXAM/SRC/Peripheral/src/ch32l103_flash.c,925,#,single-source,evt:CH32L103/EVT/EXAM/SRC/Peripheral/src/ch32l103_flash.c(L925)
evt-l103-iap,FLASH_ROM_ERASE,5,set-bits,FLASH_CTLR,0x40022010,CR_LOCK_Set,,,,,,c-sdk,CH32L103/EVT/EXAM/SRC/Peripheral/src/ch32l103_flash.c,926,#,single-source,evt:CH32L103/EVT/EXAM/SRC/Peripheral/src/ch32l103_flash.c(L926)
evt-l103-iap,FLASH_BufReset,0,clear-bits,FLASH_CTLR,0x40022010,(CR_OPTER_Reset & CR_PAGE_ER_Reset),,,,,,c-sdk,CH32L103/EVT/EXAM/SRC/Peripheral/src/ch32l103_flash.c,637,#,single-source,evt:CH32L103/EVT/EXAM/SRC/Peripheral/src/ch32l103_flash.c(L637)
evt-l103-iap,FLASH_BufReset,1,set-bits,FLASH_CTLR,0x40022010,CR_PAGE_PG,,,,,,c-sdk,CH32L103/EVT/EXAM/SRC/Peripheral/src/ch32l103_flash.c,639,#,single-source,evt:CH32L103/EVT/EXAM/SRC/Peripheral/src/ch32l103_flash.c(L639)
evt-l103-iap,FLASH_BufReset,2,set-bits,FLASH_CTLR,0x40022010,CR_BUF_RST,,,,,,c-sdk,CH32L103/EVT/EXAM/SRC/Peripheral/src/ch32l103_flash.c,640,#,single-source,evt:CH32L103/EVT/EXAM/SRC/Peripheral/src/ch32l103_flash.c(L640)
evt-l103-iap,FLASH_BufReset,3,wait,FLASH_STATR,0x4002200c,,,,FLASH_STATR,SR_BSY,,c-sdk,CH32L103/EVT/EXAM/SRC/Peripheral/src/ch32l103_flash.c,641,#,single-source,evt:CH32L103/EVT/EXAM/SRC/Peripheral/src/ch32l103_flash.c(L641)
evt-l103-iap,FLASH_BufReset,4,clear-bits,FLASH_CTLR,0x40022010,~CR_PAGE_PG,,,,,,c-sdk,CH32L103/EVT/EXAM/SRC/Peripheral/src/ch32l103_flash.c,643,#,single-source,evt:CH32L103/EVT/EXAM/SRC/Peripheral/src/ch32l103_flash.c(L643)
evt-l103-iap,FLASH_BufLoad,0,clear-bits,FLASH_CTLR,0x40022010,(CR_OPTER_Reset & CR_PAGE_ER_Reset),,,,,,c-sdk,CH32L103/EVT/EXAM/SRC/Peripheral/src/ch32l103_flash.c,658,#,single-source,evt:CH32L103/EVT/EXAM/SRC/Peripheral/src/ch32l103_flash.c(L658)
evt-l103-iap,FLASH_BufLoad,1,set-bits,FLASH_CTLR,0x40022010,CR_PAGE_PG,,,,,,c-sdk,CH32L103/EVT/EXAM/SRC/Peripheral/src/ch32l103_flash.c,660,#,single-source,evt:CH32L103/EVT/EXAM/SRC/Peripheral/src/ch32l103_flash.c(L660)
evt-l103-iap,FLASH_BufLoad,2,write,FLASH_BUF,,*(__IO uint32_t *)(Address) = Data0;,,,,,,c-sdk,CH32L103/EVT/EXAM/SRC/Peripheral/src/ch32l103_flash.c,661,#,single-source,evt:CH32L103/EVT/EXAM/SRC/Peripheral/src/ch32l103_flash.c(L661)
evt-l103-iap,FLASH_BufLoad,3,set-bits,FLASH_CTLR,0x40022010,CR_BUF_LOAD,,,,,,c-sdk,CH32L103/EVT/EXAM/SRC/Peripheral/src/ch32l103_flash.c,662,#,single-source,evt:CH32L103/EVT/EXAM/SRC/Peripheral/src/ch32l103_flash.c(L662)
evt-l103-iap,FLASH_BufLoad,4,wait,FLASH_STATR,0x4002200c,,,,FLASH_STATR,SR_BSY,,c-sdk,CH32L103/EVT/EXAM/SRC/Peripheral/src/ch32l103_flash.c,663,#,single-source,evt:CH32L103/EVT/EXAM/SRC/Peripheral/src/ch32l103_flash.c(L663)
evt-l103-iap,FLASH_BufLoad,5,clear-bits,FLASH_CTLR,0x40022010,~CR_PAGE_PG,,,,,,c-sdk,CH32L103/EVT/EXAM/SRC/Peripheral/src/ch32l103_flash.c,665,#,single-source,evt:CH32L103/EVT/EXAM/SRC/Peripheral/src/ch32l103_flash.c(L665)
evt-l103-iap,FLASH_Unlock,0,write,FLASH_KEYR,0x40022004,FLASH_KEY1,,,,,,c-sdk,CH32L103/EVT/EXAM/SRC/Peripheral/src/ch32l103_flash.c,95,#,single-source,evt:CH32L103/EVT/EXAM/SRC/Peripheral/src/ch32l103_flash.c(L95)
evt-l103-iap,FLASH_Unlock,1,write,FLASH_KEYR,0x40022004,FLASH_KEY2,,,,,,c-sdk,CH32L103/EVT/EXAM/SRC/Peripheral/src/ch32l103_flash.c,96,#,single-source,evt:CH32L103/EVT/EXAM/SRC/Peripheral/src/ch32l103_flash.c(L96)
evt-l103-iap,FLASH_Lock,0,set-bits,FLASH_CTLR,0x40022010,CR_LOCK_Set,,,,,,c-sdk,CH32L103/EVT/EXAM/SRC/Peripheral/src/ch32l103_flash.c,108,#,single-source,evt:CH32L103/EVT/EXAM/SRC/Peripheral/src/ch32l103_flash.c(L108)
evt-m030-iap,FLASH_Unlock_Fast,0,write,FLASH_KEYR,0x40022004,FLASH_KEY1,,,,,,c-sdk,CH32M030/EVT/EXAM/SRC/Peripheral/src/ch32m030_flash.c,658,#,single-source,evt:CH32M030/EVT/EXAM/SRC/Peripheral/src/ch32m030_flash.c(L658)
evt-m030-iap,FLASH_Unlock_Fast,1,write,FLASH_KEYR,0x40022004,FLASH_KEY2,,,,,,c-sdk,CH32M030/EVT/EXAM/SRC/Peripheral/src/ch32m030_flash.c,659,#,single-source,evt:CH32M030/EVT/EXAM/SRC/Peripheral/src/ch32m030_flash.c(L659)
evt-m030-iap,FLASH_Unlock_Fast,2,write,FLASH_MODEKEYR,0x40022024,FLASH_KEY1,,,,,,c-sdk,CH32M030/EVT/EXAM/SRC/Peripheral/src/ch32m030_flash.c,662,#,single-source,evt:CH32M030/EVT/EXAM/SRC/Peripheral/src/ch32m030_flash.c(L662)
evt-m030-iap,FLASH_Unlock_Fast,3,write,FLASH_MODEKEYR,0x40022024,FLASH_KEY2,,,,,,c-sdk,CH32M030/EVT/EXAM/SRC/Peripheral/src/ch32m030_flash.c,663,#,single-source,evt:CH32M030/EVT/EXAM/SRC/Peripheral/src/ch32m030_flash.c(L663)
evt-m030-iap,FLASH_Lock_Fast,0,set-bits,FLASH_CTLR,0x40022010,CR_FLOCK_Set,,,,,,c-sdk,CH32M030/EVT/EXAM/SRC/Peripheral/src/ch32m030_flash.c,675,#,single-source,evt:CH32M030/EVT/EXAM/SRC/Peripheral/src/ch32m030_flash.c(L675)
evt-m030-iap,FLASH_ProgramPage_Fast,0,set-bits,FLASH_CTLR,0x40022010,CR_PAGE_PG,,,,,,c-sdk,CH32M030/EVT/EXAM/SRC/Peripheral/src/ch32m030_flash.c,756,#,single-source,evt:CH32M030/EVT/EXAM/SRC/Peripheral/src/ch32m030_flash.c(L756)
evt-m030-iap,FLASH_ProgramPage_Fast,1,write,FLASH_ADDR,0x40022014,Page_Address,,,,,,c-sdk,CH32M030/EVT/EXAM/SRC/Peripheral/src/ch32m030_flash.c,757,#,single-source,evt:CH32M030/EVT/EXAM/SRC/Peripheral/src/ch32m030_flash.c(L757)
evt-m030-iap,FLASH_ProgramPage_Fast,2,set-bits,FLASH_CTLR,0x40022010,CR_STRT_Set,,,,,,c-sdk,CH32M030/EVT/EXAM/SRC/Peripheral/src/ch32m030_flash.c,758,#,single-source,evt:CH32M030/EVT/EXAM/SRC/Peripheral/src/ch32m030_flash.c(L758)
evt-m030-iap,FLASH_ProgramPage_Fast,3,wait,FLASH_STATR,0x4002200c,,,,FLASH_STATR,SR_BSY,,c-sdk,CH32M030/EVT/EXAM/SRC/Peripheral/src/ch32m030_flash.c,759,#,single-source,evt:CH32M030/EVT/EXAM/SRC/Peripheral/src/ch32m030_flash.c(L759)
evt-m030-iap,FLASH_ProgramPage_Fast,4,clear-bits,FLASH_CTLR,0x40022010,~CR_PAGE_PG,,,,,,c-sdk,CH32M030/EVT/EXAM/SRC/Peripheral/src/ch32m030_flash.c,761,#,single-source,evt:CH32M030/EVT/EXAM/SRC/Peripheral/src/ch32m030_flash.c(L761)
evt-m030-iap,FLASH_ProgramPage_Fast,5,write,FLASH_BUF,,*(__IO uint32_t*)0x40022034 = *(__IO uint32_t*)((Page_Addres,,,,,,c-sdk,CH32M030/EVT/EXAM/SRC/Peripheral/src/ch32m030_flash.c,762,#,single-source,evt:CH32M030/EVT/EXAM/SRC/Peripheral/src/ch32m030_flash.c(L762)
evt-m030-iap,FLASH_ErasePage_Fast,0,set-bits,FLASH_CTLR,0x40022010,CR_PAGE_ER,,,,,,c-sdk,CH32M030/EVT/EXAM/SRC/Peripheral/src/ch32m030_flash.c,733,#,single-source,evt:CH32M030/EVT/EXAM/SRC/Peripheral/src/ch32m030_flash.c(L733)
evt-m030-iap,FLASH_ErasePage_Fast,1,write,FLASH_ADDR,0x40022014,Page_Address,,,,,,c-sdk,CH32M030/EVT/EXAM/SRC/Peripheral/src/ch32m030_flash.c,734,#,single-source,evt:CH32M030/EVT/EXAM/SRC/Peripheral/src/ch32m030_flash.c(L734)
evt-m030-iap,FLASH_ErasePage_Fast,2,set-bits,FLASH_CTLR,0x40022010,CR_STRT_Set,,,,,,c-sdk,CH32M030/EVT/EXAM/SRC/Peripheral/src/ch32m030_flash.c,735,#,single-source,evt:CH32M030/EVT/EXAM/SRC/Peripheral/src/ch32m030_flash.c(L735)
evt-m030-iap,FLASH_ErasePage_Fast,3,wait,FLASH_STATR,0x4002200c,,,,FLASH_STATR,SR_BSY,,c-sdk,CH32M030/EVT/EXAM/SRC/Peripheral/src/ch32m030_flash.c,736,#,single-source,evt:CH32M030/EVT/EXAM/SRC/Peripheral/src/ch32m030_flash.c(L736)
evt-m030-iap,FLASH_ErasePage_Fast,4,clear-bits,FLASH_CTLR,0x40022010,~CR_PAGE_ER,,,,,,c-sdk,CH32M030/EVT/EXAM/SRC/Peripheral/src/ch32m030_flash.c,738,#,single-source,evt:CH32M030/EVT/EXAM/SRC/Peripheral/src/ch32m030_flash.c(L738)
evt-m030-iap,FLASH_ErasePage_Fast,5,write,FLASH_BUF,,*(__IO uint32_t*)0x40022034 = *(__IO uint32_t*)((Page_Addres,,,,,,c-sdk,CH32M030/EVT/EXAM/SRC/Peripheral/src/ch32m030_flash.c,739,#,single-source,evt:CH32M030/EVT/EXAM/SRC/Peripheral/src/ch32m030_flash.c(L739)
evt-m030-iap,FLASH_ROM_WRITE,0,write,FLASH_KEYR,0x40022004,FLASH_KEY1,,,,,,c-sdk,CH32M030/EVT/EXAM/SRC/Peripheral/src/ch32m030_flash.c,950,#,single-source,evt:CH32M030/EVT/EXAM/SRC/Peripheral/src/ch32m030_flash.c(L950)
evt-m030-iap,FLASH_ROM_WRITE,1,write,FLASH_KEYR,0x40022004,FLASH_KEY2,,,,,,c-sdk,CH32M030/EVT/EXAM/SRC/Peripheral/src/ch32m030_flash.c,951,#,single-source,evt:CH32M030/EVT/EXAM/SRC/Peripheral/src/ch32m030_flash.c(L951)
evt-m030-iap,FLASH_ROM_WRITE,2,write,FLASH_MODEKEYR,0x40022024,FLASH_KEY1,,,,,,c-sdk,CH32M030/EVT/EXAM/SRC/Peripheral/src/ch32m030_flash.c,954,#,single-source,evt:CH32M030/EVT/EXAM/SRC/Peripheral/src/ch32m030_flash.c(L954)
evt-m030-iap,FLASH_ROM_WRITE,3,write,FLASH_MODEKEYR,0x40022024,FLASH_KEY2,,,,,,c-sdk,CH32M030/EVT/EXAM/SRC/Peripheral/src/ch32m030_flash.c,955,#,single-source,evt:CH32M030/EVT/EXAM/SRC/Peripheral/src/ch32m030_flash.c(L955)
evt-m030-iap,FLASH_ROM_WRITE,4,set-bits,FLASH_CTLR,0x40022010,CR_PAGE_PG,,,,,,c-sdk,CH32M030/EVT/EXAM/SRC/Peripheral/src/ch32m030_flash.c,958,#,single-source,evt:CH32M030/EVT/EXAM/SRC/Peripheral/src/ch32m030_flash.c(L958)
evt-m030-iap,FLASH_ROM_WRITE,5,set-bits,FLASH_CTLR,0x40022010,CR_BUF_RST,,,,,,c-sdk,CH32M030/EVT/EXAM/SRC/Peripheral/src/ch32m030_flash.c,959,#,single-source,evt:CH32M030/EVT/EXAM/SRC/Peripheral/src/ch32m030_flash.c(L959)
evt-m030-iap,FLASH_ROM_WRITE,6,wait,FLASH_STATR,0x4002200c,,,,FLASH_STATR,SR_BSY,,c-sdk,CH32M030/EVT/EXAM/SRC/Peripheral/src/ch32m030_flash.c,960,#,single-source,evt:CH32M030/EVT/EXAM/SRC/Peripheral/src/ch32m030_flash.c(L960)
evt-m030-iap,FLASH_ROM_WRITE,7,loop-begin,,,size,,,,,size,c-sdk,CH32M030/EVT/EXAM/SRC/Peripheral/src/ch32m030_flash.c,963,#,single-source,evt:CH32M030/EVT/EXAM/SRC/Peripheral/src/ch32m030_flash.c(L963)
evt-m030-iap,FLASH_ROM_WRITE,8,write,FLASH_BUF,,*(__IO uint32_t *)(StartAddr) = *(uint32_t *)pbuf++;,,,,,,c-sdk,CH32M030/EVT/EXAM/SRC/Peripheral/src/ch32m030_flash.c,965,#,single-source,evt:CH32M030/EVT/EXAM/SRC/Peripheral/src/ch32m030_flash.c(L965)
evt-m030-iap,FLASH_ROM_WRITE,9,write,FLASH_BUF,,*(__IO uint32_t *)(StartAddr + 0x04) = *(uint32_t *)pbuf++;,,,,,,c-sdk,CH32M030/EVT/EXAM/SRC/Peripheral/src/ch32m030_flash.c,966,#,single-source,evt:CH32M030/EVT/EXAM/SRC/Peripheral/src/ch32m030_flash.c(L966)
evt-m030-iap,FLASH_ROM_WRITE,10,set-bits,FLASH_CTLR,0x40022010,CR_BUF_LOAD,,,,,,c-sdk,CH32M030/EVT/EXAM/SRC/Peripheral/src/ch32m030_flash.c,967,#,single-source,evt:CH32M030/EVT/EXAM/SRC/Peripheral/src/ch32m030_flash.c(L967)
evt-m030-iap,FLASH_ROM_WRITE,11,wait,FLASH_STATR,0x4002200c,,,,FLASH_STATR,SR_BSY,,c-sdk,CH32M030/EVT/EXAM/SRC/Peripheral/src/ch32m030_flash.c,968,#,single-source,evt:CH32M030/EVT/EXAM/SRC/Peripheral/src/ch32m030_flash.c(L968)
evt-m030-iap,FLASH_ROM_WRITE,12,write,FLASH_BUF,,*(__IO uint32_t*)0x40022034 = *(__IO uint32_t*)((StartAddr &,,,,,,c-sdk,CH32M030/EVT/EXAM/SRC/Peripheral/src/ch32m030_flash.c,970,#,single-source,evt:CH32M030/EVT/EXAM/SRC/Peripheral/src/ch32m030_flash.c(L970)
evt-m030-iap,FLASH_ROM_WRITE,13,write,FLASH_ADDR,0x40022014,adr,,,,,,c-sdk,CH32M030/EVT/EXAM/SRC/Peripheral/src/ch32m030_flash.c,975,#,single-source,evt:CH32M030/EVT/EXAM/SRC/Peripheral/src/ch32m030_flash.c(L975)
evt-m030-iap,FLASH_ROM_WRITE,14,set-bits,FLASH_CTLR,0x40022010,CR_STRT_Set,,,,,,c-sdk,CH32M030/EVT/EXAM/SRC/Peripheral/src/ch32m030_flash.c,976,#,single-source,evt:CH32M030/EVT/EXAM/SRC/Peripheral/src/ch32m030_flash.c(L976)
evt-m030-iap,FLASH_ROM_WRITE,15,wait,FLASH_STATR,0x4002200c,,,,FLASH_STATR,SR_BSY,,c-sdk,CH32M030/EVT/EXAM/SRC/Peripheral/src/ch32m030_flash.c,977,#,single-source,evt:CH32M030/EVT/EXAM/SRC/Peripheral/src/ch32m030_flash.c(L977)
evt-m030-iap,FLASH_ROM_WRITE,16,clear-bits,FLASH_CTLR,0x40022010,~CR_PAGE_PG,,,,,,c-sdk,CH32M030/EVT/EXAM/SRC/Peripheral/src/ch32m030_flash.c,979,#,single-source,evt:CH32M030/EVT/EXAM/SRC/Peripheral/src/ch32m030_flash.c(L979)
evt-m030-iap,FLASH_ROM_WRITE,17,write,FLASH_BUF,,*(__IO uint32_t*)0x40022034 = *(__IO uint32_t*)((adr & 0xFFF,,,,,,c-sdk,CH32M030/EVT/EXAM/SRC/Peripheral/src/ch32m030_flash.c,980,#,single-source,evt:CH32M030/EVT/EXAM/SRC/Peripheral/src/ch32m030_flash.c(L980)
evt-m030-iap,FLASH_ROM_WRITE,18,set-bits,FLASH_CTLR,0x40022010,CR_FLOCK_Set,,,,,,c-sdk,CH32M030/EVT/EXAM/SRC/Peripheral/src/ch32m030_flash.c,984,#,single-source,evt:CH32M030/EVT/EXAM/SRC/Peripheral/src/ch32m030_flash.c(L984)
evt-m030-iap,FLASH_ROM_WRITE,19,set-bits,FLASH_CTLR,0x40022010,CR_LOCK_Set,,,,,,c-sdk,CH32M030/EVT/EXAM/SRC/Peripheral/src/ch32m030_flash.c,985,#,single-source,evt:CH32M030/EVT/EXAM/SRC/Peripheral/src/ch32m030_flash.c(L985)
evt-m030-iap,FLASH_ROM_ERASE,0,write,FLASH_KEYR,0x40022004,FLASH_KEY1,,,,,,c-sdk,CH32M030/EVT/EXAM/SRC/Peripheral/src/ch32m030_flash.c,842,#,single-source,evt:CH32M030/EVT/EXAM/SRC/Peripheral/src/ch32m030_flash.c(L842)
evt-m030-iap,FLASH_ROM_ERASE,1,write,FLASH_KEYR,0x40022004,FLASH_KEY2,,,,,,c-sdk,CH32M030/EVT/EXAM/SRC/Peripheral/src/ch32m030_flash.c,843,#,single-source,evt:CH32M030/EVT/EXAM/SRC/Peripheral/src/ch32m030_flash.c(L843)
evt-m030-iap,FLASH_ROM_ERASE,2,write,FLASH_MODEKEYR,0x40022024,FLASH_KEY1,,,,,,c-sdk,CH32M030/EVT/EXAM/SRC/Peripheral/src/ch32m030_flash.c,846,#,single-source,evt:CH32M030/EVT/EXAM/SRC/Peripheral/src/ch32m030_flash.c(L846)
evt-m030-iap,FLASH_ROM_ERASE,3,write,FLASH_MODEKEYR,0x40022024,FLASH_KEY2,,,,,,c-sdk,CH32M030/EVT/EXAM/SRC/Peripheral/src/ch32m030_flash.c,847,#,single-source,evt:CH32M030/EVT/EXAM/SRC/Peripheral/src/ch32m030_flash.c(L847)
evt-m030-iap,FLASH_ROM_ERASE,4,set-bits,FLASH_CTLR,0x40022010,CR_FLOCK_Set,,,,,,c-sdk,CH32M030/EVT/EXAM/SRC/Peripheral/src/ch32m030_flash.c,907,#,single-source,evt:CH32M030/EVT/EXAM/SRC/Peripheral/src/ch32m030_flash.c(L907)
evt-m030-iap,FLASH_ROM_ERASE,5,set-bits,FLASH_CTLR,0x40022010,CR_LOCK_Set,,,,,,c-sdk,CH32M030/EVT/EXAM/SRC/Peripheral/src/ch32m030_flash.c,908,#,single-source,evt:CH32M030/EVT/EXAM/SRC/Peripheral/src/ch32m030_flash.c(L908)
evt-m030-iap,FLASH_BufReset,0,set-bits,FLASH_CTLR,0x40022010,CR_PAGE_PG,,,,,,c-sdk,CH32M030/EVT/EXAM/SRC/Peripheral/src/ch32m030_flash.c,687,#,single-source,evt:CH32M030/EVT/EXAM/SRC/Peripheral/src/ch32m030_flash.c(L687)
evt-m030-iap,FLASH_BufReset,1,set-bits,FLASH_CTLR,0x40022010,CR_BUF_RST,,,,,,c-sdk,CH32M030/EVT/EXAM/SRC/Peripheral/src/ch32m030_flash.c,688,#,single-source,evt:CH32M030/EVT/EXAM/SRC/Peripheral/src/ch32m030_flash.c(L688)
evt-m030-iap,FLASH_BufReset,2,wait,FLASH_STATR,0x4002200c,,,,FLASH_STATR,SR_BSY,,c-sdk,CH32M030/EVT/EXAM/SRC/Peripheral/src/ch32m030_flash.c,689,#,single-source,evt:CH32M030/EVT/EXAM/SRC/Peripheral/src/ch32m030_flash.c(L689)
evt-m030-iap,FLASH_BufReset,3,clear-bits,FLASH_CTLR,0x40022010,~CR_PAGE_PG,,,,,,c-sdk,CH32M030/EVT/EXAM/SRC/Peripheral/src/ch32m030_flash.c,691,#,single-source,evt:CH32M030/EVT/EXAM/SRC/Peripheral/src/ch32m030_flash.c(L691)
evt-m030-iap,FLASH_BufLoad,0,set-bits,FLASH_CTLR,0x40022010,CR_PAGE_PG,,,,,,c-sdk,CH32M030/EVT/EXAM/SRC/Peripheral/src/ch32m030_flash.c,709,#,single-source,evt:CH32M030/EVT/EXAM/SRC/Peripheral/src/ch32m030_flash.c(L709)
evt-m030-iap,FLASH_BufLoad,1,write,FLASH_BUF,,*(__IO uint32_t *)(Address + 0x00) = Data0;,,,,,,c-sdk,CH32M030/EVT/EXAM/SRC/Peripheral/src/ch32m030_flash.c,710,#,single-source,evt:CH32M030/EVT/EXAM/SRC/Peripheral/src/ch32m030_flash.c(L710)
evt-m030-iap,FLASH_BufLoad,2,write,FLASH_BUF,,*(__IO uint32_t *)(Address + 0x04) = Data1;,,,,,,c-sdk,CH32M030/EVT/EXAM/SRC/Peripheral/src/ch32m030_flash.c,711,#,single-source,evt:CH32M030/EVT/EXAM/SRC/Peripheral/src/ch32m030_flash.c(L711)
evt-m030-iap,FLASH_BufLoad,3,set-bits,FLASH_CTLR,0x40022010,CR_BUF_LOAD,,,,,,c-sdk,CH32M030/EVT/EXAM/SRC/Peripheral/src/ch32m030_flash.c,712,#,single-source,evt:CH32M030/EVT/EXAM/SRC/Peripheral/src/ch32m030_flash.c(L712)
evt-m030-iap,FLASH_BufLoad,4,wait,FLASH_STATR,0x4002200c,,,,FLASH_STATR,SR_BSY,,c-sdk,CH32M030/EVT/EXAM/SRC/Peripheral/src/ch32m030_flash.c,713,#,single-source,evt:CH32M030/EVT/EXAM/SRC/Peripheral/src/ch32m030_flash.c(L713)
evt-m030-iap,FLASH_BufLoad,5,clear-bits,FLASH_CTLR,0x40022010,~CR_PAGE_PG,,,,,,c-sdk,CH32M030/EVT/EXAM/SRC/Peripheral/src/ch32m030_flash.c,715,#,single-source,evt:CH32M030/EVT/EXAM/SRC/Peripheral/src/ch32m030_flash.c(L715)
evt-m030-iap,FLASH_BufLoad,6,write,FLASH_BUF,,*(__IO uint32_t*)0x40022034 = *(__IO uint32_t*)((Address & 0,,,,,,c-sdk,CH32M030/EVT/EXAM/SRC/Peripheral/src/ch32m030_flash.c,716,#,single-source,evt:CH32M030/EVT/EXAM/SRC/Peripheral/src/ch32m030_flash.c(L716)
evt-m030-iap,FLASH_Unlock,0,write,FLASH_KEYR,0x40022004,FLASH_KEY1,,,,,,c-sdk,CH32M030/EVT/EXAM/SRC/Peripheral/src/ch32m030_flash.c,94,#,single-source,evt:CH32M030/EVT/EXAM/SRC/Peripheral/src/ch32m030_flash.c(L94)
evt-m030-iap,FLASH_Unlock,1,write,FLASH_KEYR,0x40022004,FLASH_KEY2,,,,,,c-sdk,CH32M030/EVT/EXAM/SRC/Peripheral/src/ch32m030_flash.c,95,#,single-source,evt:CH32M030/EVT/EXAM/SRC/Peripheral/src/ch32m030_flash.c(L95)
evt-m030-iap,FLASH_Lock,0,set-bits,FLASH_CTLR,0x40022010,CR_LOCK_Set,,,,,,c-sdk,CH32M030/EVT/EXAM/SRC/Peripheral/src/ch32m030_flash.c,121,#,single-source,evt:CH32M030/EVT/EXAM/SRC/Peripheral/src/ch32m030_flash.c(L121)
evt-h417-v3f-iap,FLASH_Unlock_Fast,0,write,FLASH_KEYR,0x40022004,FLASH_KEY1,,,,,,c-sdk,CH32H417/EVT/EXAM/SRC/Peripheral/src/ch32h417_flash.c,723,#,single-source,evt:CH32H417/EVT/EXAM/SRC/Peripheral/src/ch32h417_flash.c(L723)
evt-h417-v3f-iap,FLASH_Unlock_Fast,1,write,FLASH_KEYR,0x40022004,FLASH_KEY2,,,,,,c-sdk,CH32H417/EVT/EXAM/SRC/Peripheral/src/ch32h417_flash.c,724,#,single-source,evt:CH32H417/EVT/EXAM/SRC/Peripheral/src/ch32h417_flash.c(L724)
evt-h417-v3f-iap,FLASH_Unlock_Fast,2,write,FLASH_MODEKEYR,0x40022024,FLASH_KEY1,,,,,,c-sdk,CH32H417/EVT/EXAM/SRC/Peripheral/src/ch32h417_flash.c,726,#,single-source,evt:CH32H417/EVT/EXAM/SRC/Peripheral/src/ch32h417_flash.c(L726)
evt-h417-v3f-iap,FLASH_Unlock_Fast,3,write,FLASH_MODEKEYR,0x40022024,FLASH_KEY2,,,,,,c-sdk,CH32H417/EVT/EXAM/SRC/Peripheral/src/ch32h417_flash.c,727,#,single-source,evt:CH32H417/EVT/EXAM/SRC/Peripheral/src/ch32h417_flash.c(L727)
evt-h417-v3f-iap,FLASH_Lock_Fast,0,set-bits,FLASH_CTLR,0x40022010,CR_FLOCK_Set,,,,,,c-sdk,CH32H417/EVT/EXAM/SRC/Peripheral/src/ch32h417_flash.c,739,#,single-source,evt:CH32H417/EVT/EXAM/SRC/Peripheral/src/ch32h417_flash.c(L739)
evt-h417-v3f-iap,FLASH_ProgramPage_Fast,0,set-bits,FLASH_CTLR,0x40022010,CR_PAGE_PG,,,,,,c-sdk,CH32H417/EVT/EXAM/SRC/Peripheral/src/ch32h417_flash.c,786,#,single-source,evt:CH32H417/EVT/EXAM/SRC/Peripheral/src/ch32h417_flash.c(L786)
evt-h417-v3f-iap,FLASH_ProgramPage_Fast,1,wait,FLASH_STATR,0x4002200c,,,,FLASH_STATR,SR_BSY,,c-sdk,CH32H417/EVT/EXAM/SRC/Peripheral/src/ch32h417_flash.c,787,#,single-source,evt:CH32H417/EVT/EXAM/SRC/Peripheral/src/ch32h417_flash.c(L787)
evt-h417-v3f-iap,FLASH_ProgramPage_Fast,2,wait,FLASH_STATR,0x4002200c,,,,FLASH_STATR,SR_WR_BSY,,c-sdk,CH32H417/EVT/EXAM/SRC/Peripheral/src/ch32h417_flash.c,789,#,single-source,evt:CH32H417/EVT/EXAM/SRC/Peripheral/src/ch32h417_flash.c(L789)
evt-h417-v3f-iap,FLASH_ProgramPage_Fast,3,loop-begin,,,size,,,,,size,c-sdk,CH32H417/EVT/EXAM/SRC/Peripheral/src/ch32h417_flash.c,792,#,single-source,evt:CH32H417/EVT/EXAM/SRC/Peripheral/src/ch32h417_flash.c(L792)
evt-h417-v3f-iap,FLASH_ProgramPage_Fast,4,write,FLASH_BUF,,*(uint32_t *)Page_Address = *(uint32_t *)pbuf;,,,,,,c-sdk,CH32H417/EVT/EXAM/SRC/Peripheral/src/ch32h417_flash.c,794,#,single-source,evt:CH32H417/EVT/EXAM/SRC/Peripheral/src/ch32h417_flash.c(L794)
evt-h417-v3f-iap,FLASH_ProgramPage_Fast,5,wait,FLASH_STATR,0x4002200c,,,,FLASH_STATR,SR_WR_BSY,,c-sdk,CH32H417/EVT/EXAM/SRC/Peripheral/src/ch32h417_flash.c,801,#,single-source,evt:CH32H417/EVT/EXAM/SRC/Peripheral/src/ch32h417_flash.c(L801)
evt-h417-v3f-iap,FLASH_ProgramPage_Fast,6,set-bits,FLASH_CTLR,0x40022010,CR_PG_STRT,,,,,,c-sdk,CH32H417/EVT/EXAM/SRC/Peripheral/src/ch32h417_flash.c,805,#,single-source,evt:CH32H417/EVT/EXAM/SRC/Peripheral/src/ch32h417_flash.c(L805)
evt-h417-v3f-iap,FLASH_ProgramPage_Fast,7,wait,FLASH_STATR,0x4002200c,,,,FLASH_STATR,SR_BSY,,c-sdk,CH32H417/EVT/EXAM/SRC/Peripheral/src/ch32h417_flash.c,806,#,single-source,evt:CH32H417/EVT/EXAM/SRC/Peripheral/src/ch32h417_flash.c(L806)
evt-h417-v3f-iap,FLASH_ProgramPage_Fast,8,clear-bits,FLASH_CTLR,0x40022010,~CR_PAGE_PG,,,,,,c-sdk,CH32H417/EVT/EXAM/SRC/Peripheral/src/ch32h417_flash.c,808,#,single-source,evt:CH32H417/EVT/EXAM/SRC/Peripheral/src/ch32h417_flash.c(L808)
evt-h417-v3f-iap,FLASH_ROM_WRITE,0,write,FLASH_KEYR,0x40022004,FLASH_KEY1,,,,,,c-sdk,CH32H417/EVT/EXAM/SRC/Peripheral/src/ch32h417_flash.c,1230,#,single-source,evt:CH32H417/EVT/EXAM/SRC/Peripheral/src/ch32h417_flash.c(L1230)
evt-h417-v3f-iap,FLASH_ROM_WRITE,1,write,FLASH_KEYR,0x40022004,FLASH_KEY2,,,,,,c-sdk,CH32H417/EVT/EXAM/SRC/Peripheral/src/ch32h417_flash.c,1231,#,single-source,evt:CH32H417/EVT/EXAM/SRC/Peripheral/src/ch32h417_flash.c(L1231)
evt-h417-v3f-iap,FLASH_ROM_WRITE,2,write,FLASH_MODEKEYR,0x40022024,FLASH_KEY1,,,,,,c-sdk,CH32H417/EVT/EXAM/SRC/Peripheral/src/ch32h417_flash.c,1234,#,single-source,evt:CH32H417/EVT/EXAM/SRC/Peripheral/src/ch32h417_flash.c(L1234)
evt-h417-v3f-iap,FLASH_ROM_WRITE,3,write,FLASH_MODEKEYR,0x40022024,FLASH_KEY2,,,,,,c-sdk,CH32H417/EVT/EXAM/SRC/Peripheral/src/ch32h417_flash.c,1235,#,single-source,evt:CH32H417/EVT/EXAM/SRC/Peripheral/src/ch32h417_flash.c(L1235)
evt-h417-v3f-iap,FLASH_ROM_WRITE,4,set-bits,FLASH_CTLR,0x40022010,CR_PAGE_PG,,,,,,c-sdk,CH32H417/EVT/EXAM/SRC/Peripheral/src/ch32h417_flash.c,1238,#,single-source,evt:CH32H417/EVT/EXAM/SRC/Peripheral/src/ch32h417_flash.c(L1238)
evt-h417-v3f-iap,FLASH_ROM_WRITE,5,wait,FLASH_STATR,0x4002200c,,,,FLASH_STATR,SR_BSY,,c-sdk,CH32H417/EVT/EXAM/SRC/Peripheral/src/ch32h417_flash.c,1239,#,single-source,evt:CH32H417/EVT/EXAM/SRC/Peripheral/src/ch32h417_flash.c(L1239)
evt-h417-v3f-iap,FLASH_ROM_WRITE,6,wait,FLASH_STATR,0x4002200c,,,,FLASH_STATR,SR_WR_BSY,,c-sdk,CH32H417/EVT/EXAM/SRC/Peripheral/src/ch32h417_flash.c,1241,#,single-source,evt:CH32H417/EVT/EXAM/SRC/Peripheral/src/ch32h417_flash.c(L1241)
evt-h417-v3f-iap,FLASH_ROM_WRITE,7,loop-begin,,,size,,,,,size,c-sdk,CH32H417/EVT/EXAM/SRC/Peripheral/src/ch32h417_flash.c,1244,#,single-source,evt:CH32H417/EVT/EXAM/SRC/Peripheral/src/ch32h417_flash.c(L1244)
evt-h417-v3f-iap,FLASH_ROM_WRITE,8,write,FLASH_BUF,,*(uint32_t *)StartAddr = *(uint32_t *)pbuf;,,,,,,c-sdk,CH32H417/EVT/EXAM/SRC/Peripheral/src/ch32h417_flash.c,1246,#,single-source,evt:CH32H417/EVT/EXAM/SRC/Peripheral/src/ch32h417_flash.c(L1246)
evt-h417-v3f-iap,FLASH_ROM_WRITE,9,wait,FLASH_STATR,0x4002200c,,,,FLASH_STATR,SR_WR_BSY,,c-sdk,CH32H417/EVT/EXAM/SRC/Peripheral/src/ch32h417_flash.c,1253,#,single-source,evt:CH32H417/EVT/EXAM/SRC/Peripheral/src/ch32h417_flash.c(L1253)
evt-h417-v3f-iap,FLASH_ROM_WRITE,10,set-bits,FLASH_CTLR,0x40022010,CR_PG_STRT,,,,,,c-sdk,CH32H417/EVT/EXAM/SRC/Peripheral/src/ch32h417_flash.c,1257,#,single-source,evt:CH32H417/EVT/EXAM/SRC/Peripheral/src/ch32h417_flash.c(L1257)
evt-h417-v3f-iap,FLASH_ROM_WRITE,11,wait,FLASH_STATR,0x4002200c,,,,FLASH_STATR,SR_BSY,,c-sdk,CH32H417/EVT/EXAM/SRC/Peripheral/src/ch32h417_flash.c,1258,#,single-source,evt:CH32H417/EVT/EXAM/SRC/Peripheral/src/ch32h417_flash.c(L1258)
evt-h417-v3f-iap,FLASH_ROM_WRITE,12,clear-bits,FLASH_CTLR,0x40022010,~CR_PAGE_PG,,,,,,c-sdk,CH32H417/EVT/EXAM/SRC/Peripheral/src/ch32h417_flash.c,1260,#,single-source,evt:CH32H417/EVT/EXAM/SRC/Peripheral/src/ch32h417_flash.c(L1260)
evt-h417-v3f-iap,FLASH_ROM_WRITE,13,set-bits,FLASH_CTLR,0x40022010,CR_FLOCK_Set,,,,,,c-sdk,CH32H417/EVT/EXAM/SRC/Peripheral/src/ch32h417_flash.c,1263,#,single-source,evt:CH32H417/EVT/EXAM/SRC/Peripheral/src/ch32h417_flash.c(L1263)
evt-h417-v3f-iap,FLASH_ROM_WRITE,14,set-bits,FLASH_CTLR,0x40022010,CR_LOCK_Set,,,,,,c-sdk,CH32H417/EVT/EXAM/SRC/Peripheral/src/ch32h417_flash.c,1264,#,single-source,evt:CH32H417/EVT/EXAM/SRC/Peripheral/src/ch32h417_flash.c(L1264)
evt-h417-v3f-iap,FLASH_ROM_ERASE,0,write,FLASH_KEYR,0x40022004,FLASH_KEY1,,,,,,c-sdk,CH32H417/EVT/EXAM/SRC/Peripheral/src/ch32h417_flash.c,1020,#,single-source,evt:CH32H417/EVT/EXAM/SRC/Peripheral/src/ch32h417_flash.c(L1020)
evt-h417-v3f-iap,FLASH_ROM_ERASE,1,write,FLASH_KEYR,0x40022004,FLASH_KEY2,,,,,,c-sdk,CH32H417/EVT/EXAM/SRC/Peripheral/src/ch32h417_flash.c,1021,#,single-source,evt:CH32H417/EVT/EXAM/SRC/Peripheral/src/ch32h417_flash.c(L1021)
evt-h417-v3f-iap,FLASH_ROM_ERASE,2,write,FLASH_MODEKEYR,0x40022024,FLASH_KEY1,,,,,,c-sdk,CH32H417/EVT/EXAM/SRC/Peripheral/src/ch32h417_flash.c,1024,#,single-source,evt:CH32H417/EVT/EXAM/SRC/Peripheral/src/ch32h417_flash.c(L1024)
evt-h417-v3f-iap,FLASH_ROM_ERASE,3,write,FLASH_MODEKEYR,0x40022024,FLASH_KEY2,,,,,,c-sdk,CH32H417/EVT/EXAM/SRC/Peripheral/src/ch32h417_flash.c,1025,#,single-source,evt:CH32H417/EVT/EXAM/SRC/Peripheral/src/ch32h417_flash.c(L1025)
evt-h417-v3f-iap,FLASH_ROM_ERASE,4,write,FLASH_KEYR,0x40022004,FLASH_KEY1,,,,,,c-sdk,CH32H417/EVT/EXAM/SRC/Peripheral/src/ch32h417_flash.c,1104,#,single-source,evt:CH32H417/EVT/EXAM/SRC/Peripheral/src/ch32h417_flash.c(L1104)
evt-h417-v3f-iap,FLASH_ROM_ERASE,5,write,FLASH_KEYR,0x40022004,FLASH_KEY2,,,,,,c-sdk,CH32H417/EVT/EXAM/SRC/Peripheral/src/ch32h417_flash.c,1105,#,single-source,evt:CH32H417/EVT/EXAM/SRC/Peripheral/src/ch32h417_flash.c(L1105)
evt-h417-v3f-iap,FLASH_ROM_ERASE,6,write,FLASH_MODEKEYR,0x40022024,FLASH_KEY1,,,,,,c-sdk,CH32H417/EVT/EXAM/SRC/Peripheral/src/ch32h417_flash.c,1108,#,single-source,evt:CH32H417/EVT/EXAM/SRC/Peripheral/src/ch32h417_flash.c(L1108)
evt-h417-v3f-iap,FLASH_ROM_ERASE,7,write,FLASH_MODEKEYR,0x40022024,FLASH_KEY2,,,,,,c-sdk,CH32H417/EVT/EXAM/SRC/Peripheral/src/ch32h417_flash.c,1109,#,single-source,evt:CH32H417/EVT/EXAM/SRC/Peripheral/src/ch32h417_flash.c(L1109)
evt-h417-v3f-iap,FLASH_ROM_ERASE,8,set-bits,FLASH_CTLR,0x40022010,CR_FLOCK_Set,,,,,,c-sdk,CH32H417/EVT/EXAM/SRC/Peripheral/src/ch32h417_flash.c,1171,#,single-source,evt:CH32H417/EVT/EXAM/SRC/Peripheral/src/ch32h417_flash.c(L1171)
evt-h417-v3f-iap,FLASH_ROM_ERASE,9,set-bits,FLASH_CTLR,0x40022010,CR_LOCK_Set,,,,,,c-sdk,CH32H417/EVT/EXAM/SRC/Peripheral/src/ch32h417_flash.c,1172,#,single-source,evt:CH32H417/EVT/EXAM/SRC/Peripheral/src/ch32h417_flash.c(L1172)
evt-h417-v3f-iap,FLASH_Unlock,0,write,FLASH_KEYR,0x40022004,FLASH_KEY1,,,,,,c-sdk,CH32H417/EVT/EXAM/SRC/Peripheral/src/ch32h417_flash.c,76,#,single-source,evt:CH32H417/EVT/EXAM/SRC/Peripheral/src/ch32h417_flash.c(L76)
evt-h417-v3f-iap,FLASH_Unlock,1,write,FLASH_KEYR,0x40022004,FLASH_KEY2,,,,,,c-sdk,CH32H417/EVT/EXAM/SRC/Peripheral/src/ch32h417_flash.c,77,#,single-source,evt:CH32H417/EVT/EXAM/SRC/Peripheral/src/ch32h417_flash.c(L77)
evt-h417-v3f-iap,FLASH_Lock,0,set-bits,FLASH_CTLR,0x40022010,CR_LOCK_Set,,,,,,c-sdk,CH32H417/EVT/EXAM/SRC/Peripheral/src/ch32h417_flash.c,89,#,single-source,evt:CH32H417/EVT/EXAM/SRC/Peripheral/src/ch32h417_flash.c(L89)
