series,pad,role,class,routes,parts_with_pad,parts_in_series,confidence
CH32H415,PA0,ADC1.IN0,analog,default,1,1,reference
CH32H415,PA0,OPA3.OUT0,analog,default,1,1,reference
CH32H415,PA0,PIOC.IO0,pioc,af-5,1,1,confirmed
CH32H415,PA0,TIM2.CH1_ETR,timer,af-1,1,1,confirmed
CH32H415,PA0,TIM5.CH1,timer,af-2,1,1,confirmed
CH32H415,PA0,TIM8.ETR,timer,af-3,1,1,confirmed
CH32H415,PA0,TIM9.CH1,timer,af-6,1,1,confirmed
CH32H415,PA0,USART2.CTS,uart,af-7,1,1,confirmed
CH32H415,PA0,USART6.TX,uart,af-8,1,1,confirmed
CH32H415,PA1,ADC1.IN1,analog,default,1,1,reference
CH32H415,PA1,TIM2.CH2,timer,af-1,1,1,confirmed
CH32H415,PA1,TIM5.CH2,timer,af-2,1,1,confirmed
CH32H415,PA1,TIM9.CH2,timer,af-6,1,1,confirmed
CH32H415,PA1,USART2.RTS,uart,af-7,1,1,confirmed
CH32H415,PA1,USART6.RX,uart,af-8,1,1,confirmed
CH32H415,PA10,TIM1.CH3,timer,af-1,1,1,confirmed
CH32H415,PA10,USART1.RX,uart,af-7,1,1,confirmed
CH32H415,PA10,USART6.CK,uart,af-6,1,1,confirmed
CH32H415,PA11,SPI2.NSS,spi,af-5,1,1,confirmed
CH32H415,PA11,TIM1.CH4,timer,af-1,1,1,confirmed
CH32H415,PA11,USART1.CTS,uart,af-7,1,1,confirmed
CH32H415,PA11,USART3.CK,uart,af-4,1,1,confirmed
CH32H415,PA11,USART6.RX,uart,af-6,1,1,confirmed
CH32H415,PA12,SPI2.SCK,spi,af-5,1,1,confirmed
CH32H415,PA12,TIM1.BKIN2,timer,af-12,1,1,confirmed
CH32H415,PA12,TIM1.ETR,timer,af-1,1,1,confirmed
CH32H415,PA12,USART1.RTS,uart,af-7,1,1,confirmed
CH32H415,PA12,USART3.RTS,uart,af-4,1,1,confirmed
CH32H415,PA12,USART6.TX,uart,af-6,1,1,confirmed
CH32H415,PA13,I2C3.SDA,i2c,af-7,1,1,confirmed
CH32H415,PA13,SPI3.MOSI,spi,af-1,1,1,confirmed
CH32H415,PA13,USART3.TX,uart,af-4,1,1,confirmed
CH32H415,PA14,I2C3.SCL,i2c,af-7,1,1,confirmed
CH32H415,PA14,SPI3.SCK,spi,af-1,1,1,confirmed
CH32H415,PA14,USART3.RX,uart,af-4,1,1,confirmed
CH32H415,PA14,USART8.CK,uart,af-11,1,1,confirmed
CH32H415,PA15,I2C3.SMBA,i2c,af-7,1,1,confirmed
CH32H415,PA15,SPI1.NSS,spi,af-5,1,1,confirmed
CH32H415,PA15,SPI3.NSS,spi,af-6,1,1,confirmed
CH32H415,PA15,TIM2.CH1_ETR,timer,af-1,1,1,confirmed
CH32H415,PA15,USART3.CTS,uart,af-4,1,1,confirmed
CH32H415,PA15,USART6.RTS,uart,af-8,1,1,confirmed
CH32H415,PA15,USART8.TX,uart,af-11,1,1,confirmed
CH32H415,PA2,ADC1.IN2,analog,default,1,1,reference
CH32H415,PA2,OPA3.P1,analog,default,1,1,reference
CH32H415,PA2,TIM2.CH3,timer,af-1,1,1,confirmed
CH32H415,PA2,TIM5.CH3,timer,af-2,1,1,confirmed
CH32H415,PA2,TIM9.CH3,timer,af-4,1,1,confirmed
CH32H415,PA2,USART2.TX,uart,af-7,1,1,confirmed
CH32H415,PA2,USART6.CK,uart,af-3,1,1,confirmed
CH32H415,PA3,ADC1.IN3,analog,default,1,1,reference
CH32H415,PA3,OPA3.N1,analog,default,1,1,reference
CH32H415,PA3,TIM10.CH3,timer,af-8,1,1,confirmed
CH32H415,PA3,TIM2.CH4,timer,af-1,1,1,confirmed
CH32H415,PA3,TIM5.CH4,timer,af-2,1,1,confirmed
CH32H415,PA3,TIM9.CH4,timer,af-4,1,1,confirmed
CH32H415,PA3,USART2.RX,uart,af-7,1,1,confirmed
CH32H415,PA4,ADC1.IN4,analog,default,1,1,reference
CH32H415,PA4,DAC1.OUT,analog,default,1,1,reference
CH32H415,PA4,OPA3.OUT1,analog,default,1,1,reference
CH32H415,PA4,SPI1.NSS,spi,af-5,1,1,confirmed
CH32H415,PA4,SPI3.NSS,spi,af-6,1,1,confirmed
CH32H415,PA4,TIM10.CH4,timer,af-9,1,1,confirmed
CH32H415,PA4,TIM5.ETR,timer,af-2,1,1,confirmed
CH32H415,PA4,TIM9.ETR,timer,af-4,1,1,confirmed
CH32H415,PA4,USART2.CK,uart,af-7,1,1,confirmed
CH32H415,PA5,ADC1.IN5,analog,default,1,1,reference
CH32H415,PA5,DAC2.OUT,analog,default,1,1,reference
CH32H415,PA5,OPA1.OUT1,analog,default,1,1,reference
CH32H415,PA5,SPI1.SCK,spi,af-5,1,1,confirmed
CH32H415,PA5,TIM1.BKIN2,timer,af-2,1,1,confirmed
CH32H415,PA5,TIM10.ETR,timer,af-9,1,1,confirmed
CH32H415,PA5,TIM2.CH1_ETR,timer,af-1,1,1,confirmed
CH32H415,PA5,TIM8.CH1N,timer,af-3,1,1,confirmed
CH32H415,PA6,ADC1.IN6,analog,default,1,1,reference
CH32H415,PA6,CMP.OUT,analog,af-10,1,1,confirmed
CH32H415,PA6,OPA1.P1,analog,default,1,1,reference
CH32H415,PA6,SPI1.MISO,spi,af-5,1,1,confirmed
CH32H415,PA6,TIM1.BKIN,timer,af-1,1,1,confirmed
CH32H415,PA6,TIM10.CH1,timer,af-9,1,1,confirmed
CH32H415,PA6,TIM3.CH1,timer,af-2,1,1,confirmed
CH32H415,PA6,TIM8.BKIN,timer,af-3,1,1,confirmed
CH32H415,PA7,ADC1.IN7,analog,default,1,1,reference
CH32H415,PA7,OPA1.N1,analog,default,1,1,reference
CH32H415,PA7,SPI1.MOSI,spi,af-5,1,1,confirmed
CH32H415,PA7,TIM1.CH1N,timer,af-1,1,1,confirmed
CH32H415,PA7,TIM10.CH2,timer,af-9,1,1,confirmed
CH32H415,PA7,TIM3.CH2,timer,af-2,1,1,confirmed
CH32H415,PA7,TIM8.CH1N,timer,af-3,1,1,confirmed
CH32H415,PA9,I2C3.SMBA,i2c,af-4,1,1,confirmed
CH32H415,PA9,SPI2.SCK,spi,af-5,1,1,confirmed
CH32H415,PA9,TIM1.CH2,timer,af-1,1,1,confirmed
CH32H415,PA9,USART1.TX,uart,af-7,1,1,confirmed
CH32H415,PB0,ADC1.IN8,analog,default,1,1,reference
CH32H415,PB0,CMP.P0,analog,default,1,1,reference
CH32H415,PB0,OPA1.P0,analog,default,1,1,reference
CH32H415,PB0,RCC.MCO,clock,af-0,1,1,confirmed
CH32H415,PB0,TIM1.CH2N,timer,af-1,1,1,confirmed
CH32H415,PB0,TIM12.ETR,timer,af-13,1,1,confirmed
CH32H415,PB0,TIM3.CH3,timer,af-2,1,1,confirmed
CH32H415,PB0,TIM5.CH4,timer,af-4,1,1,confirmed
CH32H415,PB0,TIM8.CH2N,timer,af-3,1,1,confirmed
CH32H415,PB0,USART6.CTS,uart,af-8,1,1,confirmed
CH32H415,PB1,ADC1.IN9,analog,default,1,1,reference
CH32H415,PB1,CMP.N0,analog,default,1,1,reference
CH32H415,PB1,OPA1.N0,analog,default,1,1,reference
CH32H415,PB1,TIM1.CH3N,timer,af-1,1,1,confirmed
CH32H415,PB1,TIM12.CH1,timer,af-5,1,1,confirmed
CH32H415,PB1,TIM3.CH4,timer,af-2,1,1,confirmed
CH32H415,PB1,TIM8.CH3N,timer,af-3,1,1,confirmed
CH32H415,PB10,I2C2.SCL,i2c,af-4,1,1,reference
CH32H415,PB10,SPI2.SCK,spi,af-5,1,1,reference
CH32H415,PB10,TIM2.CH3,timer,af-1,1,1,reference
CH32H415,PB10,TIM9.CH2,timer,af-2,1,1,reference
CH32H415,PB10,USART3.TX,uart,af-7,1,1,reference
CH32H415,PB10,USART6.CK,uart,af-9,1,1,reference
CH32H415,PB11,I2C2.SDA,i2c,af-4,1,1,confirmed
CH32H415,PB11,TIM2.CH4,timer,af-1,1,1,confirmed
CH32H415,PB11,TIM9.CH4,timer,af-9,1,1,confirmed
CH32H415,PB11,USART3.RX,uart,af-7,1,1,confirmed
CH32H415,PB12,CMP.OUT,analog,af-13,1,1,confirmed
CH32H415,PB12,I2C2.SMBA,i2c,af-4,1,1,confirmed
CH32H415,PB12,SPI2.NSS,spi,af-5,1,1,confirmed
CH32H415,PB12,TIM1.BKIN,timer,af-1,1,1,confirmed
CH32H415,PB12,TIM8.BKIN,timer,af-2,1,1,confirmed
CH32H415,PB12,TIM9.CH3,timer,af-8,1,1,confirmed
CH32H415,PB12,USART3.CK,uart,af-7,1,1,confirmed
CH32H415,PB12,USART7.RX,uart,af-14,1,1,confirmed
CH32H415,PB13,SPI2.SCK,spi,af-5,1,1,confirmed
CH32H415,PB13,TIM1.CH1N,timer,af-1,1,1,confirmed
CH32H415,PB13,TIM8.BKIN2,timer,af-2,1,1,confirmed
CH32H415,PB13,TIM9.ETR,timer,af-4,1,1,confirmed
CH32H415,PB13,USART3.CTS,uart,af-7,1,1,confirmed
CH32H415,PB13,USART7.TX,uart,af-14,1,1,confirmed
CH32H415,PB14,SPI2.MISO,spi,af-5,1,1,confirmed
CH32H415,PB14,TIM1.CH2N,timer,af-1,1,1,confirmed
CH32H415,PB14,TIM8.CH2N,timer,af-3,1,1,confirmed
CH32H415,PB14,TIM9.CH1,timer,af-2,1,1,confirmed
CH32H415,PB14,USART1.TX,uart,af-4,1,1,confirmed
CH32H415,PB14,USART3.RTS,uart,af-7,1,1,confirmed
CH32H415,PB14,USART6.RTS,uart,af-8,1,1,confirmed
CH32H415,PB14,USART7.CK,uart,af-13,1,1,confirmed
CH32H415,PB15,SPI2.MOSI,spi,af-5,1,1,confirmed
CH32H415,PB15,TIM1.CH3N,timer,af-1,1,1,confirmed
CH32H415,PB15,TIM8.CH3N,timer,af-3,1,1,confirmed
CH32H415,PB15,TIM9.CH2,timer,af-2,1,1,confirmed
CH32H415,PB15,USART1.RX,uart,af-4,1,1,confirmed
CH32H415,PB15,USART6.CTS,uart,af-8,1,1,confirmed
CH32H415,PB3,SPI1.SCK,spi,af-5,1,1,confirmed
CH32H415,PB3,SPI3.SCK,spi,af-6,1,1,confirmed
CH32H415,PB3,TIM12.ETR,timer,af-14,1,1,confirmed
CH32H415,PB3,TIM2.CH2,timer,af-1,1,1,confirmed
CH32H415,PB3,USART8.RX,uart,af-11,1,1,confirmed
CH32H415,PB4,SPI1.MISO,spi,af-5,1,1,confirmed
CH32H415,PB4,SPI2.NSS,spi,af-7,1,1,confirmed
CH32H415,PB4,SPI3.MISO,spi,af-6,1,1,confirmed
CH32H415,PB4,TIM3.CH1,timer,af-2,1,1,confirmed
CH32H415,PB4,TIM4.ETR,timer,af-10,1,1,confirmed
CH32H415,PB4,USART7.CK,uart,af-14,1,1,confirmed
CH32H415,PB4,USART8.TX,uart,af-11,1,1,confirmed
CH32H415,PB6,I2C1.SCL,i2c,af-4,1,1,confirmed
CH32H415,PB6,I2C4.SCL,i2c,af-6,1,1,confirmed
CH32H415,PB6,TIM10.CH1,timer,af-0,1,1,confirmed
CH32H415,PB6,TIM4.CH1,timer,af-2,1,1,confirmed
CH32H415,PB6,USART1.TX,uart,af-7,1,1,confirmed
CH32H415,PB6,USART7.TX,uart,af-14,1,1,confirmed
CH32H415,PB7,I2C1.SDA,i2c,af-4,1,1,confirmed
CH32H415,PB7,I2C4.SDA,i2c,af-6,1,1,confirmed
CH32H415,PB7,TIM10.CH2,timer,af-0,1,1,confirmed
CH32H415,PB7,TIM4.CH2,timer,af-2,1,1,confirmed
CH32H415,PB7,USART1.RX,uart,af-7,1,1,confirmed
CH32H415,PB7,USART8.CK,uart,af-10,1,1,confirmed
CH32H415,PB8,I2C1.SCL,i2c,af-4,1,1,confirmed
CH32H415,PB8,I2C4.SCL,i2c,af-6,1,1,confirmed
CH32H415,PB8,PIOC.IO0,pioc,af-5,1,1,confirmed
CH32H415,PB8,TIM10.CH3,timer,af-1,1,1,confirmed
CH32H415,PB8,TIM4.CH3,timer,af-2,1,1,confirmed
CH32H415,PB8,USART6.RX,uart,af-8,1,1,confirmed
CH32H415,PB9,I2C1.SDA,i2c,af-4,1,1,confirmed
CH32H415,PB9,I2C4.SDA,i2c,af-6,1,1,confirmed
CH32H415,PB9,I2C4.SMBA,i2c,af-11,1,1,confirmed
CH32H415,PB9,PIOC.IO1,pioc,af-7,1,1,confirmed
CH32H415,PB9,SPI2.NSS,spi,af-5,1,1,confirmed
CH32H415,PB9,TIM10.CH4,timer,af-1,1,1,confirmed
CH32H415,PB9,TIM4.CH4,timer,af-2,1,1,confirmed
CH32H415,PB9,USART6.TX,uart,af-8,1,1,confirmed
CH32H415,PC0,ADC1.IN10,analog,default,1,1,reference
CH32H415,PC0,I2C2.SCL,i2c,af-9,1,1,confirmed
CH32H415,PC0,PIOC.IO1,pioc,af-5,1,1,confirmed
CH32H415,PC0,TIM8.BKIN,timer,af-0,1,1,confirmed
CH32H415,PC1,ADC1.IN11,analog,default,1,1,reference
CH32H415,PC1,I2C2.SDA,i2c,af-9,1,1,confirmed
CH32H415,PC1,PIOC.IO0,pioc,af-7,1,1,confirmed
CH32H415,PC1,SPI2.MOSI,spi,af-5,1,1,confirmed
CH32H415,PC1,TIM5.CH1,timer,af-2,1,1,confirmed
CH32H415,PC1,TIM8.CH1N,timer,af-0,1,1,confirmed
CH32H415,PC10,SPI3.SCK,spi,af-6,1,1,confirmed
CH32H415,PC10,TIM9.CH2,timer,af-2,1,1,confirmed
CH32H415,PC10,USART3.TX,uart,af-7,1,1,confirmed
CH32H415,PC10,USART6.TX,uart,af-8,1,1,confirmed
CH32H415,PC11,SPI3.MISO,spi,af-6,1,1,confirmed
CH32H415,PC11,TIM9.CH4,timer,af-2,1,1,confirmed
CH32H415,PC11,USART3.RX,uart,af-7,1,1,confirmed
CH32H415,PC11,USART6.RX,uart,af-8,1,1,confirmed
CH32H415,PC12,SPI3.MOSI,spi,af-6,1,1,confirmed
CH32H415,PC12,TIM9.CH3,timer,af-2,1,1,confirmed
CH32H415,PC12,USART3.CK,uart,af-7,1,1,confirmed
CH32H415,PC12,USART7.TX,uart,af-8,1,1,confirmed
CH32H415,PC2,ADC1.IN12,analog,default,1,1,reference
CH32H415,PC2,I2C2.SMBA,i2c,af-9,1,1,confirmed
CH32H415,PC2,OPA3.P0,analog,default,1,1,reference
CH32H415,PC2,PIOC.IO1,pioc,af-8,1,1,confirmed
CH32H415,PC2,SPI2.MISO,spi,af-5,1,1,confirmed
CH32H415,PC2,TIM5.CH2,timer,af-2,1,1,confirmed
CH32H415,PC2,TIM8.CH2N,timer,af-0,1,1,confirmed
CH32H415,PC3,ADC1.IN13,analog,default,1,1,reference
CH32H415,PC3,OPA3.N0,analog,default,1,1,reference
CH32H415,PC3,SPI2.MOSI,spi,af-5,1,1,confirmed
CH32H415,PC3,TIM5.CH3,timer,af-2,1,1,confirmed
CH32H415,PC3,TIM8.CH3N,timer,af-0,1,1,confirmed
CH32H415,PC4,ADC1.IN14,analog,default,1,1,reference
CH32H415,PC4,CMP.N1,analog,default,1,1,reference
CH32H415,PC4,OPA1.OUT0,analog,default,1,1,reference
CH32H415,PC6,TIM3.CH1,timer,af-2,1,1,confirmed
CH32H415,PC6,TIM8.CH1,timer,af-3,1,1,confirmed
CH32H415,PC6,USART4.TX,uart,af-7,1,1,confirmed
CH32H415,PC7,TIM3.CH2,timer,af-2,1,1,confirmed
CH32H415,PC7,TIM8.CH2,timer,af-3,1,1,confirmed
CH32H415,PC7,USART4.RX,uart,af-7,1,1,confirmed
CH32H415,PC8,TIM3.CH3,timer,af-2,1,1,confirmed
CH32H415,PC8,TIM8.CH3,timer,af-3,1,1,confirmed
CH32H415,PC8,TIM9.ETR,timer,af-6,1,1,confirmed
CH32H415,PC8,USART4.CK,uart,af-7,1,1,confirmed
CH32H415,PC8,USART7.RTS,uart,af-8,1,1,confirmed
CH32H415,PC9,I2C3.SDA,i2c,af-4,1,1,confirmed
CH32H415,PC9,SPI3.MISO,spi,af-5,1,1,confirmed
CH32H415,PC9,TIM3.CH4,timer,af-2,1,1,confirmed
CH32H415,PC9,TIM8.CH4,timer,af-3,1,1,confirmed
CH32H415,PC9,TIM9.CH1,timer,af-6,1,1,confirmed
CH32H415,PC9,USART7.CTS,uart,af-8,1,1,confirmed
CH32H415,PD3,SPI2.SCK,spi,af-5,1,1,confirmed
CH32H415,PD3,TIM11.CH1,timer,af-2,1,1,confirmed
CH32H415,PD3,TIM3.CH1,timer,af-9,1,1,confirmed
CH32H415,PD3,USART2.CTS,uart,af-7,1,1,confirmed
CH32H415,PD3,USART6.CK,uart,af-8,1,1,confirmed
CH32H415,PE0,TIM11.CH1,timer,af-13,1,1,confirmed
CH32H415,PE0,USART4.RTS,uart,af-7,1,1,confirmed
CH32H415,PE0,USART5.TX,uart,af-4,1,1,confirmed
CH32H415,PE11,SPI4.NSS,spi,af-5,1,1,confirmed
CH32H415,PE11,TIM1.CH2,timer,af-1,1,1,confirmed
CH32H415,PE12,CMP.OUT,analog,af-13,1,1,confirmed
CH32H415,PE12,SPI4.SCK,spi,af-5,1,1,confirmed
CH32H415,PE12,TIM1.CH3N,timer,af-1,1,1,confirmed
CH32H415,PE13,SPI4.MISO,spi,af-5,1,1,confirmed
CH32H415,PE13,TIM1.CH3,timer,af-1,1,1,confirmed
CH32H415,PE13,TIM12.CH2,timer,af-2,1,1,confirmed
CH32H415,PE14,SPI4.MOSI,spi,af-5,1,1,confirmed
CH32H415,PE14,TIM1.CH4,timer,af-1,1,1,confirmed
CH32H415,PE14,TIM12.CH3,timer,af-2,1,1,confirmed
CH32H415,PE15,CMP.OUT,analog,af-13,1,1,confirmed
CH32H415,PE15,TIM1.BKIN,timer,af-1,1,1,confirmed
CH32H415,PE15,TIM12.CH4,timer,af-2,1,1,confirmed
CH32H415,PE15,USART5.CK,uart,af-11,1,1,confirmed
CH32H415,PE3,PIOC.IO0,pioc,af-5,1,1,confirmed
CH32H415,PE3,TIM12.CH1,timer,af-3,1,1,confirmed
CH32H415,PE3,TIM4.CH1,timer,af-2,1,1,confirmed
CH32H415,PE3,TIM8.CH1,timer,af-0,1,1,confirmed
CH32H415,PE3,USART5.TX,uart,af-11,1,1,confirmed
CH32H415,PE4,PIOC.IO1,pioc,af-4,1,1,confirmed
CH32H415,PE4,SPI4.NSS,spi,af-5,1,1,confirmed
CH32H415,PE4,TIM12.CH2,timer,af-3,1,1,confirmed
CH32H415,PE4,TIM4.CH2,timer,af-2,1,1,confirmed
CH32H415,PE4,TIM8.CH2,timer,af-0,1,1,confirmed
CH32H415,PE5,SPI4.MISO,spi,af-5,1,1,confirmed
CH32H415,PE5,TIM12.CH3,timer,af-3,1,1,confirmed
CH32H415,PE5,TIM4.CH3,timer,af-2,1,1,confirmed
CH32H415,PE5,TIM8.CH3,timer,af-0,1,1,confirmed
CH32H415,PE5,TIM9.CH3,timer,af-4,1,1,confirmed
CH32H415,PE6,CMP.OUT,analog,af-11,1,1,confirmed
CH32H415,PE6,SPI4.MOSI,spi,af-5,1,1,confirmed
CH32H415,PE6,TIM1.BKIN2,timer,af-1,1,1,confirmed
CH32H415,PE6,TIM12.CH4,timer,af-3,1,1,confirmed
CH32H415,PE6,TIM4.CH4,timer,af-2,1,1,confirmed
CH32H415,PE6,TIM8.CH4,timer,af-0,1,1,confirmed
CH32H415,PE6,TIM9.CH4,timer,af-4,1,1,confirmed
CH32H415,PE6,USART8.CK,uart,af-8,1,1,confirmed
CH32H415,PF3,SPI1.MISO,spi,af-5,1,1,confirmed
CH32H415,PF3,USART4.RX,uart,af-7,1,1,confirmed
CH32H415,PF4,SPI1.NSS,spi,af-5,1,1,confirmed
CH32H415,PF4,USART4.TX,uart,af-7,1,1,confirmed
CH32H415,PF5,SPI1.SCK,spi,af-5,1,1,confirmed
CH32H415,PF5,USART5.RX,uart,af-4,1,1,confirmed
CH32H416,PA0,ADC1.IN0,analog,default,1,1,confirmed
CH32H416,PA0,OPA3.OUT0,analog,default,1,1,confirmed
CH32H416,PA0,PIOC.IO0,pioc,af-5,1,1,confirmed
CH32H416,PA0,TIM2.CH1_ETR,timer,af-1,1,1,confirmed
CH32H416,PA0,TIM5.CH1,timer,af-2,1,1,confirmed
CH32H416,PA0,TIM8.ETR,timer,af-3,1,1,confirmed
CH32H416,PA0,TIM9.CH1,timer,af-6,1,1,confirmed
CH32H416,PA0,USART2.CTS,uart,af-7,1,1,confirmed
CH32H416,PA0,USART6.TX,uart,af-8,1,1,confirmed
CH32H416,PA1,ADC1.IN1,analog,default,1,1,confirmed
CH32H416,PA1,TIM2.CH2,timer,af-1,1,1,confirmed
CH32H416,PA1,TIM5.CH2,timer,af-2,1,1,confirmed
CH32H416,PA1,TIM9.CH2,timer,af-6,1,1,confirmed
CH32H416,PA1,USART2.RTS,uart,af-7,1,1,confirmed
CH32H416,PA1,USART6.RX,uart,af-8,1,1,confirmed
CH32H416,PA11,SPI2.NSS,spi,af-5,1,1,confirmed
CH32H416,PA11,TIM1.CH4,timer,af-1,1,1,confirmed
CH32H416,PA11,USART1.CTS,uart,af-7,1,1,confirmed
CH32H416,PA11,USART3.CK,uart,af-4,1,1,confirmed
CH32H416,PA11,USART6.RX,uart,af-6,1,1,confirmed
CH32H416,PA12,SPI2.SCK,spi,af-5,1,1,confirmed
CH32H416,PA12,TIM1.BKIN2,timer,af-12,1,1,confirmed
CH32H416,PA12,TIM1.ETR,timer,af-1,1,1,confirmed
CH32H416,PA12,USART1.RTS,uart,af-7,1,1,confirmed
CH32H416,PA12,USART3.RTS,uart,af-4,1,1,confirmed
CH32H416,PA12,USART6.TX,uart,af-6,1,1,confirmed
CH32H416,PA13,I2C3.SDA,i2c,af-7,1,1,confirmed
CH32H416,PA13,SPI3.MOSI,spi,af-1,1,1,confirmed
CH32H416,PA13,USART3.TX,uart,af-4,1,1,confirmed
CH32H416,PA14,I2C3.SCL,i2c,af-7,1,1,confirmed
CH32H416,PA14,SPI3.SCK,spi,af-1,1,1,confirmed
CH32H416,PA14,USART3.RX,uart,af-4,1,1,confirmed
CH32H416,PA14,USART8.CK,uart,af-11,1,1,confirmed
CH32H416,PA15,I2C3.SMBA,i2c,af-7,1,1,confirmed
CH32H416,PA15,SPI1.NSS,spi,af-5,1,1,confirmed
CH32H416,PA15,SPI3.NSS,spi,af-6,1,1,confirmed
CH32H416,PA15,TIM2.CH1_ETR,timer,af-1,1,1,confirmed
CH32H416,PA15,USART3.CTS,uart,af-4,1,1,confirmed
CH32H416,PA15,USART6.RTS,uart,af-8,1,1,confirmed
CH32H416,PA15,USART8.TX,uart,af-11,1,1,confirmed
CH32H416,PA2,ADC1.IN2,analog,default,1,1,confirmed
CH32H416,PA2,OPA3.P1,analog,default,1,1,confirmed
CH32H416,PA2,TIM2.CH3,timer,af-1,1,1,confirmed
CH32H416,PA2,TIM5.CH3,timer,af-2,1,1,confirmed
CH32H416,PA2,TIM9.CH3,timer,af-4,1,1,confirmed
CH32H416,PA2,USART2.TX,uart,af-7,1,1,confirmed
CH32H416,PA2,USART6.CK,uart,af-3,1,1,confirmed
CH32H416,PA3,ADC1.IN3,analog,default,1,1,confirmed
CH32H416,PA3,OPA3.N1,analog,default,1,1,confirmed
CH32H416,PA3,TIM10.CH3,timer,af-8,1,1,confirmed
CH32H416,PA3,TIM2.CH4,timer,af-1,1,1,confirmed
CH32H416,PA3,TIM5.CH4,timer,af-2,1,1,confirmed
CH32H416,PA3,TIM9.CH4,timer,af-4,1,1,confirmed
CH32H416,PA3,USART2.RX,uart,af-7,1,1,confirmed
CH32H416,PA4,ADC1.IN4,analog,default,1,1,confirmed
CH32H416,PA4,DAC1.OUT,analog,default,1,1,confirmed
CH32H416,PA4,OPA3.OUT1,analog,default,1,1,confirmed
CH32H416,PA4,SPI1.NSS,spi,af-5,1,1,confirmed
CH32H416,PA4,SPI3.NSS,spi,af-6,1,1,confirmed
CH32H416,PA4,TIM10.CH4,timer,af-9,1,1,confirmed
CH32H416,PA4,TIM5.ETR,timer,af-2,1,1,confirmed
CH32H416,PA4,TIM9.ETR,timer,af-4,1,1,confirmed
CH32H416,PA4,USART2.CK,uart,af-7,1,1,confirmed
CH32H416,PA5,ADC1.IN5,analog,default,1,1,confirmed
CH32H416,PA5,DAC2.OUT,analog,default,1,1,confirmed
CH32H416,PA5,OPA1.OUT1,analog,default,1,1,confirmed
CH32H416,PA5,SPI1.SCK,spi,af-5,1,1,confirmed
CH32H416,PA5,TIM1.BKIN2,timer,af-2,1,1,confirmed
CH32H416,PA5,TIM10.ETR,timer,af-9,1,1,confirmed
CH32H416,PA5,TIM2.CH1_ETR,timer,af-1,1,1,confirmed
CH32H416,PA5,TIM8.CH1N,timer,af-3,1,1,confirmed
CH32H416,PA6,ADC1.IN6,analog,default,1,1,confirmed
CH32H416,PA6,CMP.OUT,analog,af-10,1,1,confirmed
CH32H416,PA6,OPA1.P1,analog,default,1,1,confirmed
CH32H416,PA6,SPI1.MISO,spi,af-5,1,1,confirmed
CH32H416,PA6,TIM1.BKIN,timer,af-1,1,1,confirmed
CH32H416,PA6,TIM10.CH1,timer,af-9,1,1,confirmed
CH32H416,PA6,TIM3.CH1,timer,af-2,1,1,confirmed
CH32H416,PA6,TIM8.BKIN,timer,af-3,1,1,confirmed
CH32H416,PA7,ADC1.IN7,analog,default,1,1,confirmed
CH32H416,PA7,OPA1.N1,analog,default,1,1,confirmed
CH32H416,PA7,SPI1.MOSI,spi,af-5,1,1,confirmed
CH32H416,PA7,TIM1.CH1N,timer,af-1,1,1,confirmed
CH32H416,PA7,TIM10.CH2,timer,af-9,1,1,confirmed
CH32H416,PA7,TIM3.CH2,timer,af-2,1,1,confirmed
CH32H416,PA7,TIM8.CH1N,timer,af-3,1,1,confirmed
CH32H416,PB0,ADC1.IN8,analog,default,1,1,confirmed
CH32H416,PB0,CMP.P0,analog,default,1,1,confirmed
CH32H416,PB0,OPA1.P0,analog,default,1,1,confirmed
CH32H416,PB0,RCC.MCO,clock,af-0,1,1,confirmed
CH32H416,PB0,TIM1.CH2N,timer,af-1,1,1,confirmed
CH32H416,PB0,TIM12.ETR,timer,af-13,1,1,confirmed
CH32H416,PB0,TIM3.CH3,timer,af-2,1,1,confirmed
CH32H416,PB0,TIM5.CH4,timer,af-4,1,1,confirmed
CH32H416,PB0,TIM8.CH2N,timer,af-3,1,1,confirmed
CH32H416,PB0,USART6.CTS,uart,af-8,1,1,confirmed
CH32H416,PB1,ADC1.IN9,analog,default,1,1,confirmed
CH32H416,PB1,CMP.N0,analog,default,1,1,confirmed
CH32H416,PB1,OPA1.N0,analog,default,1,1,confirmed
CH32H416,PB1,OPA2.OUT1,analog,default,1,1,confirmed
CH32H416,PB1,TIM1.CH3N,timer,af-1,1,1,confirmed
CH32H416,PB1,TIM12.CH1,timer,af-5,1,1,confirmed
CH32H416,PB1,TIM3.CH4,timer,af-2,1,1,confirmed
CH32H416,PB1,TIM8.CH3N,timer,af-3,1,1,confirmed
CH32H416,PB3,SPI1.SCK,spi,af-5,1,1,confirmed
CH32H416,PB3,SPI3.SCK,spi,af-6,1,1,confirmed
CH32H416,PB3,TIM12.ETR,timer,af-14,1,1,confirmed
CH32H416,PB3,TIM2.CH2,timer,af-1,1,1,confirmed
CH32H416,PB3,USART8.RX,uart,af-11,1,1,confirmed
CH32H416,PB4,SPI1.MISO,spi,af-5,1,1,confirmed
CH32H416,PB4,SPI2.NSS,spi,af-7,1,1,confirmed
CH32H416,PB4,SPI3.MISO,spi,af-6,1,1,confirmed
CH32H416,PB4,TIM3.CH1,timer,af-2,1,1,confirmed
CH32H416,PB4,TIM4.ETR,timer,af-10,1,1,confirmed
CH32H416,PB4,USART7.CK,uart,af-14,1,1,confirmed
CH32H416,PB4,USART8.TX,uart,af-11,1,1,confirmed
CH32H416,PB5,I2C1.SMBA,i2c,af-4,1,1,confirmed
CH32H416,PB5,I2C4.SMBA,i2c,af-6,1,1,confirmed
CH32H416,PB5,SPI1.MOSI,spi,af-5,1,1,confirmed
CH32H416,PB5,SPI3.MOSI,spi,af-7,1,1,confirmed
CH32H416,PB5,TIM10.ETR,timer,af-0,1,1,confirmed
CH32H416,PB5,TIM3.CH2,timer,af-2,1,1,confirmed
CH32H416,PB5,USART7.RX,uart,af-14,1,1,confirmed
CH32H416,PB6,I2C1.SCL,i2c,af-4,1,1,confirmed
CH32H416,PB6,I2C4.SCL,i2c,af-6,1,1,confirmed
CH32H416,PB6,TIM10.CH1,timer,af-0,1,1,confirmed
CH32H416,PB6,TIM4.CH1,timer,af-2,1,1,confirmed
CH32H416,PB6,USART1.TX,uart,af-7,1,1,confirmed
CH32H416,PB6,USART7.TX,uart,af-14,1,1,confirmed
CH32H416,PB7,I2C1.SDA,i2c,af-4,1,1,confirmed
CH32H416,PB7,I2C4.SDA,i2c,af-6,1,1,confirmed
CH32H416,PB7,TIM10.CH2,timer,af-0,1,1,confirmed
CH32H416,PB7,TIM4.CH2,timer,af-2,1,1,confirmed
CH32H416,PB7,USART1.RX,uart,af-7,1,1,confirmed
CH32H416,PB7,USART8.CK,uart,af-10,1,1,confirmed
CH32H416,PB8,I2C1.SCL,i2c,af-4,1,1,confirmed
CH32H416,PB8,I2C4.SCL,i2c,af-6,1,1,confirmed
CH32H416,PB8,PIOC.IO0,pioc,af-5,1,1,confirmed
CH32H416,PB8,TIM10.CH3,timer,af-1,1,1,confirmed
CH32H416,PB8,TIM4.CH3,timer,af-2,1,1,confirmed
CH32H416,PB8,USART6.RX,uart,af-8,1,1,confirmed
CH32H416,PB9,I2C1.SDA,i2c,af-4,1,1,confirmed
CH32H416,PB9,I2C4.SDA,i2c,af-6,1,1,confirmed
CH32H416,PB9,I2C4.SMBA,i2c,af-11,1,1,confirmed
CH32H416,PB9,PIOC.IO1,pioc,af-7,1,1,confirmed
CH32H416,PB9,SPI2.NSS,spi,af-5,1,1,confirmed
CH32H416,PB9,TIM10.CH4,timer,af-1,1,1,confirmed
CH32H416,PB9,TIM4.CH4,timer,af-2,1,1,confirmed
CH32H416,PB9,USART6.TX,uart,af-8,1,1,confirmed
CH32H416,PC0,ADC1.IN10,analog,default,1,1,confirmed
CH32H416,PC0,I2C2.SCL,i2c,af-9,1,1,confirmed
CH32H416,PC0,PIOC.IO1,pioc,af-5,1,1,confirmed
CH32H416,PC0,TIM8.BKIN,timer,af-0,1,1,confirmed
CH32H416,PC1,ADC1.IN11,analog,default,1,1,confirmed
CH32H416,PC1,I2C2.SDA,i2c,af-9,1,1,confirmed
CH32H416,PC1,PIOC.IO0,pioc,af-7,1,1,confirmed
CH32H416,PC1,SPI2.MOSI,spi,af-5,1,1,confirmed
CH32H416,PC1,TIM5.CH1,timer,af-2,1,1,confirmed
CH32H416,PC1,TIM8.CH1N,timer,af-0,1,1,confirmed
CH32H416,PC10,SPI3.SCK,spi,af-6,1,1,confirmed
CH32H416,PC10,TIM9.CH2,timer,af-2,1,1,confirmed
CH32H416,PC10,USART3.TX,uart,af-7,1,1,confirmed
CH32H416,PC10,USART6.TX,uart,af-8,1,1,confirmed
CH32H416,PC11,SPI3.MISO,spi,af-6,1,1,confirmed
CH32H416,PC11,TIM9.CH4,timer,af-2,1,1,confirmed
CH32H416,PC11,USART3.RX,uart,af-7,1,1,confirmed
CH32H416,PC11,USART6.RX,uart,af-8,1,1,confirmed
CH32H416,PC12,SPI3.MOSI,spi,af-6,1,1,confirmed
CH32H416,PC12,TIM9.CH3,timer,af-2,1,1,confirmed
CH32H416,PC12,USART3.CK,uart,af-7,1,1,confirmed
CH32H416,PC12,USART7.TX,uart,af-8,1,1,confirmed
CH32H416,PC2,ADC1.IN12,analog,default,1,1,confirmed
CH32H416,PC2,I2C2.SMBA,i2c,af-9,1,1,confirmed
CH32H416,PC2,OPA3.P0,analog,default,1,1,confirmed
CH32H416,PC2,PIOC.IO1,pioc,af-8,1,1,confirmed
CH32H416,PC2,SPI2.MISO,spi,af-5,1,1,confirmed
CH32H416,PC2,TIM5.CH2,timer,af-2,1,1,confirmed
CH32H416,PC2,TIM8.CH2N,timer,af-0,1,1,confirmed
CH32H416,PC3,ADC1.IN13,analog,default,1,1,confirmed
CH32H416,PC3,OPA3.N0,analog,default,1,1,confirmed
CH32H416,PC3,SPI2.MOSI,spi,af-5,1,1,confirmed
CH32H416,PC3,TIM5.CH3,timer,af-2,1,1,confirmed
CH32H416,PC3,TIM8.CH3N,timer,af-0,1,1,confirmed
CH32H416,PC4,ADC1.IN14,analog,default,1,1,confirmed
CH32H416,PC4,CMP.N1,analog,default,1,1,confirmed
CH32H416,PC4,OPA1.OUT0,analog,default,1,1,confirmed
CH32H416,PC5,ADC1.IN15,analog,default,1,1,confirmed
CH32H416,PC5,CMP.OUT,analog,af-13,1,1,confirmed
CH32H416,PC6,TIM3.CH1,timer,af-2,1,1,confirmed
CH32H416,PC6,TIM8.CH1,timer,af-3,1,1,confirmed
CH32H416,PC6,USART4.TX,uart,af-7,1,1,confirmed
CH32H416,PC7,TIM3.CH2,timer,af-2,1,1,confirmed
CH32H416,PC7,TIM8.CH2,timer,af-3,1,1,confirmed
CH32H416,PC7,USART4.RX,uart,af-7,1,1,confirmed
CH32H416,PC8,TIM3.CH3,timer,af-2,1,1,confirmed
CH32H416,PC8,TIM8.CH3,timer,af-3,1,1,confirmed
CH32H416,PC8,TIM9.ETR,timer,af-6,1,1,confirmed
CH32H416,PC8,USART4.CK,uart,af-7,1,1,confirmed
CH32H416,PC8,USART7.RTS,uart,af-8,1,1,confirmed
CH32H416,PC9,I2C3.SDA,i2c,af-4,1,1,confirmed
CH32H416,PC9,SPI3.MISO,spi,af-5,1,1,confirmed
CH32H416,PC9,TIM3.CH4,timer,af-2,1,1,confirmed
CH32H416,PC9,TIM8.CH4,timer,af-3,1,1,confirmed
CH32H416,PC9,TIM9.CH1,timer,af-6,1,1,confirmed
CH32H416,PC9,USART7.CTS,uart,af-8,1,1,confirmed
CH32H416,PD10,USART3.CK,uart,af-7,1,1,confirmed
CH32H416,PD2,TIM3.ETR,timer,af-2,1,1,confirmed
CH32H416,PD2,USART7.RX,uart,af-8,1,1,confirmed
CH32H416,PD3,SPI2.SCK,spi,af-5,1,1,confirmed
CH32H416,PD3,TIM11.CH1,timer,af-2,1,1,confirmed
CH32H416,PD3,TIM3.CH1,timer,af-9,1,1,confirmed
CH32H416,PD3,USART2.CTS,uart,af-7,1,1,confirmed
CH32H416,PD3,USART6.CK,uart,af-8,1,1,confirmed
CH32H416,PD9,USART3.RX,uart,af-7,1,1,confirmed
CH32H416,PE15,CMP.OUT,analog,af-13,1,1,confirmed
CH32H416,PE15,TIM1.BKIN,timer,af-1,1,1,confirmed
CH32H416,PE15,TIM12.CH4,timer,af-2,1,1,confirmed
CH32H416,PE15,USART5.CK,uart,af-11,1,1,confirmed
CH32H416,PE9,OPA2.P0,analog,default,1,1,confirmed
CH32H416,PE9,TIM1.CH1,timer,af-1,1,1,confirmed
CH32H416,PF10,TIM10.ETR,timer,af-8,1,1,confirmed
CH32H416,PF10,USART8.CK,uart,af-7,1,1,confirmed
CH32H416,PF10,USART8.CTS,uart,af-11,1,1,confirmed
CH32H416,PF12,I2C4.SCL,i2c,af-2,1,1,confirmed
CH32H416,PF12,OPA2.N1,analog,default,1,1,confirmed
CH32H416,PF12,PIOC.IO0,pioc,af-3,1,1,confirmed
CH32H416,PF12,TIM12.CH3,timer,af-13,1,1,confirmed
CH32H416,PF13,I2C4.SDA,i2c,af-2,1,1,confirmed
CH32H416,PF13,PIOC.IO1,pioc,af-5,1,1,confirmed
CH32H416,PF13,TIM12.CH4,timer,af-13,1,1,confirmed
CH32H416,PF6,SPI1.NSS,spi,af-3,1,1,confirmed
CH32H416,PF6,TIM10.CH3,timer,af-9,1,1,confirmed
CH32H416,PF6,TIM11.CH1,timer,af-13,1,1,confirmed
CH32H416,PF6,USART8.RX,uart,af-7,1,1,confirmed
CH32H416,PF7,SPI1.SCK,spi,af-3,1,1,confirmed
CH32H416,PF7,TIM10.CH4,timer,af-9,1,1,confirmed
CH32H416,PF7,TIM11.CH2,timer,af-13,1,1,confirmed
CH32H416,PF7,USART8.TX,uart,af-7,1,1,confirmed
CH32H416,PF8,SPI1.MOSI,spi,af-3,1,1,confirmed
CH32H416,PF8,TIM10.CH1,timer,af-9,1,1,confirmed
CH32H416,PF8,TIM11.CH3,timer,af-13,1,1,confirmed
CH32H416,PF8,USART8.RTS,uart,af-7,1,1,confirmed
CH32H416,PF9,SPI1.MISO,spi,af-3,1,1,confirmed
CH32H416,PF9,TIM10.CH2,timer,af-9,1,1,confirmed
CH32H416,PF9,TIM11.CH4,timer,af-13,1,1,confirmed
CH32H416,PF9,USART8.CTS,uart,af-7,1,1,confirmed
CH32H416,PF9,USART8.RTS,uart,af-11,1,1,confirmed
CH32H417,PA0,ADC1.IN0,analog,default,2,3,confirmed
CH32H417,PA0,OPA3.OUT0,analog,default,2,3,confirmed
CH32H417,PA0,PIOC.IO0,pioc,af-5,2,3,confirmed
CH32H417,PA0,TIM2.CH1_ETR,timer,af-1,2,3,confirmed
CH32H417,PA0,TIM5.CH1,timer,af-2,2,3,confirmed
CH32H417,PA0,TIM8.ETR,timer,af-3,2,3,confirmed
CH32H417,PA0,TIM9.CH1,timer,af-6,2,3,confirmed
CH32H417,PA0,USART2.CTS,uart,af-7,2,3,confirmed
CH32H417,PA0,USART6.TX,uart,af-8,2,3,confirmed
CH32H417,PA1,ADC1.IN1,analog,default,1,3,confirmed
CH32H417,PA1,TIM2.CH2,timer,af-1,1,3,confirmed
CH32H417,PA1,TIM5.CH2,timer,af-2,1,3,confirmed
CH32H417,PA1,TIM9.CH2,timer,af-6,1,3,confirmed
CH32H417,PA1,USART2.RTS,uart,af-7,1,3,confirmed
CH32H417,PA1,USART6.RX,uart,af-8,1,3,confirmed
CH32H417,PA10,TIM1.CH3,timer,af-1,2,3,confirmed
CH32H417,PA10,USART1.RX,uart,af-7,2,3,confirmed
CH32H417,PA10,USART6.CK,uart,af-6,2,3,confirmed
CH32H417,PA11,SPI2.NSS,spi,af-5,2,3,confirmed
CH32H417,PA11,TIM1.CH4,timer,af-1,2,3,confirmed
CH32H417,PA11,USART1.CTS,uart,af-7,2,3,confirmed
CH32H417,PA11,USART3.CK,uart,af-4,2,3,confirmed
CH32H417,PA11,USART6.RX,uart,af-6,2,3,confirmed
CH32H417,PA12,SPI2.SCK,spi,af-5,2,3,confirmed
CH32H417,PA12,TIM1.BKIN2,timer,af-12,2,3,confirmed
CH32H417,PA12,TIM1.ETR,timer,af-1,2,3,confirmed
CH32H417,PA12,USART1.RTS,uart,af-7,2,3,confirmed
CH32H417,PA12,USART3.RTS,uart,af-4,2,3,confirmed
CH32H417,PA12,USART6.TX,uart,af-6,2,3,confirmed
CH32H417,PA13,I2C3.SDA,i2c,af-7,3,3,confirmed
CH32H417,PA13,SPI3.MOSI,spi,af-1,3,3,confirmed
CH32H417,PA13,USART3.TX,uart,af-4,3,3,confirmed
CH32H417,PA14,I2C3.SCL,i2c,af-7,3,3,confirmed
CH32H417,PA14,SPI3.SCK,spi,af-1,3,3,confirmed
CH32H417,PA14,USART3.RX,uart,af-4,3,3,confirmed
CH32H417,PA14,USART8.CK,uart,af-11,3,3,confirmed
CH32H417,PA15,I2C3.SMBA,i2c,af-7,3,3,confirmed
CH32H417,PA15,SPI1.NSS,spi,af-5,3,3,confirmed
CH32H417,PA15,SPI3.NSS,spi,af-6,3,3,confirmed
CH32H417,PA15,TIM2.CH1_ETR,timer,af-1,3,3,confirmed
CH32H417,PA15,USART3.CTS,uart,af-4,3,3,confirmed
CH32H417,PA15,USART6.RTS,uart,af-8,3,3,confirmed
CH32H417,PA15,USART8.TX,uart,af-11,3,3,confirmed
CH32H417,PA2,ADC1.IN2,analog,default,1,3,confirmed
CH32H417,PA2,OPA3.P1,analog,default,1,3,confirmed
CH32H417,PA2,TIM2.CH3,timer,af-1,1,3,confirmed
CH32H417,PA2,TIM5.CH3,timer,af-2,1,3,confirmed
CH32H417,PA2,TIM9.CH3,timer,af-4,1,3,confirmed
CH32H417,PA2,USART2.TX,uart,af-7,1,3,confirmed
CH32H417,PA2,USART6.CK,uart,af-3,1,3,confirmed
CH32H417,PA3,ADC1.IN3,analog,default,1,3,confirmed
CH32H417,PA3,OPA3.N1,analog,default,1,3,confirmed
CH32H417,PA3,TIM10.CH3,timer,af-8,1,3,confirmed
CH32H417,PA3,TIM2.CH4,timer,af-1,1,3,confirmed
CH32H417,PA3,TIM5.CH4,timer,af-2,1,3,confirmed
CH32H417,PA3,TIM9.CH4,timer,af-4,1,3,confirmed
CH32H417,PA3,USART2.RX,uart,af-7,1,3,confirmed
CH32H417,PA4,ADC1.IN4,analog,default,2,3,confirmed
CH32H417,PA4,DAC1.OUT,analog,default,2,3,confirmed
CH32H417,PA4,OPA3.OUT1,analog,default,2,3,confirmed
CH32H417,PA4,SPI1.NSS,spi,af-5,2,3,confirmed
CH32H417,PA4,SPI3.NSS,spi,af-6,2,3,confirmed
CH32H417,PA4,TIM10.CH4,timer,af-9,2,3,confirmed
CH32H417,PA4,TIM5.ETR,timer,af-2,2,3,confirmed
CH32H417,PA4,TIM9.ETR,timer,af-4,2,3,confirmed
CH32H417,PA4,USART2.CK,uart,af-7,2,3,confirmed
CH32H417,PA5,ADC1.IN5,analog,default,3,3,confirmed
CH32H417,PA5,DAC2.OUT,analog,default,3,3,confirmed
CH32H417,PA5,OPA1.OUT1,analog,default,3,3,confirmed
CH32H417,PA5,SPI1.SCK,spi,af-5,3,3,confirmed
CH32H417,PA5,TIM1.BKIN2,timer,af-2,3,3,confirmed
CH32H417,PA5,TIM10.ETR,timer,af-9,3,3,confirmed
CH32H417,PA5,TIM2.CH1_ETR,timer,af-1,3,3,confirmed
CH32H417,PA5,TIM8.CH1N,timer,af-3,3,3,confirmed
CH32H417,PA6,ADC1.IN6,analog,default,1,3,confirmed
CH32H417,PA6,CMP.OUT,analog,af-10,1,3,confirmed
CH32H417,PA6,OPA1.P1,analog,default,1,3,confirmed
CH32H417,PA6,SPI1.MISO,spi,af-5,1,3,confirmed
CH32H417,PA6,TIM1.BKIN,timer,af-1,1,3,confirmed
CH32H417,PA6,TIM10.CH1,timer,af-9,1,3,confirmed
CH32H417,PA6,TIM3.CH1,timer,af-2,1,3,confirmed
CH32H417,PA6,TIM8.BKIN,timer,af-3,1,3,confirmed
CH32H417,PA7,ADC1.IN7,analog,default,1,3,confirmed
CH32H417,PA7,OPA1.N1,analog,default,1,3,confirmed
CH32H417,PA7,SPI1.MOSI,spi,af-5,1,3,confirmed
CH32H417,PA7,TIM1.CH1N,timer,af-1,1,3,confirmed
CH32H417,PA7,TIM10.CH2,timer,af-9,1,3,confirmed
CH32H417,PA7,TIM3.CH2,timer,af-2,1,3,confirmed
CH32H417,PA7,TIM8.CH1N,timer,af-3,1,3,confirmed
CH32H417,PA8,CMP.OUT,analog,af-12,1,3,confirmed
CH32H417,PA8,I2C3.SCL,i2c,af-4,1,3,confirmed
CH32H417,PA8,TIM1.CH1,timer,af-1,1,3,confirmed
CH32H417,PA8,TIM8.BKIN2,timer,af-3,1,3,confirmed
CH32H417,PA8,USART1.CK,uart,af-7,1,3,confirmed
CH32H417,PA8,USART8.RX,uart,af-11,1,3,confirmed
CH32H417,PA9,I2C3.SMBA,i2c,af-4,2,3,confirmed
CH32H417,PA9,SPI2.SCK,spi,af-5,2,3,confirmed
CH32H417,PA9,TIM1.CH2,timer,af-1,2,3,confirmed
CH32H417,PA9,USART1.TX,uart,af-7,2,3,confirmed
CH32H417,PB0,ADC1.IN8,analog,default,3,3,confirmed
CH32H417,PB0,CMP.P0,analog,default,3,3,confirmed
CH32H417,PB0,OPA1.P0,analog,default,3,3,confirmed
CH32H417,PB0,RCC.MCO,clock,af-0,3,3,confirmed
CH32H417,PB0,TIM1.CH2N,timer,af-1,3,3,confirmed
CH32H417,PB0,TIM12.ETR,timer,af-13,3,3,confirmed
CH32H417,PB0,TIM3.CH3,timer,af-2,3,3,confirmed
CH32H417,PB0,TIM5.CH4,timer,af-4,3,3,confirmed
CH32H417,PB0,TIM8.CH2N,timer,af-3,3,3,confirmed
CH32H417,PB0,USART6.CTS,uart,af-8,3,3,confirmed
CH32H417,PB1,ADC1.IN9,analog,default,3,3,confirmed
CH32H417,PB1,CMP.N0,analog,default,3,3,confirmed
CH32H417,PB1,OPA1.N0,analog,default,3,3,confirmed
CH32H417,PB1,OPA2.OUT1,analog,default,3,3,confirmed
CH32H417,PB1,TIM1.CH3N,timer,af-1,3,3,confirmed
CH32H417,PB1,TIM12.CH1,timer,af-5,3,3,confirmed
CH32H417,PB1,TIM3.CH4,timer,af-2,3,3,confirmed
CH32H417,PB1,TIM8.CH3N,timer,af-3,3,3,confirmed
CH32H417,PB10,I2C2.SCL,i2c,af-4,3,3,confirmed
CH32H417,PB10,SPI2.SCK,spi,af-5,3,3,confirmed
CH32H417,PB10,TIM2.CH3,timer,af-1,3,3,confirmed
CH32H417,PB10,TIM9.CH2,timer,af-2,3,3,confirmed
CH32H417,PB10,USART3.TX,uart,af-7,3,3,confirmed
CH32H417,PB10,USART6.CK,uart,af-9,3,3,confirmed
CH32H417,PB11,I2C2.SDA,i2c,af-4,3,3,confirmed
CH32H417,PB11,TIM2.CH4,timer,af-1,3,3,confirmed
CH32H417,PB11,TIM9.CH4,timer,af-9,3,3,confirmed
CH32H417,PB11,USART3.RX,uart,af-7,3,3,confirmed
CH32H417,PB12,CMP.OUT,analog,af-13,3,3,confirmed
CH32H417,PB12,I2C2.SMBA,i2c,af-4,3,3,confirmed
CH32H417,PB12,SPI2.NSS,spi,af-5,3,3,confirmed
CH32H417,PB12,TIM1.BKIN,timer,af-1,3,3,confirmed
CH32H417,PB12,TIM8.BKIN,timer,af-2,3,3,confirmed
CH32H417,PB12,TIM9.CH3,timer,af-8,3,3,confirmed
CH32H417,PB12,USART3.CK,uart,af-7,3,3,confirmed
CH32H417,PB12,USART7.RX,uart,af-14,3,3,confirmed
CH32H417,PB13,SPI2.SCK,spi,af-5,3,3,confirmed
CH32H417,PB13,TIM1.CH1N,timer,af-1,3,3,confirmed
CH32H417,PB13,TIM8.BKIN2,timer,af-2,3,3,confirmed
CH32H417,PB13,TIM9.ETR,timer,af-4,3,3,confirmed
CH32H417,PB13,USART3.CTS,uart,af-7,3,3,confirmed
CH32H417,PB13,USART7.TX,uart,af-14,3,3,confirmed
CH32H417,PB14,SPI2.MISO,spi,af-5,3,3,confirmed
CH32H417,PB14,TIM1.CH2N,timer,af-1,3,3,confirmed
CH32H417,PB14,TIM8.CH2N,timer,af-3,3,3,confirmed
CH32H417,PB14,TIM9.CH1,timer,af-2,3,3,confirmed
CH32H417,PB14,USART1.TX,uart,af-4,3,3,confirmed
CH32H417,PB14,USART3.RTS,uart,af-7,3,3,confirmed
CH32H417,PB14,USART6.RTS,uart,af-8,3,3,confirmed
CH32H417,PB14,USART7.CK,uart,af-13,3,3,confirmed
CH32H417,PB15,SPI2.MOSI,spi,af-5,1,3,confirmed
CH32H417,PB15,TIM1.CH3N,timer,af-1,1,3,confirmed
CH32H417,PB15,TIM8.CH3N,timer,af-3,1,3,confirmed
CH32H417,PB15,TIM9.CH2,timer,af-2,1,3,confirmed
CH32H417,PB15,USART1.RX,uart,af-4,1,3,confirmed
CH32H417,PB15,USART6.CTS,uart,af-8,1,3,confirmed
CH32H417,PB2,CMP.P1,analog,default,1,3,confirmed
CH32H417,PB2,SPI3.MOSI,spi,af-7,1,3,confirmed
CH32H417,PB2,TIM11.ETR,timer,af-13,1,3,confirmed
CH32H417,PB2,TIM12.CH2,timer,af-5,1,3,confirmed
CH32H417,PB3,SPI1.SCK,spi,af-5,2,3,confirmed
CH32H417,PB3,SPI3.SCK,spi,af-6,2,3,confirmed
CH32H417,PB3,TIM12.ETR,timer,af-14,2,3,confirmed
CH32H417,PB3,TIM2.CH2,timer,af-1,2,3,confirmed
CH32H417,PB3,USART8.RX,uart,af-11,2,3,confirmed
CH32H417,PB4,SPI1.MISO,spi,af-5,2,3,confirmed
CH32H417,PB4,SPI2.NSS,spi,af-7,2,3,confirmed
CH32H417,PB4,SPI3.MISO,spi,af-6,2,3,confirmed
CH32H417,PB4,TIM3.CH1,timer,af-2,2,3,confirmed
CH32H417,PB4,TIM4.ETR,timer,af-10,2,3,confirmed
CH32H417,PB4,USART7.CK,uart,af-14,2,3,confirmed
CH32H417,PB4,USART8.TX,uart,af-11,2,3,confirmed
CH32H417,PB5,I2C1.SMBA,i2c,af-4,1,3,confirmed
CH32H417,PB5,I2C4.SMBA,i2c,af-6,1,3,confirmed
CH32H417,PB5,SPI1.MOSI,spi,af-5,1,3,confirmed
CH32H417,PB5,SPI3.MOSI,spi,af-7,1,3,confirmed
CH32H417,PB5,TIM10.ETR,timer,af-0,1,3,confirmed
CH32H417,PB5,TIM3.CH2,timer,af-2,1,3,confirmed
CH32H417,PB5,USART7.RX,uart,af-14,1,3,confirmed
CH32H417,PB6,I2C1.SCL,i2c,af-4,1,3,confirmed
CH32H417,PB6,I2C4.SCL,i2c,af-6,1,3,confirmed
CH32H417,PB6,TIM10.CH1,timer,af-0,1,3,confirmed
CH32H417,PB6,TIM4.CH1,timer,af-2,1,3,confirmed
CH32H417,PB6,USART1.TX,uart,af-7,1,3,confirmed
CH32H417,PB6,USART7.TX,uart,af-14,1,3,confirmed
CH32H417,PB7,I2C1.SDA,i2c,af-4,1,3,confirmed
CH32H417,PB7,I2C4.SDA,i2c,af-6,1,3,confirmed
CH32H417,PB7,TIM10.CH2,timer,af-0,1,3,confirmed
CH32H417,PB7,TIM4.CH2,timer,af-2,1,3,confirmed
CH32H417,PB7,USART1.RX,uart,af-7,1,3,confirmed
CH32H417,PB7,USART8.CK,uart,af-10,1,3,confirmed
CH32H417,PB8,I2C1.SCL,i2c,af-4,3,3,confirmed
CH32H417,PB8,I2C4.SCL,i2c,af-6,3,3,confirmed
CH32H417,PB8,PIOC.IO0,pioc,af-5,3,3,confirmed
CH32H417,PB8,TIM10.CH3,timer,af-1,3,3,confirmed
CH32H417,PB8,TIM4.CH3,timer,af-2,3,3,confirmed
CH32H417,PB8,USART6.RX,uart,af-8,3,3,confirmed
CH32H417,PB9,I2C1.SDA,i2c,af-4,3,3,confirmed
CH32H417,PB9,I2C4.SDA,i2c,af-6,3,3,confirmed
CH32H417,PB9,I2C4.SMBA,i2c,af-11,3,3,confirmed
CH32H417,PB9,PIOC.IO1,pioc,af-7,3,3,confirmed
CH32H417,PB9,SPI2.NSS,spi,af-5,3,3,confirmed
CH32H417,PB9,TIM10.CH4,timer,af-1,3,3,confirmed
CH32H417,PB9,TIM4.CH4,timer,af-2,3,3,confirmed
CH32H417,PB9,USART6.TX,uart,af-8,3,3,confirmed
CH32H417,PC0,ADC1.IN10,analog,default,3,3,confirmed
CH32H417,PC0,I2C2.SCL,i2c,af-9,3,3,confirmed
CH32H417,PC0,PIOC.IO1,pioc,af-5,3,3,confirmed
CH32H417,PC0,TIM8.BKIN,timer,af-0,3,3,confirmed
CH32H417,PC1,ADC1.IN11,analog,default,3,3,confirmed
CH32H417,PC1,I2C2.SDA,i2c,af-9,3,3,confirmed
CH32H417,PC1,PIOC.IO0,pioc,af-7,3,3,confirmed
CH32H417,PC1,SPI2.MOSI,spi,af-5,3,3,confirmed
CH32H417,PC1,TIM5.CH1,timer,af-2,3,3,confirmed
CH32H417,PC1,TIM8.CH1N,timer,af-0,3,3,confirmed
CH32H417,PC10,SPI3.SCK,spi,af-6,3,3,confirmed
CH32H417,PC10,TIM9.CH2,timer,af-2,3,3,confirmed
CH32H417,PC10,USART3.TX,uart,af-7,3,3,confirmed
CH32H417,PC10,USART6.TX,uart,af-8,3,3,confirmed
CH32H417,PC11,SPI3.MISO,spi,af-6,3,3,confirmed
CH32H417,PC11,TIM9.CH4,timer,af-2,3,3,confirmed
CH32H417,PC11,USART3.RX,uart,af-7,3,3,confirmed
CH32H417,PC11,USART6.RX,uart,af-8,3,3,confirmed
CH32H417,PC12,SPI3.MOSI,spi,af-6,3,3,confirmed
CH32H417,PC12,TIM9.CH3,timer,af-2,3,3,confirmed
CH32H417,PC12,USART3.CK,uart,af-7,3,3,confirmed
CH32H417,PC12,USART7.TX,uart,af-8,3,3,confirmed
CH32H417,PC2,ADC1.IN12,analog,default,3,3,confirmed
CH32H417,PC2,I2C2.SMBA,i2c,af-9,3,3,confirmed
CH32H417,PC2,OPA3.P0,analog,default,3,3,confirmed
CH32H417,PC2,PIOC.IO1,pioc,af-8,3,3,confirmed
CH32H417,PC2,SPI2.MISO,spi,af-5,3,3,confirmed
CH32H417,PC2,TIM5.CH2,timer,af-2,3,3,confirmed
CH32H417,PC2,TIM8.CH2N,timer,af-0,3,3,confirmed
CH32H417,PC3,ADC1.IN13,analog,default,3,3,confirmed
CH32H417,PC3,OPA3.N0,analog,default,3,3,confirmed
CH32H417,PC3,SPI2.MOSI,spi,af-5,3,3,confirmed
CH32H417,PC3,TIM5.CH3,timer,af-2,3,3,confirmed
CH32H417,PC3,TIM8.CH3N,timer,af-0,3,3,confirmed
CH32H417,PC4,ADC1.IN14,analog,default,1,3,confirmed
CH32H417,PC4,CMP.N1,analog,default,1,3,confirmed
CH32H417,PC4,OPA1.OUT0,analog,default,1,3,confirmed
CH32H417,PC5,ADC1.IN15,analog,default,1,3,confirmed
CH32H417,PC5,CMP.OUT,analog,af-13,1,3,confirmed
CH32H417,PC6,SPI2.MCK,spi,af-5,3,3,reference
CH32H417,PC6,TIM3.CH1,timer,af-2,3,3,confirmed
CH32H417,PC6,TIM8.CH1,timer,af-3,3,3,confirmed
CH32H417,PC6,USART4.TX,uart,af-7,3,3,confirmed
CH32H417,PC7,TIM3.CH2,timer,af-2,3,3,confirmed
CH32H417,PC7,TIM8.CH2,timer,af-3,3,3,confirmed
CH32H417,PC7,USART4.RX,uart,af-7,3,3,confirmed
CH32H417,PC8,TIM3.CH3,timer,af-2,3,3,confirmed
CH32H417,PC8,TIM8.CH3,timer,af-3,3,3,confirmed
CH32H417,PC8,TIM9.ETR,timer,af-6,3,3,confirmed
CH32H417,PC8,USART4.CK,uart,af-7,3,3,confirmed
CH32H417,PC8,USART7.RTS,uart,af-8,3,3,confirmed
CH32H417,PC9,I2C3.SDA,i2c,af-4,3,3,confirmed
CH32H417,PC9,SPI3.MISO,spi,af-5,3,3,confirmed
CH32H417,PC9,TIM3.CH4,timer,af-2,3,3,confirmed
CH32H417,PC9,TIM8.CH4,timer,af-3,3,3,confirmed
CH32H417,PC9,TIM9.CH1,timer,af-6,3,3,confirmed
CH32H417,PC9,USART7.CTS,uart,af-8,3,3,confirmed
CH32H417,PD0,USART6.RX,uart,af-8,3,3,confirmed
CH32H417,PD1,USART6.TX,uart,af-8,3,3,confirmed
CH32H417,PD10,USART3.CK,uart,af-7,3,3,confirmed
CH32H417,PD11,I2C4.SMBA,i2c,af-4,3,3,confirmed
CH32H417,PD11,TIM5.ETR,timer,af-6,3,3,confirmed
CH32H417,PD11,USART1.CK,uart,af-14,3,3,confirmed
CH32H417,PD11,USART3.CTS,uart,af-7,3,3,confirmed
CH32H417,PD12,I2C4.SCL,i2c,af-4,3,3,confirmed
CH32H417,PD12,TIM4.CH1,timer,af-2,3,3,confirmed
CH32H417,PD12,TIM5.CH1,timer,af-6,3,3,confirmed
CH32H417,PD12,USART1.RX,uart,af-14,3,3,confirmed
CH32H417,PD12,USART3.RTS,uart,af-7,3,3,confirmed
CH32H417,PD13,I2C4.SDA,i2c,af-4,3,3,confirmed
CH32H417,PD13,TIM4.CH2,timer,af-2,3,3,confirmed
CH32H417,PD13,TIM5.CH2,timer,af-6,3,3,confirmed
CH32H417,PD13,USART1.TX,uart,af-14,3,3,confirmed
CH32H417,PD14,TIM4.CH3,timer,af-2,3,3,confirmed
CH32H417,PD14,TIM5.CH3,timer,af-6,3,3,confirmed
CH32H417,PD14,USART1.RTS,uart,af-14,3,3,confirmed
CH32H417,PD15,TIM4.CH4,timer,af-2,3,3,confirmed
CH32H417,PD15,TIM5.CH4,timer,af-6,3,3,confirmed
CH32H417,PD15,USART1.CTS,uart,af-14,3,3,confirmed
CH32H417,PD2,TIM3.ETR,timer,af-2,3,3,confirmed
CH32H417,PD2,USART7.RX,uart,af-8,3,3,confirmed
CH32H417,PD3,SPI2.SCK,spi,af-5,3,3,confirmed
CH32H417,PD3,TIM11.CH1,timer,af-2,3,3,confirmed
CH32H417,PD3,TIM3.CH1,timer,af-9,3,3,confirmed
CH32H417,PD3,USART2.CTS,uart,af-7,3,3,confirmed
CH32H417,PD3,USART6.CK,uart,af-8,3,3,confirmed
CH32H417,PD4,TIM11.CH2,timer,af-2,3,3,confirmed
CH32H417,PD4,TIM3.CH2,timer,af-9,3,3,confirmed
CH32H417,PD4,USART2.RTS,uart,af-7,3,3,confirmed
CH32H417,PD4,USART7.CK,uart,af-8,3,3,confirmed
CH32H417,PD5,TIM11.CH3,timer,af-2,3,3,confirmed
CH32H417,PD5,TIM11.ETR,timer,af-13,3,3,confirmed
CH32H417,PD5,TIM3.CH3,timer,af-9,3,3,confirmed
CH32H417,PD5,USART2.TX,uart,af-7,3,3,confirmed
CH32H417,PD6,SPI3.MOSI,spi,af-5,3,3,confirmed
CH32H417,PD6,TIM11.CH4,timer,af-2,3,3,confirmed
CH32H417,PD6,TIM3.CH4,timer,af-9,3,3,confirmed
CH32H417,PD6,USART2.RX,uart,af-7,3,3,confirmed
CH32H417,PD6,USART5.CK,uart,af-11,3,3,confirmed
CH32H417,PD7,SPI1.MOSI,spi,af-5,3,3,confirmed
CH32H417,PD7,TIM11.CH3,timer,af-13,3,3,confirmed
CH32H417,PD7,USART2.CK,uart,af-7,3,3,confirmed
CH32H417,PD7,USART5.RTS,uart,af-4,3,3,confirmed
CH32H417,PD8,USART3.TX,uart,af-7,1,3,confirmed
CH32H417,PD9,USART3.RX,uart,af-7,1,3,confirmed
CH32H417,PE0,TIM11.CH1,timer,af-13,3,3,confirmed
CH32H417,PE0,USART4.RTS,uart,af-7,3,3,confirmed
CH32H417,PE0,USART5.TX,uart,af-4,3,3,confirmed
CH32H417,PE1,TIM11.CH2,timer,af-13,3,3,confirmed
CH32H417,PE1,USART4.CTS,uart,af-7,3,3,confirmed
CH32H417,PE1,USART5.CTS,uart,af-4,3,3,confirmed
CH32H417,PE10,TIM1.CH2N,timer,af-1,2,3,confirmed
CH32H417,PE11,SPI4.NSS,spi,af-5,2,3,confirmed
CH32H417,PE11,TIM1.CH2,timer,af-1,2,3,confirmed
CH32H417,PE12,CMP.OUT,analog,af-13,2,3,confirmed
CH32H417,PE12,SPI4.SCK,spi,af-5,2,3,confirmed
CH32H417,PE12,TIM1.CH3N,timer,af-1,2,3,confirmed
CH32H417,PE13,SPI4.MISO,spi,af-5,3,3,confirmed
CH32H417,PE13,TIM1.CH3,timer,af-1,3,3,confirmed
CH32H417,PE13,TIM12.CH2,timer,af-2,3,3,confirmed
CH32H417,PE14,SPI4.MOSI,spi,af-5,3,3,confirmed
CH32H417,PE14,TIM1.CH4,timer,af-1,3,3,confirmed
CH32H417,PE14,TIM12.CH3,timer,af-2,3,3,confirmed
CH32H417,PE15,CMP.OUT,analog,af-13,3,3,confirmed
CH32H417,PE15,TIM1.BKIN,timer,af-1,3,3,confirmed
CH32H417,PE15,TIM12.CH4,timer,af-2,3,3,confirmed
CH32H417,PE15,USART5.CK,uart,af-11,3,3,confirmed
CH32H417,PE2,SPI4.SCK,spi,af-5,1,3,confirmed
CH32H417,PE2,USART5.RX,uart,af-4,1,3,confirmed
CH32H417,PE2,USART6.CK,uart,af-8,1,3,confirmed
CH32H417,PE3,PIOC.IO0,pioc,af-5,2,3,confirmed
CH32H417,PE3,TIM12.CH1,timer,af-3,2,3,confirmed
CH32H417,PE3,TIM4.CH1,timer,af-2,2,3,confirmed
CH32H417,PE3,TIM8.CH1,timer,af-0,2,3,confirmed
CH32H417,PE3,USART5.TX,uart,af-11,2,3,confirmed
CH32H417,PE4,PIOC.IO1,pioc,af-4,2,3,confirmed
CH32H417,PE4,SPI4.NSS,spi,af-5,2,3,confirmed
CH32H417,PE4,TIM12.CH2,timer,af-3,2,3,confirmed
CH32H417,PE4,TIM4.CH2,timer,af-2,2,3,confirmed
CH32H417,PE4,TIM8.CH2,timer,af-0,2,3,confirmed
CH32H417,PE5,SPI4.MISO,spi,af-5,2,3,confirmed
CH32H417,PE5,TIM12.CH3,timer,af-3,2,3,confirmed
CH32H417,PE5,TIM4.CH3,timer,af-2,2,3,confirmed
CH32H417,PE5,TIM8.CH3,timer,af-0,2,3,confirmed
CH32H417,PE5,TIM9.CH3,timer,af-4,2,3,confirmed
CH32H417,PE6,CMP.OUT,analog,af-11,2,3,confirmed
CH32H417,PE6,SPI4.MOSI,spi,af-5,2,3,confirmed
CH32H417,PE6,TIM1.BKIN2,timer,af-1,2,3,confirmed
CH32H417,PE6,TIM12.CH4,timer,af-3,2,3,confirmed
CH32H417,PE6,TIM4.CH4,timer,af-2,2,3,confirmed
CH32H417,PE6,TIM8.CH4,timer,af-0,2,3,confirmed
CH32H417,PE6,TIM9.CH4,timer,af-4,2,3,confirmed
CH32H417,PE6,USART8.CK,uart,af-8,2,3,confirmed
CH32H417,PE7,OPA2.OUT0,analog,default,1,3,confirmed
CH32H417,PE7,TIM1.ETR,timer,af-1,1,3,confirmed
CH32H417,PE7,USART8.RX,uart,af-7,1,3,confirmed
CH32H417,PE8,OPA2.N0,analog,default,1,3,confirmed
CH32H417,PE8,TIM1.CH1N,timer,af-1,1,3,confirmed
CH32H417,PE8,USART8.TX,uart,af-7,1,3,confirmed
CH32H417,PE9,OPA2.P0,analog,default,1,3,confirmed
CH32H417,PE9,TIM1.CH1,timer,af-1,1,3,confirmed
CH32H417,PF0,USART4.CTS,uart,af-7,3,3,confirmed
CH32H417,PF1,USART4.CK,uart,af-7,3,3,confirmed
CH32H417,PF10,TIM10.ETR,timer,af-8,1,3,confirmed
CH32H417,PF10,USART8.CK,uart,af-7,1,3,confirmed
CH32H417,PF10,USART8.CTS,uart,af-11,1,3,confirmed
CH32H417,PF11,I2C4.SMBA,i2c,af-2,1,3,confirmed
CH32H417,PF11,OPA2.P1,analog,default,1,3,confirmed
CH32H417,PF12,I2C4.SCL,i2c,af-2,1,3,confirmed
CH32H417,PF12,OPA2.N1,analog,default,1,3,confirmed
CH32H417,PF12,PIOC.IO0,pioc,af-3,1,3,confirmed
CH32H417,PF12,TIM12.CH3,timer,af-13,1,3,confirmed
CH32H417,PF13,I2C4.SDA,i2c,af-2,1,3,confirmed
CH32H417,PF13,PIOC.IO1,pioc,af-5,1,3,confirmed
CH32H417,PF13,TIM12.CH4,timer,af-13,1,3,confirmed
CH32H417,PF14,PIOC.IO1,pioc,af-5,3,3,confirmed
CH32H417,PF2,TIM8.ETR,timer,af-3,3,3,confirmed
CH32H417,PF2,USART4.RTS,uart,af-7,3,3,confirmed
CH32H417,PF3,SPI1.MISO,spi,af-5,3,3,confirmed
CH32H417,PF3,USART4.RX,uart,af-7,3,3,confirmed
CH32H417,PF4,SPI1.NSS,spi,af-5,3,3,confirmed
CH32H417,PF4,USART4.TX,uart,af-7,3,3,confirmed
CH32H417,PF5,SPI1.SCK,spi,af-5,3,3,confirmed
CH32H417,PF5,USART5.RX,uart,af-4,3,3,confirmed
CH32H417,PF6,SPI1.NSS,spi,af-3,1,3,confirmed
CH32H417,PF6,TIM10.CH3,timer,af-9,1,3,confirmed
CH32H417,PF6,TIM11.CH1,timer,af-13,1,3,confirmed
CH32H417,PF6,USART8.RX,uart,af-7,1,3,confirmed
CH32H417,PF7,SPI1.SCK,spi,af-3,1,3,confirmed
CH32H417,PF7,TIM10.CH4,timer,af-9,1,3,confirmed
CH32H417,PF7,TIM11.CH2,timer,af-13,1,3,confirmed
CH32H417,PF7,USART8.TX,uart,af-7,1,3,confirmed
CH32H417,PF8,SPI1.MOSI,spi,af-3,1,3,confirmed
CH32H417,PF8,TIM10.CH1,timer,af-9,1,3,confirmed
CH32H417,PF8,TIM11.CH3,timer,af-13,1,3,confirmed
CH32H417,PF8,USART8.RTS,uart,af-7,1,3,confirmed
CH32H417,PF9,SPI1.MISO,spi,af-3,1,3,confirmed
CH32H417,PF9,TIM10.CH2,timer,af-9,1,3,confirmed
CH32H417,PF9,TIM11.CH4,timer,af-13,1,3,confirmed
CH32H417,PF9,USART8.CTS,uart,af-7,1,3,confirmed
CH32H417,PF9,USART8.RTS,uart,af-11,1,3,confirmed
CH32L103,OSC_IN,USART3.RX,uart,remap-2,5,6,confirmed
CH32L103,OSC_IN,USART3.TX,uart,remap-3,5,6,confirmed
CH32L103,OSC_OUT,USART3.RX,uart,remap-3,4,6,confirmed
CH32L103,OSC_OUT,USART3.TX,uart,remap-2,4,6,confirmed
CH32L103,PA0-WKUP,ADC1.IN0,analog,default,6,6,confirmed
CH32L103,PA0-WKUP,OPA.P4,analog,default,6,6,confirmed
CH32L103,PA0-WKUP,TIM2.CH1_ETR,timer,default;remap-2,6,6,confirmed
CH32L103,PA0-WKUP,USART2.CTS,uart,default;remap-2;remap-3,6,6,confirmed
CH32L103,PA1,ADC1.IN1,analog,default,6,6,confirmed
CH32L103,PA1,OPA.N4,analog,default,6,6,confirmed
CH32L103,PA1,TIM1.CH1,timer,remap-2;remap-3,6,6,confirmed
CH32L103,PA1,TIM1.CH2N,timer,remap-5,6,6,confirmed
CH32L103,PA1,TIM2.CH2,timer,default;remap-2,6,6,confirmed
CH32L103,PA1,USART2.RTS,uart,default;remap-2;remap-3,6,6,confirmed
CH32L103,PA10,TIM1.CH3,timer,default;remap-1,5,6,confirmed
CH32L103,PA10,USART1.RX,uart,default,5,6,confirmed
CH32L103,PA11,TIM1.CH4,timer,default;remap-1,6,6,confirmed
CH32L103,PA11,USART1.CTS,uart,default;remap-1,6,6,confirmed
CH32L103,PA11,USART2.RX,uart,remap-3,6,6,confirmed
CH32L103,PA11,USART2.TX,uart,remap-2,6,6,confirmed
CH32L103,PA12,I2C1.SDA,i2c,remap-2,6,6,confirmed
CH32L103,PA12,SPI1.NSS,spi,remap-2,6,6,confirmed
CH32L103,PA12,TIM1.BKIN,timer,remap-4;remap-5,6,6,confirmed
CH32L103,PA12,TIM1.ETR,timer,default;remap-1,6,6,confirmed
CH32L103,PA12,TIM2.CH1_ETR,timer,remap-5;remap-7,6,6,confirmed
CH32L103,PA12,USART1.RTS,uart,default;remap-1,6,6,confirmed
CH32L103,PA12,USART1.RX,uart,remap-5,6,6,confirmed
CH32L103,PA12,USART2.RX,uart,remap-2,6,6,confirmed
CH32L103,PA12,USART2.TX,uart,remap-3,6,6,confirmed
CH32L103,PA13,I2C1.SCL,i2c,remap-2,6,6,confirmed
CH32L103,PA13,TIM1.BKIN,timer,remap-2;remap-3,6,6,confirmed
CH32L103,PA13,TIM1.ETR,timer,remap-5,6,6,confirmed
CH32L103,PA13,USART1.RTS,uart,remap-2;remap-4,6,6,confirmed
CH32L103,PA14,TIM1.CH1N,timer,remap-4;remap-5,6,6,confirmed
CH32L103,PA14,TIM1.CH3,timer,remap-2;remap-3,6,6,confirmed
CH32L103,PA14,USART1.CTS,uart,remap-4,6,6,confirmed
CH32L103,PA15,SPI1.NSS,spi,remap-1,3,6,confirmed
CH32L103,PA15,TIM2.CH1_ETR,timer,remap-1;remap-3,3,6,confirmed
CH32L103,PA15,USART4.RTS,uart,remap-1,3,6,confirmed
CH32L103,PA2,ADC1.IN2,analog,default,6,6,confirmed
CH32L103,PA2,CMP1.P0,analog,default,6,6,confirmed
CH32L103,PA2,OPA.O2,analog,default,6,6,confirmed
CH32L103,PA2,TIM1.CH4,timer,remap-4,6,6,confirmed
CH32L103,PA2,TIM2.CH2,timer,remap-4;remap-5,6,6,confirmed
CH32L103,PA2,TIM2.CH3,timer,default;remap-1,6,6,confirmed
CH32L103,PA2,USART1.CTS,uart,remap-2,6,6,confirmed
CH32L103,PA2,USART2.TX,uart,default,6,6,confirmed
CH32L103,PA3,ADC1.IN3,analog,default,6,6,confirmed
CH32L103,PA3,OPA.O0,analog,default,6,6,confirmed
CH32L103,PA3,TIM1.CH4,timer,remap-5,6,6,confirmed
CH32L103,PA3,TIM1.ETR,timer,remap-3,6,6,confirmed
CH32L103,PA3,TIM2.CH1_ETR,timer,remap-4,6,6,confirmed
CH32L103,PA3,TIM2.CH4,timer,default;remap-1,6,6,confirmed
CH32L103,PA3,USART1.CK,uart,remap-2,6,6,confirmed
CH32L103,PA3,USART2.RX,uart,default,6,6,confirmed
CH32L103,PA4,ADC1.IN4,analog,default,6,6,confirmed
CH32L103,PA4,OPA.O3,analog,default,6,6,confirmed
CH32L103,PA4,SPI1.NSS,spi,default,6,6,confirmed
CH32L103,PA4,TIM2.CH4,timer,remap-7,6,6,confirmed
CH32L103,PA4,USART1.RX,uart,remap-3,6,6,confirmed
CH32L103,PA4,USART1.TX,uart,remap-2,6,6,confirmed
CH32L103,PA4,USART2.CK,uart,default;remap-2;remap-3,6,6,confirmed
CH32L103,PA5,ADC1.IN5,analog,default,6,6,confirmed
CH32L103,PA5,OPA.N3,analog,default,6,6,confirmed
CH32L103,PA5,SPI1.SCK,spi,default,6,6,confirmed
CH32L103,PA5,TIM2.CH3,timer,remap-7,6,6,confirmed
CH32L103,PA5,USART1.RX,uart,remap-2,6,6,confirmed
CH32L103,PA5,USART1.TX,uart,remap-3,6,6,confirmed
CH32L103,PA5,USART4.TX,uart,remap-1,6,6,confirmed
CH32L103,PA6,ADC1.IN6,analog,default,6,6,confirmed
CH32L103,PA6,OPA.N1,analog,default,6,6,confirmed
CH32L103,PA6,OPA.P5,analog,default,6,6,confirmed
CH32L103,PA6,SPI1.MISO,spi,default,6,6,confirmed
CH32L103,PA6,TIM1.BKIN,timer,remap-1,6,6,confirmed
CH32L103,PA6,TIM2.CH4,timer,remap-4;remap-5,6,6,confirmed
CH32L103,PA6,TIM3.CH1,timer,default,6,6,confirmed
CH32L103,PA6,USART1.CK,uart,remap-3;remap-4,6,6,confirmed
CH32L103,PA6,USART4.CK,uart,remap-1,6,6,confirmed
CH32L103,PA7,ADC1.IN7,analog,default,6,6,confirmed
CH32L103,PA7,OPA.N5,analog,default,6,6,confirmed
CH32L103,PA7,OPA.P3,analog,default,6,6,confirmed
CH32L103,PA7,SPI1.MOSI,spi,default,6,6,confirmed
CH32L103,PA7,TIM1.CH1N,timer,remap-1,6,6,confirmed
CH32L103,PA7,TIM1.CH2,timer,remap-2;remap-3,6,6,confirmed
CH32L103,PA7,TIM3.CH2,timer,default,6,6,confirmed
CH32L103,PA7,USART4.CTS,uart,remap-1,6,6,confirmed
CH32L103,PA8,RCC.MCO,clock,default,5,6,confirmed
CH32L103,PA8,TIM1.CH1,timer,default;remap-1,5,6,confirmed
CH32L103,PA8,USART1.CK,uart,default;remap-1,5,6,confirmed
CH32L103,PA9,TIM1.CH2,timer,default;remap-1,5,6,confirmed
CH32L103,PA9,USART1.TX,uart,default,5,6,confirmed
CH32L103,PB0,ADC1.IN8,analog,default,5,6,confirmed
CH32L103,PB0,CMP1.OUT0,analog,default,5,6,confirmed
CH32L103,PB0,OPA.O4,analog,default,5,6,confirmed
CH32L103,PB0,OPA.P1,analog,default,5,6,confirmed
CH32L103,PB0,TIM1.CH2N,timer,remap-1;remap-2;remap-3,5,6,confirmed
CH32L103,PB0,TIM3.CH3,timer,default;remap-1,5,6,confirmed
CH32L103,PB0,USART4.TX,uart,default,5,6,confirmed
CH32L103,PB1,ADC1.IN9,analog,default,6,6,confirmed
CH32L103,PB1,CMP1.N0,analog,default,6,6,confirmed
CH32L103,PB1,OPA.O1,analog,default,6,6,confirmed
CH32L103,PB1,TIM1.CH1,timer,remap-5,6,6,confirmed
CH32L103,PB1,TIM1.CH2N,timer,remap-4,6,6,confirmed
CH32L103,PB1,TIM1.CH3N,timer,remap-1,6,6,confirmed
CH32L103,PB1,TIM1.CH4,timer,remap-2;remap-3,6,6,confirmed
CH32L103,PB1,TIM3.CH4,timer,default;remap-1,6,6,confirmed
CH32L103,PB1,USART4.RX,uart,default,6,6,confirmed
CH32L103,PB10,CMP1.OUT1,analog,default,3,6,confirmed
CH32L103,PB10,CMP3.P1,analog,default,3,6,confirmed
CH32L103,PB10,I2C2.SCL,i2c,default,3,6,confirmed
CH32L103,PB10,OPA.N2,analog,default,3,6,confirmed
CH32L103,PB10,OPA.N6,analog,default,3,6,confirmed
CH32L103,PB10,TIM2.CH3,timer,remap-2;remap-3,3,6,confirmed
CH32L103,PB10,TIM4.CH1,timer,remap-1,3,6,confirmed
CH32L103,PB10,USART3.TX,uart,default,3,6,confirmed
CH32L103,PB11,CMP2.OUT1,analog,default,3,6,confirmed
CH32L103,PB11,CMP3.N1,analog,default,3,6,confirmed
CH32L103,PB11,I2C1.SDA,i2c,remap-3,3,6,confirmed
CH32L103,PB11,I2C2.SDA,i2c,default,3,6,confirmed
CH32L103,PB11,OPA.N0,analog,default,3,6,confirmed
CH32L103,PB11,TIM1.CH1N,timer,remap-2;remap-3,3,6,confirmed
CH32L103,PB11,TIM2.CH4,timer,remap-2;remap-3,3,6,confirmed
CH32L103,PB11,TIM4.CH2,timer,remap-1,3,6,confirmed
CH32L103,PB11,USART1.TX,uart,remap-4,3,6,confirmed
CH32L103,PB11,USART3.RX,uart,default,3,6,confirmed
CH32L103,PB12,CMP3.OUT1,analog,default,2,6,confirmed
CH32L103,PB12,I2C2.SMBA,i2c,default,2,6,confirmed
CH32L103,PB12,SPI1.NSS,spi,remap-3,2,6,confirmed
CH32L103,PB12,SPI2.NSS,spi,default,2,6,confirmed
CH32L103,PB12,TIM1.BKIN,timer,default,2,6,confirmed
CH32L103,PB12,TIM1.CH3,timer,remap-4,2,6,confirmed
CH32L103,PB12,TIM2.CH3,timer,remap-4;remap-5,2,6,confirmed
CH32L103,PB12,USART1.TX,uart,remap-5,2,6,confirmed
CH32L103,PB12,USART3.CK,uart,default;remap-2;remap-3,2,6,confirmed
CH32L103,PB13,SPI2.SCK,spi,default,3,6,confirmed
CH32L103,PB13,TIM1.CH1N,timer,default,3,6,confirmed
CH32L103,PB13,USART3.CTS,uart,default;remap-2;remap-3,3,6,confirmed
CH32L103,PB14,OPA.P2,analog,default,3,6,confirmed
CH32L103,PB14,SPI2.MISO,spi,default,3,6,confirmed
CH32L103,PB14,TIM1.CH2N,timer,default,3,6,confirmed
CH32L103,PB14,USART3.RTS,uart,default;remap-2;remap-3,3,6,confirmed
CH32L103,PB15,OPA.P0,analog,default,5,6,confirmed
CH32L103,PB15,SPI2.MOSI,spi,default,5,6,confirmed
CH32L103,PB15,TIM1.CH3N,timer,default,5,6,confirmed
CH32L103,PB2,CMP1.P1,analog,default,3,6,confirmed
CH32L103,PB2,USART4.CK,uart,default,3,6,confirmed
CH32L103,PB3,CMP1.N1,analog,default,4,6,confirmed
CH32L103,PB3,CMP2.N0,analog,default,4,6,confirmed
CH32L103,PB3,CMP3.N0,analog,default,4,6,confirmed
CH32L103,PB3,SPI1.SCK,spi,remap-1,4,6,confirmed
CH32L103,PB3,TIM2.CH2,timer,remap-1;remap-3,4,6,confirmed
CH32L103,PB3,USART4.CTS,uart,default,4,6,confirmed
CH32L103,PB4,CMP3.OUT0,analog,default,3,6,confirmed
CH32L103,PB4,SPI1.MISO,spi,remap-1,3,6,confirmed
CH32L103,PB4,TIM3.CH1,timer,remap-1,3,6,confirmed
CH32L103,PB4,USART4.RTS,uart,default,3,6,confirmed
CH32L103,PB5,CMP2.OUT0,analog,default,4,6,confirmed
CH32L103,PB5,CMP3.P0,analog,default,4,6,confirmed
CH32L103,PB5,I2C1.SMBA,i2c,default;remap-2;remap-3,4,6,confirmed
CH32L103,PB5,SPI1.MOSI,spi,remap-1,4,6,confirmed
CH32L103,PB5,TIM3.CH2,timer,remap-1,4,6,confirmed
CH32L103,PB5,USART4.RX,uart,remap-1,4,6,confirmed
CH32L103,PB6,CMP2.P1,analog,default,6,6,confirmed
CH32L103,PB6,I2C1.SCL,i2c,default,6,6,confirmed
CH32L103,PB6,SPI1.SCK,spi,remap-2;remap-3,6,6,confirmed
CH32L103,PB6,TIM1.CH3,timer,remap-5,6,6,confirmed
CH32L103,PB6,TIM1.ETR,timer,remap-2;remap-4,6,6,confirmed
CH32L103,PB6,TIM4.CH1,timer,default,6,6,confirmed
CH32L103,PB6,USART1.CK,uart,remap-5,6,6,confirmed
CH32L103,PB6,USART1.TX,uart,remap-1,6,6,confirmed
CH32L103,PB7,CMP2.N1,analog,default,6,6,confirmed
CH32L103,PB7,I2C1.SDA,i2c,default,6,6,confirmed
CH32L103,PB7,SPI1.MOSI,spi,remap-2;remap-3,6,6,confirmed
CH32L103,PB7,TIM1.CH1,timer,remap-4,6,6,confirmed
CH32L103,PB7,TIM1.CH3N,timer,remap-5,6,6,confirmed
CH32L103,PB7,TIM4.CH2,timer,default,6,6,confirmed
CH32L103,PB7,USART1.CTS,uart,remap-3;remap-5,6,6,confirmed
CH32L103,PB7,USART1.RX,uart,remap-1,6,6,confirmed
CH32L103,PB8,CMP2.P0,analog,default,5,6,confirmed
CH32L103,PB8,SPI1.MISO,spi,remap-2;remap-3,5,6,confirmed
CH32L103,PB8,TIM1.CH2,timer,remap-4;remap-5,5,6,confirmed
CH32L103,PB8,TIM2.CH2,timer,remap-7,5,6,confirmed
CH32L103,PB8,TIM4.CH3,timer,default;remap-1,5,6,confirmed
CH32L103,PB8,USART1.RTS,uart,remap-3;remap-5,5,6,confirmed
CH32L103,PB9,I2C1.SCL,i2c,remap-3,3,6,confirmed
CH32L103,PB9,TIM1.CH3N,timer,remap-2;remap-3;remap-4,3,6,confirmed
CH32L103,PB9,TIM4.CH4,timer,default;remap-1,3,6,confirmed
CH32L103,PB9,USART1.RX,uart,remap-4,3,6,confirmed
CH32M007,PA1,ADC1.IN1,analog,default,4,4,confirmed
CH32M007,PA1,OPA.N0,analog,default,4,4,confirmed
CH32M007,PA1,SPI1.SCK,spi,remap-5,4,4,confirmed
CH32M007,PA1,TIM1.CH2,timer,default;remap-1;remap-9,4,4,confirmed
CH32M007,PA1,TIM2.CH2,timer,remap-5;remap-6,4,4,confirmed
CH32M007,PA1,USART1.RX,uart,remap-8,4,4,confirmed
CH32M007,PA1,USART2.RTS,uart,remap-2;remap-3;remap-4;remap-5,4,4,confirmed
CH32M007,PA4,OPA.N2,analog,default,4,4,confirmed
CH32M007,PA4,USART2.CTS,uart,default;remap-5,4,4,confirmed
CH32M007,PA4,USART2.TX,uart,remap-1,4,4,confirmed
CH32M007,PA5,OPA.OUT1,analog,default,3,4,confirmed
CH32M007,PA5,USART1.RTS,uart,remap-4;remap-5,3,4,confirmed
CH32M007,PA5,USART2.RTS,uart,default,3,4,confirmed
CH32M007,PA5,USART2.RX,uart,remap-1;remap-6,3,4,confirmed
CH32M007,PB3,CMP1.P1,analog,default,4,4,confirmed
CH32M007,PB3,I2C1.SCL,i2c,remap-4,4,4,confirmed
CH32M007,PB3,SPI1.MISO,spi,remap-2,4,4,confirmed
CH32M007,PB3,TIM1.BKIN,timer,remap-4;remap-5,4,4,confirmed
CH32M007,PB3,TIM2.CH2,timer,remap-2,4,4,confirmed
CH32M007,PB3,USART1.RX,uart,remap-4,4,4,confirmed
CH32M007,PB3,USART1.TX,uart,remap-5,4,4,confirmed
CH32M007,PB3,USART2.RTS,uart,remap-1;remap-6,4,4,confirmed
CH32M007,PB3,USART2.RX,uart,default,4,4,confirmed
CH32M007,PC0,CMP1.OUT0,analog,default,2,4,confirmed
CH32M007,PC0,SPI1.MOSI,spi,remap-3,2,4,confirmed
CH32M007,PC0,SPI1.NSS,spi,remap-1,2,4,confirmed
CH32M007,PC0,TIM1.CH1N,timer,remap-7;remap-9,2,4,confirmed
CH32M007,PC0,TIM1.CH3,timer,remap-2,2,4,confirmed
CH32M007,PC0,TIM2.CH1_ETR,timer,remap-4,2,4,confirmed
CH32M007,PC0,TIM2.CH3,timer,default;remap-1,2,4,confirmed
CH32M007,PC0,USART1.TX,uart,remap-3,2,4,confirmed
CH32M007,PC1,I2C1.SDA,i2c,default,3,4,confirmed
CH32M007,PC1,SPI1.NSS,spi,default;remap-5,3,4,confirmed
CH32M007,PC1,TIM1.BKIN,timer,remap-2;remap-3,3,4,confirmed
CH32M007,PC1,TIM1.CH2N,timer,remap-7;remap-9,3,4,confirmed
CH32M007,PC1,TIM2.CH1_ETR,timer,remap-1;remap-3,3,4,confirmed
CH32M007,PC1,TIM2.CH2,timer,remap-4,3,4,confirmed
CH32M007,PC1,TIM2.CH4,timer,remap-2,3,4,confirmed
CH32M007,PC1,USART1.RX,uart,remap-3,3,4,confirmed
CH32M007,PC2,ADC1.RETR,analog,remap-1,4,4,confirmed
CH32M007,PC2,CMP1.N0,analog,default,4,4,confirmed
CH32M007,PC2,I2C1.SCL,i2c,default,4,4,confirmed
CH32M007,PC2,TIM1.BKIN,timer,default;remap-1,4,4,confirmed
CH32M007,PC2,TIM1.CH3N,timer,remap-7;remap-9,4,4,confirmed
CH32M007,PC2,TIM1.ETR,timer,remap-3,4,4,confirmed
CH32M007,PC2,USART1.RTS,uart,default;remap-2,4,4,confirmed
CH32M007,PC4,ADC1.IN2,analog,default,4,4,confirmed
CH32M007,PC4,I2C1.SDA,i2c,remap-2,4,4,confirmed
CH32M007,PC4,RCC.MCO,clock,default,4,4,confirmed
CH32M007,PC4,SPI1.NSS,spi,remap-2;remap-6,4,4,confirmed
CH32M007,PC4,TIM1.CH1,timer,remap-3;remap-7;remap-8,4,4,confirmed
CH32M007,PC4,TIM1.CH2N,timer,remap-2,4,4,confirmed
CH32M007,PC4,TIM1.CH4,timer,default;remap-1,4,4,confirmed
CH32M007,PC4,USART1.RX,uart,remap-9,4,4,confirmed
CH32M007,PC4,USART2.TX,uart,remap-5,4,4,confirmed
CH32M007,PC5,CMP1.P0,analog,default,4,4,confirmed
CH32M007,PC5,I2C1.SCL,i2c,remap-2,4,4,confirmed
CH32M007,PC5,SPI1.SCK,spi,default;remap-1,4,4,confirmed
CH32M007,PC5,TIM1.CH2,timer,remap-7;remap-8,4,4,confirmed
CH32M007,PC5,TIM1.CH3,timer,remap-3,4,4,confirmed
CH32M007,PC5,TIM1.ETR,timer,default;remap-2,4,4,confirmed
CH32M007,PC5,TIM2.CH1_ETR,timer,remap-2,4,4,confirmed
CH32M007,PC5,USART1.TX,uart,remap-6,4,4,confirmed
CH32M007,PC7,SPI1.MISO,spi,default;remap-1;remap-6,1,4,confirmed
CH32M007,PC7,TIM1.CH2,timer,remap-2;remap-3,1,4,confirmed
CH32M007,PC7,TIM1.CH4,timer,remap-7;remap-8,1,4,confirmed
CH32M007,PC7,TIM2.CH2,timer,remap-3,1,4,confirmed
CH32M007,PC7,USART1.CTS,uart,remap-6;remap-7,1,4,confirmed
CH32M007,PC7,USART1.RTS,uart,remap-1;remap-3,1,4,confirmed
CH32M007,PD1,ADC1.IETR,analog,default,4,4,confirmed
CH32M007,PD1,I2C1.SCL,i2c,remap-1,4,4,confirmed
CH32M007,PD1,I2C1.SDA,i2c,remap-4,4,4,confirmed
CH32M007,PD1,OPA.P3,analog,default,4,4,confirmed
CH32M007,PD1,TIM1.CH3N,timer,default;remap-1;remap-2,4,4,confirmed
CH32M007,PD1,TIM1.CH4,timer,remap-4;remap-5,4,4,confirmed
CH32M007,PD1,USART1.RX,uart,remap-2;remap-5,4,4,confirmed
CH32M007,PD1,USART1.TX,uart,remap-4,4,4,confirmed
CH32M007,PD1,USART2.RX,uart,remap-5,4,4,confirmed
CH32M007,PD2,ADC1.IN3,analog,default,4,4,confirmed
CH32M007,PD2,CMP1.P2,analog,default,4,4,confirmed
CH32M007,PD2,SPI1.SCK,spi,remap-2,4,4,confirmed
CH32M007,PD2,TIM1.CH1,timer,default;remap-1,4,4,confirmed
CH32M007,PD2,TIM1.CH2N,timer,remap-3,4,4,confirmed
CH32M007,PD2,TIM2.CH3,timer,remap-2,4,4,confirmed
CH32M007,PD2,USART1.CTS,uart,remap-8,4,4,confirmed
CH32M007,PD2,USART2.TX,uart,remap-3,4,4,confirmed
CH32M007,PD3,ADC1.IN4,analog,default,4,4,confirmed
CH32M007,PD3,ADC1.RETR,analog,default,4,4,confirmed
CH32M007,PD3,OPA.P2,analog,default,4,4,confirmed
CH32M007,PD3,SPI1.MOSI,spi,remap-2,4,4,confirmed
CH32M007,PD3,SPI1.NSS,spi,remap-4,4,4,confirmed
CH32M007,PD3,TIM1.CH4,timer,remap-2,4,4,confirmed
CH32M007,PD3,TIM2.CH1_ETR,timer,remap-7,4,4,confirmed
CH32M007,PD3,TIM2.CH2,timer,default;remap-1,4,4,confirmed
CH32M007,PD3,USART1.CTS,uart,default,4,4,confirmed
CH32M007,PD3,USART1.RTS,uart,remap-8,4,4,confirmed
CH32M007,PD3,USART2.RX,uart,remap-3,4,4,confirmed
CH32M007,PD4,ADC1.IN7,analog,default,4,4,confirmed
CH32M007,PD4,OPA.OUT0,analog,default,4,4,confirmed
CH32M007,PD4,SPI1.SCK,spi,remap-4,4,4,confirmed
CH32M007,PD4,TIM1.CH4,timer,remap-3,4,4,confirmed
CH32M007,PD4,TIM1.ETR,timer,remap-1;remap-4;remap-5;remap-6,4,4,confirmed
CH32M007,PD4,TIM2.CH1_ETR,timer,default,4,4,confirmed
CH32M007,PD4,TIM2.CH2,timer,remap-7,4,4,confirmed
CH32M007,PD4,USART1.RTS,uart,remap-9,4,4,confirmed
CH32M007,PD5,ADC1.IN5,analog,default,4,4,confirmed
CH32M007,PD5,CMP1.N1,analog,default,4,4,confirmed
CH32M007,PD5,SPI1.MISO,spi,remap-4,4,4,confirmed
CH32M007,PD5,TIM2.CH4,timer,remap-3,4,4,confirmed
CH32M007,PD5,USART1.CTS,uart,remap-9,4,4,confirmed
CH32M007,PD5,USART1.RX,uart,remap-1,4,4,confirmed
CH32M007,PD5,USART1.TX,uart,default,4,4,confirmed
CH32M007,PD6,ADC1.IN6,analog,default,4,4,confirmed
CH32M007,PD6,SPI1.MOSI,spi,remap-4,4,4,confirmed
CH32M007,PD6,TIM2.CH3,timer,remap-3,4,4,confirmed
CH32M007,PD6,USART1.RX,uart,default,4,4,confirmed
CH32M007,PD6,USART1.TX,uart,remap-1,4,4,confirmed
CH32M007,PD7,OPA.P1,analog,default,4,4,confirmed
CH32M007,PD7,TIM2.CH4,timer,default;remap-1,4,4,confirmed
CH32M007,PD7,USART1.CTS,uart,remap-4;remap-5,4,4,confirmed
CH32M030,PA0,ADC1.IN13,analog,default,4,5,confirmed
CH32M030,PA0,SPI1.NSS,spi,default;remap-2,4,5,confirmed
CH32M030,PA0,TIM1.CH3,timer,remap-3;remap-4,4,5,confirmed
CH32M030,PA1,ADC1.IN14,analog,default,4,5,confirmed
CH32M030,PA1,SPI1.SCK,spi,default;remap-2;remap-3,4,5,confirmed
CH32M030,PA1,TIM1.CH4,timer,remap-4,4,5,confirmed
CH32M030,PA11,ADC1.IN8,analog,default,4,5,confirmed
CH32M030,PA11,SPI1.MOSI,spi,remap-2,4,5,confirmed
CH32M030,PA12,ADC1.IN19,analog,default,3,5,confirmed
CH32M030,PA13,ADC1.IN18,analog,default,5,5,confirmed
CH32M030,PA13,TIM1.BKIN,timer,remap-1,5,5,confirmed
CH32M030,PA14,ADC1.ETR,analog,default,4,5,confirmed
CH32M030,PA14,ADC1.IN9,analog,default,4,5,confirmed
CH32M030,PA14,I2C1.SDA,i2c,remap-2,4,5,confirmed
CH32M030,PA14,USART1.CTS,uart,default;remap-1,4,5,confirmed
CH32M030,PA15,ADC1.IN10,analog,default,3,5,confirmed
CH32M030,PA15,I2C1.SCL,i2c,remap-2,3,5,confirmed
CH32M030,PA15,TIM1.BKIN,timer,default;remap-2;remap-3;remap-4,3,5,confirmed
CH32M030,PA15,USART1.RTS,uart,default;remap-1,3,5,confirmed
CH32M030,PA2,ADC1.IN15,analog,default,5,5,confirmed
CH32M030,PA2,I2C1.SCL,i2c,remap-1;remap-3,5,5,confirmed
CH32M030,PA2,SPI1.NSS,spi,remap-1;remap-3,5,5,confirmed
CH32M030,PA2,TIM3.CH1_ETR,timer,remap-3,5,5,confirmed
CH32M030,PA2,USART1.CTS,uart,remap-2,5,5,confirmed
CH32M030,PA2,USART1.RX,uart,remap-4,5,5,confirmed
CH32M030,PA2,USART1.TX,uart,remap-5,5,5,confirmed
CH32M030,PA3,ADC1.IN16,analog,default,5,5,confirmed
CH32M030,PA3,CMP3.P0,analog,default,5,5,confirmed
CH32M030,PA3,I2C1.SDA,i2c,remap-3,5,5,confirmed
CH32M030,PA3,TIM2.CH1_ETR,timer,remap-1,5,5,confirmed
CH32M030,PA3,USART1.RX,uart,remap-5,5,5,confirmed
CH32M030,PA3,USART1.TX,uart,remap-4,5,5,confirmed
CH32M030,PA4,ADC1.IN5,analog,default,4,5,confirmed
CH32M030,PA4,SPI1.MISO,spi,remap-1;remap-3,4,5,confirmed
CH32M030,PA4,TIM1.ETR,timer,remap-2;remap-3;remap-4,4,5,confirmed
CH32M030,PA4,TIM2.CH2N,timer,default,4,5,confirmed
CH32M030,PA4,TIM2.CH4,timer,default,4,5,confirmed
CH32M030,PA4,TIM3.CH1N,timer,remap-3,4,5,confirmed
CH32M030,PA4,USART1.RTS,uart,remap-2,4,5,confirmed
CH32M030,PA5,ADC1.IN6,analog,default,3,5,confirmed
CH32M030,PA5,CMP3.N0,analog,default,3,5,confirmed
CH32M030,PA5,TIM2.CH1_ETR,timer,default,3,5,confirmed
CH32M030,PA6,CMP3.N1,analog,default,4,5,confirmed
CH32M030,PA6,TIM2.CH2,timer,default,4,5,confirmed
CH32M030,PA7,ADC1.IN2,analog,default,5,5,confirmed
CH32M030,PA7,CMP3.N2,analog,default,5,5,confirmed
CH32M030,PA7,TIM2.CH1N,timer,default,5,5,confirmed
CH32M030,PA7,TIM2.CH3,timer,default,5,5,confirmed
CH32M030,PA8,ADC1.IN7,analog,default,5,5,confirmed
CH32M030,PA8,CMP3.OUT0,analog,default,5,5,confirmed
CH32M030,PA8,RCC.MCO,clock,default,5,5,confirmed
CH32M030,PA8,SPI1.MOSI,spi,remap-3,5,5,confirmed
CH32M030,PB0,ADC1.IN11,analog,default,5,5,confirmed
CH32M030,PB0,CMP3.P1,analog,default,5,5,confirmed
CH32M030,PB0,TIM2.CH2,timer,remap-1,5,5,confirmed
CH32M030,PB0,USART1.RX,uart,remap-3,5,5,confirmed
CH32M030,PB1,ADC1.IN12,analog,default,5,5,confirmed
CH32M030,PB1,CMP3.P2,analog,default,5,5,confirmed
CH32M030,PB1,TIM2.CH1N,timer,remap-1;remap-3,5,5,confirmed
CH32M030,PB1,TIM2.CH3,timer,remap-1;remap-3,5,5,confirmed
CH32M030,PB1,USART1.TX,uart,remap-3,5,5,confirmed
CH32M030,PB10,TIM1.CH2N,timer,default;remap-1;remap-2;remap-4,5,5,confirmed
CH32M030,PB11,TIM1.CH2,timer,default;remap-1;remap-2;remap-4,5,5,confirmed
CH32M030,PB12,TIM1.CH3N,timer,default;remap-1;remap-4,4,5,confirmed
CH32M030,PB12,TIM2.CH1N,timer,remap-2,4,5,confirmed
CH32M030,PB12,TIM2.CH3,timer,remap-2,4,5,confirmed
CH32M030,PB12,TIM3.CH1N,timer,remap-4,4,5,confirmed
CH32M030,PB13,TIM1.CH3,timer,default;remap-1;remap-4,5,5,confirmed
CH32M030,PB13,TIM2.CH1_ETR,timer,remap-2,5,5,confirmed
CH32M030,PB13,TIM3.CH1_ETR,timer,remap-4,5,5,confirmed
CH32M030,PB14,TIM1.CH3N,timer,remap-2,3,5,confirmed
CH32M030,PB14,TIM2.CH2N,timer,remap-2,3,5,confirmed
CH32M030,PB14,TIM2.CH4,timer,remap-2,3,5,confirmed
CH32M030,PB14,TIM3.CH2N,timer,remap-4,3,5,confirmed
CH32M030,PB15,TIM1.CH3,timer,remap-2,4,5,confirmed
CH32M030,PB15,TIM1.CH4,timer,remap-1,4,5,confirmed
CH32M030,PB15,TIM2.CH2,timer,remap-2,4,5,confirmed
CH32M030,PB15,TIM3.CH2,timer,remap-4,4,5,confirmed
CH32M030,PB2,ADC1.IN0,analog,default,4,5,confirmed
CH32M030,PB2,CMP3.N3,analog,default,4,5,confirmed
CH32M030,PB2,I2C1.SDA,i2c,default,4,5,confirmed
CH32M030,PB2,TIM2.CH2N,timer,remap-1;remap-3,4,5,confirmed
CH32M030,PB2,TIM2.CH4,timer,remap-1;remap-3,4,5,confirmed
CH32M030,PB2,TIM3.CH1N,timer,default,4,5,confirmed
CH32M030,PB2,TIM3.CH1_ETR,timer,remap-2,4,5,confirmed
CH32M030,PB2,TIM3.CH2,timer,remap-1,4,5,confirmed
CH32M030,PB2,USART1.CTS,uart,remap-3;remap-4;remap-5,4,5,confirmed
CH32M030,PB3,ADC1.IN1,analog,default,4,5,confirmed
CH32M030,PB3,CMP3.P3,analog,default,4,5,confirmed
CH32M030,PB3,I2C1.SCL,i2c,default,4,5,confirmed
CH32M030,PB3,TIM3.CH2,timer,remap-2,4,5,confirmed
CH32M030,PB3,TIM3.CH2N,timer,default;remap-1,4,5,confirmed
CH32M030,PB3,USART1.RTS,uart,remap-3;remap-4;remap-5,4,5,confirmed
CH32M030,PB4,ADC1.IN17,analog,default,5,5,confirmed
CH32M030,PB4,CMP3.OUT1,analog,default,5,5,confirmed
CH32M030,PB4,TIM3.CH1N,timer,remap-2,5,5,confirmed
CH32M030,PB5,ADC1.IN3,analog,default,5,5,confirmed
CH32M030,PB5,CMP2.P0,analog,default,5,5,confirmed
CH32M030,PB5,CMP3.OUT2,analog,default,5,5,confirmed
CH32M030,PB5,SPI1.MOSI,spi,remap-1,5,5,confirmed
CH32M030,PB5,TIM2.CH1_ETR,timer,remap-3,5,5,confirmed
CH32M030,PB5,TIM3.CH2,timer,remap-3,5,5,confirmed
CH32M030,PB5,TIM3.CH2N,timer,remap-2,5,5,confirmed
CH32M030,PB5,USART1.RX,uart,remap-2,5,5,confirmed
CH32M030,PB6,ADC1.ETR,analog,remap-1,5,5,confirmed
CH32M030,PB6,ADC1.IN4,analog,default,5,5,confirmed
CH32M030,PB6,CMP2.N0,analog,default,5,5,confirmed
CH32M030,PB6,I2C1.SDA,i2c,remap-1,5,5,confirmed
CH32M030,PB6,SPI1.SCK,spi,remap-1,5,5,confirmed
CH32M030,PB6,TIM2.CH2,timer,remap-3,5,5,confirmed
CH32M030,PB6,TIM3.CH2N,timer,remap-3,5,5,confirmed
CH32M030,PB6,USART1.TX,uart,remap-2,5,5,confirmed
CH32M030,PB8,TIM1.CH1N,timer,default;remap-1;remap-2;remap-4,5,5,confirmed
CH32M030,PB9,TIM1.CH1,timer,default;remap-1;remap-2;remap-4,5,5,confirmed
CH32M030,PC0,TIM1.CH3N,timer,remap-3;remap-4,3,5,confirmed
CH32M030,PC0,TIM1.CH4,timer,default,3,5,confirmed
CH32M030,PC0,TIM3.CH1_ETR,timer,default;remap-1,3,5,confirmed
CH32M030,PC0,USART1.RX,uart,default,3,5,confirmed
CH32M030,PC1,TIM1.CH2N,timer,remap-3;remap-4,3,5,confirmed
CH32M030,PC1,TIM1.ETR,timer,default;remap-1,3,5,confirmed
CH32M030,PC1,TIM3.CH1N,timer,remap-1,3,5,confirmed
CH32M030,PC1,TIM3.CH2,timer,default,3,5,confirmed
CH32M030,PC1,USART1.TX,uart,default;remap-1,3,5,confirmed
CH32M030,PC2,TIM1.CH1N,timer,remap-3;remap-4,2,5,confirmed
CH32M030,PC2,TIM1.CH4,timer,remap-2,2,5,confirmed
CH32M030,PC2,USART1.RX,uart,remap-1,2,5,confirmed
CH32M030,PC3,SPI1.MOSI,spi,default,3,5,confirmed
CH32M030,PC3,TIM1.CH1,timer,remap-3;remap-4,3,5,confirmed
CH32M030,PC4,SPI1.MISO,spi,default;remap-2,3,5,confirmed
CH32M030,PC4,TIM1.CH2,timer,remap-3;remap-4,3,5,confirmed
CH32M030,PC5,TIM1.CH4,timer,remap-3,3,5,confirmed
CH32M030,PC5,TIM2.CH2,timer,remap-2,3,5,confirmed
CH32M103,PA0-WKUP,ADC1.IN0,analog,default,1,1,confirmed
CH32M103,PA0-WKUP,OPA.P4,analog,default,1,1,confirmed
CH32M103,PA0-WKUP,TIM2.CH1_ETR,timer,default;remap-2,1,1,confirmed
CH32M103,PA0-WKUP,USART2.CTS,uart,default;remap-2;remap-3,1,1,confirmed
CH32M103,PA1,ADC1.IN1,analog,default,1,1,confirmed
CH32M103,PA1,OPA.N4,analog,default,1,1,confirmed
CH32M103,PA1,TIM1.CH1,timer,remap-2;remap-3,1,1,confirmed
CH32M103,PA1,TIM1.CH2N,timer,remap-5,1,1,confirmed
CH32M103,PA1,TIM2.CH2,timer,default;remap-2,1,1,confirmed
CH32M103,PA1,USART2.RTS,uart,default;remap-2;remap-3,1,1,confirmed
CH32M103,PA11,TIM1.CH4,timer,default;remap-1,1,1,confirmed
CH32M103,PA11,USART1.CTS,uart,default;remap-1,1,1,confirmed
CH32M103,PA11,USART2.RX,uart,remap-3,1,1,confirmed
CH32M103,PA11,USART2.TX,uart,remap-2,1,1,confirmed
CH32M103,PA12,I2C1.SDA,i2c,remap-2,1,1,confirmed
CH32M103,PA12,SPI1.NSS,spi,remap-2,1,1,confirmed
CH32M103,PA12,TIM1.BKIN,timer,remap-4;remap-5,1,1,confirmed
CH32M103,PA12,TIM1.ETR,timer,default;remap-1,1,1,confirmed
CH32M103,PA12,TIM2.CH1_ETR,timer,remap-5;remap-7,1,1,confirmed
CH32M103,PA12,USART1.RTS,uart,default;remap-1,1,1,confirmed
CH32M103,PA12,USART1.RX,uart,remap-5,1,1,confirmed
CH32M103,PA12,USART2.RX,uart,remap-2,1,1,confirmed
CH32M103,PA12,USART2.TX,uart,remap-3,1,1,confirmed
CH32M103,PA13,I2C1.SCL,i2c,remap-2,1,1,reference
CH32M103,PA13,TIM1.BKIN,timer,remap-2;remap-3,1,1,reference
CH32M103,PA13,TIM1.ETR,timer,remap-5,1,1,reference
CH32M103,PA13,USART1.RTS,uart,remap-2;remap-4,1,1,reference
CH32M103,PA14,TIM1.CH1N,timer,remap-4;remap-5,1,1,confirmed
CH32M103,PA14,TIM1.CH3,timer,remap-2;remap-3,1,1,confirmed
CH32M103,PA14,USART1.CTS,uart,remap-4,1,1,confirmed
CH32M103,PA2,ADC1.IN2,analog,default,1,1,confirmed
CH32M103,PA2,CMP1.P0,analog,default,1,1,confirmed
CH32M103,PA2,OPA.O2,analog,default,1,1,confirmed
CH32M103,PA2,TIM1.CH4,timer,remap-4,1,1,confirmed
CH32M103,PA2,TIM2.CH2,timer,remap-4;remap-5,1,1,confirmed
CH32M103,PA2,TIM2.CH3,timer,default;remap-1,1,1,confirmed
CH32M103,PA2,USART1.CTS,uart,remap-2,1,1,confirmed
CH32M103,PA2,USART2.TX,uart,default,1,1,confirmed
CH32M103,PA3,ADC1.IN3,analog,default,1,1,confirmed
CH32M103,PA3,OPA.O0,analog,default,1,1,confirmed
CH32M103,PA3,TIM1.CH4,timer,remap-5,1,1,confirmed
CH32M103,PA3,TIM1.ETR,timer,remap-3,1,1,confirmed
CH32M103,PA3,TIM2.CH1_ETR,timer,remap-4,1,1,confirmed
CH32M103,PA3,TIM2.CH4,timer,default;remap-1,1,1,confirmed
CH32M103,PA3,USART1.CK,uart,remap-2,1,1,confirmed
CH32M103,PA3,USART2.RX,uart,default,1,1,confirmed
CH32M103,PA4,ADC1.IN4,analog,default,1,1,confirmed
CH32M103,PA4,OPA.O3,analog,default,1,1,confirmed
CH32M103,PA4,SPI1.NSS,spi,default,1,1,confirmed
CH32M103,PA4,TIM2.CH4,timer,remap-7,1,1,confirmed
CH32M103,PA4,USART1.RX,uart,remap-3,1,1,confirmed
CH32M103,PA4,USART1.TX,uart,remap-2,1,1,confirmed
CH32M103,PA4,USART2.CK,uart,default;remap-2;remap-3,1,1,confirmed
CH32M103,PA5,ADC1.IN5,analog,default,1,1,confirmed
CH32M103,PA5,OPA.N3,analog,default,1,1,confirmed
CH32M103,PA5,SPI1.SCK,spi,default,1,1,confirmed
CH32M103,PA5,TIM2.CH3,timer,remap-7,1,1,confirmed
CH32M103,PA5,USART1.RX,uart,remap-2,1,1,confirmed
CH32M103,PA5,USART1.TX,uart,remap-3,1,1,confirmed
CH32M103,PA5,USART4.TX,uart,remap-1,1,1,confirmed
CH32M103,PA6,ADC1.IN6,analog,default,1,1,confirmed
CH32M103,PA6,OPA.N1,analog,default,1,1,confirmed
CH32M103,PA6,OPA.P5,analog,default,1,1,confirmed
CH32M103,PA6,SPI1.MISO,spi,default,1,1,confirmed
CH32M103,PA6,TIM1.BKIN,timer,remap-1,1,1,confirmed
CH32M103,PA6,TIM2.CH4,timer,remap-4;remap-5,1,1,confirmed
CH32M103,PA6,TIM3.CH1,timer,default,1,1,confirmed
CH32M103,PA6,USART1.CK,uart,remap-3;remap-4,1,1,confirmed
CH32M103,PA6,USART4.CK,uart,remap-1,1,1,confirmed
CH32M103,PA7,ADC1.IN7,analog,default,1,1,confirmed
CH32M103,PA7,OPA.N5,analog,default,1,1,confirmed
CH32M103,PA7,OPA.P3,analog,default,1,1,confirmed
CH32M103,PA7,SPI1.MOSI,spi,default,1,1,confirmed
CH32M103,PA7,TIM1.CH1N,timer,remap-1,1,1,confirmed
CH32M103,PA7,TIM1.CH2,timer,remap-2;remap-3,1,1,confirmed
CH32M103,PA7,TIM3.CH2,timer,default,1,1,confirmed
CH32M103,PA7,USART4.CTS,uart,remap-1,1,1,confirmed
CH32M103,PB0,ADC1.IN8,analog,default,1,1,confirmed
CH32M103,PB0,CMP1.OUT0,analog,default,1,1,confirmed
CH32M103,PB0,OPA.O4,analog,default,1,1,confirmed
CH32M103,PB0,OPA.P1,analog,default,1,1,confirmed
CH32M103,PB0,TIM1.CH2N,timer,remap-1;remap-2;remap-3,1,1,confirmed
CH32M103,PB0,TIM3.CH3,timer,default;remap-1,1,1,confirmed
CH32M103,PB0,USART4.TX,uart,default,1,1,confirmed
CH32M103,PB1,ADC1.IN9,analog,default,1,1,confirmed
CH32M103,PB1,CMP1.N0,analog,default,1,1,confirmed
CH32M103,PB1,OPA.O1,analog,default,1,1,confirmed
CH32M103,PB1,TIM1.CH1,timer,remap-5,1,1,confirmed
CH32M103,PB1,TIM1.CH2N,timer,remap-4,1,1,confirmed
CH32M103,PB1,TIM1.CH3N,timer,remap-1,1,1,confirmed
CH32M103,PB1,TIM1.CH4,timer,remap-2;remap-3,1,1,confirmed
CH32M103,PB1,TIM3.CH4,timer,default;remap-1,1,1,confirmed
CH32M103,PB1,USART4.RX,uart,default,1,1,confirmed
CH32M103,PB10,CMP1.OUT1,analog,default,1,1,confirmed
CH32M103,PB10,CMP3.P1,analog,default,1,1,confirmed
CH32M103,PB10,I2C2.SCL,i2c,default,1,1,confirmed
CH32M103,PB10,OPA.N2,analog,default,1,1,confirmed
CH32M103,PB10,OPA.N6,analog,default,1,1,confirmed
CH32M103,PB10,TIM2.CH3,timer,remap-2;remap-3,1,1,confirmed
CH32M103,PB10,TIM4.CH1,timer,remap-1,1,1,confirmed
CH32M103,PB10,USART3.TX,uart,default,1,1,confirmed
CH32M103,PB11,CMP2.OUT1,analog,default,1,1,confirmed
CH32M103,PB11,CMP3.N1,analog,default,1,1,confirmed
CH32M103,PB11,I2C1.SDA,i2c,remap-3,1,1,confirmed
CH32M103,PB11,I2C2.SDA,i2c,default,1,1,confirmed
CH32M103,PB11,OPA.N0,analog,default,1,1,confirmed
CH32M103,PB11,TIM1.CH1N,timer,remap-2;remap-3,1,1,confirmed
CH32M103,PB11,TIM2.CH4,timer,remap-2;remap-3,1,1,confirmed
CH32M103,PB11,TIM4.CH2,timer,remap-1,1,1,confirmed
CH32M103,PB11,USART1.TX,uart,remap-4,1,1,confirmed
CH32M103,PB11,USART3.RX,uart,default,1,1,confirmed
CH32M103,PB3,CMP1.N1,analog,default,1,1,confirmed
CH32M103,PB3,CMP2.N0,analog,default,1,1,confirmed
CH32M103,PB3,CMP3.N0,analog,default,1,1,confirmed
CH32M103,PB3,SPI1.SCK,spi,remap-1,1,1,confirmed
CH32M103,PB3,TIM2.CH2,timer,remap-1;remap-3,1,1,confirmed
CH32M103,PB3,USART4.CTS,uart,default,1,1,confirmed
CH32M103,PB5,CMP2.OUT0,analog,default,1,1,reference
CH32M103,PB5,CMP3.P0,analog,default,1,1,reference
CH32M103,PB5,I2C1.SMBA,i2c,default;remap-2;remap-3,1,1,reference
CH32M103,PB5,SPI1.MOSI,spi,remap-1,1,1,reference
CH32M103,PB5,TIM3.CH2,timer,remap-1,1,1,reference
CH32M103,PB5,USART4.RX,uart,remap-1,1,1,reference
CH32M103,PB6,CMP2.P1,analog,default,1,1,confirmed
CH32M103,PB6,I2C1.SCL,i2c,default,1,1,confirmed
CH32M103,PB6,SPI1.SCK,spi,remap-2;remap-3,1,1,confirmed
CH32M103,PB6,TIM1.CH3,timer,remap-5,1,1,confirmed
CH32M103,PB6,TIM1.ETR,timer,remap-2;remap-4,1,1,confirmed
CH32M103,PB6,TIM4.CH1,timer,default,1,1,confirmed
CH32M103,PB6,USART1.CK,uart,remap-5,1,1,confirmed
CH32M103,PB6,USART1.TX,uart,remap-1,1,1,confirmed
CH32M103,PB7,CMP2.N1,analog,default,1,1,confirmed
CH32M103,PB7,I2C1.SDA,i2c,default,1,1,confirmed
CH32M103,PB7,SPI1.MOSI,spi,remap-2;remap-3,1,1,confirmed
CH32M103,PB7,TIM1.CH1,timer,remap-4,1,1,confirmed
CH32M103,PB7,TIM1.CH3N,timer,remap-5,1,1,confirmed
CH32M103,PB7,TIM4.CH2,timer,default,1,1,confirmed
CH32M103,PB7,USART1.CTS,uart,remap-3;remap-5,1,1,confirmed
CH32M103,PB7,USART1.RX,uart,remap-1,1,1,confirmed
CH32M103,PB8,CMP2.P0,analog,default,1,1,confirmed
CH32M103,PB8,SPI1.MISO,spi,remap-2;remap-3,1,1,confirmed
CH32M103,PB8,TIM1.CH2,timer,remap-4;remap-5,1,1,confirmed
CH32M103,PB8,TIM2.CH2,timer,remap-7,1,1,confirmed
CH32M103,PB8,TIM4.CH3,timer,default;remap-1,1,1,confirmed
CH32M103,PB8,USART1.RTS,uart,remap-3;remap-5,1,1,confirmed
CH32V002,PA1,ADC1.IN1,analog,default,5,5,confirmed
CH32V002,PA1,SPI1.SCK,spi,remap-5,5,5,confirmed
CH32V002,PA1,TIM1.CH2,timer,default;remap-1;remap-9,5,5,confirmed
CH32V002,PA1,TIM2.CH2,timer,remap-5;remap-6,5,5,confirmed
CH32V002,PA1,USART1.RX,uart,remap-8,5,5,confirmed
CH32V002,PA2,ADC1.IETR,analog,remap-1,5,5,confirmed
CH32V002,PA2,ADC1.IN0,analog,default,5,5,confirmed
CH32V002,PA2,SPI1.MOSI,spi,remap-5,5,5,confirmed
CH32V002,PA2,TIM1.CH2N,timer,default;remap-1;remap-4;remap-5;remap-6,5,5,confirmed
CH32V002,PA2,TIM1.CH3,timer,remap-9,5,5,confirmed
CH32V002,PA2,TIM2.CH3,timer,remap-5;remap-6;remap-7,5,5,confirmed
CH32V002,PC0,SPI1.MOSI,spi,remap-3,4,5,confirmed
CH32V002,PC0,SPI1.NSS,spi,remap-1,4,5,confirmed
CH32V002,PC0,TIM1.CH1N,timer,remap-7;remap-9,4,5,confirmed
CH32V002,PC0,TIM1.CH3,timer,remap-2,4,5,confirmed
CH32V002,PC0,TIM2.CH1_ETR,timer,remap-4,4,5,confirmed
CH32V002,PC0,TIM2.CH3,timer,default;remap-1,4,5,confirmed
CH32V002,PC0,USART1.TX,uart,remap-3,4,5,confirmed
CH32V002,PC1,I2C1.SDA,i2c,default,4,5,confirmed
CH32V002,PC1,SPI1.NSS,spi,default;remap-5,4,5,confirmed
CH32V002,PC1,TIM1.BKIN,timer,remap-2;remap-3,4,5,confirmed
CH32V002,PC1,TIM1.CH2N,timer,remap-7;remap-9,4,5,confirmed
CH32V002,PC1,TIM2.CH1_ETR,timer,remap-1;remap-3,4,5,confirmed
CH32V002,PC1,TIM2.CH2,timer,remap-4,4,5,confirmed
CH32V002,PC1,TIM2.CH4,timer,remap-2,4,5,confirmed
CH32V002,PC1,USART1.RX,uart,remap-3,4,5,confirmed
CH32V002,PC2,ADC1.RETR,analog,remap-1,4,5,confirmed
CH32V002,PC2,I2C1.SCL,i2c,default,4,5,confirmed
CH32V002,PC2,TIM1.BKIN,timer,default;remap-1,4,5,confirmed
CH32V002,PC2,TIM1.CH3N,timer,remap-7;remap-9,4,5,confirmed
CH32V002,PC2,TIM1.ETR,timer,remap-3,4,5,confirmed
CH32V002,PC2,TIM2.CH2,timer,remap-2,4,5,confirmed
CH32V002,PC2,USART1.RTS,uart,default;remap-2,4,5,confirmed
CH32V002,PC3,TIM1.CH1N,timer,remap-2;remap-3,4,5,confirmed
CH32V002,PC3,TIM1.CH3,timer,default;remap-1;remap-5,4,5,confirmed
CH32V002,PC3,TIM2.CH3,timer,remap-4,4,5,confirmed
CH32V002,PC3,USART1.CTS,uart,remap-2,4,5,confirmed
CH32V002,PC4,ADC1.IN2,analog,default,5,5,confirmed
CH32V002,PC4,RCC.MCO,clock,default,5,5,confirmed
CH32V002,PC4,SPI1.NSS,spi,remap-2;remap-6,5,5,confirmed
CH32V002,PC4,TIM1.CH1,timer,remap-3;remap-7;remap-8,5,5,confirmed
CH32V002,PC4,TIM1.CH2N,timer,remap-2,5,5,confirmed
CH32V002,PC4,TIM1.CH4,timer,default;remap-1,5,5,confirmed
CH32V002,PC4,USART1.RX,uart,remap-9,5,5,confirmed
CH32V002,PC5,I2C1.SCL,i2c,remap-2,2,5,confirmed
CH32V002,PC5,SPI1.SCK,spi,default;remap-1,2,5,confirmed
CH32V002,PC5,TIM1.CH2,timer,remap-7;remap-8,2,5,confirmed
CH32V002,PC5,TIM1.CH3,timer,remap-3,2,5,confirmed
CH32V002,PC5,TIM1.ETR,timer,default;remap-2,2,5,confirmed
CH32V002,PC5,TIM2.CH1_ETR,timer,remap-2,2,5,confirmed
CH32V002,PC5,USART1.TX,uart,remap-6,2,5,confirmed
CH32V002,PC6,I2C1.SDA,i2c,remap-2,4,5,confirmed
CH32V002,PC6,SPI1.MOSI,spi,default;remap-1,4,5,confirmed
CH32V002,PC6,TIM1.CH1,timer,remap-2,4,5,confirmed
CH32V002,PC6,TIM1.CH3,timer,remap-7;remap-8,4,5,confirmed
CH32V002,PC6,TIM1.CH3N,timer,remap-3,4,5,confirmed
CH32V002,PC6,USART1.CTS,uart,remap-1;remap-3,4,5,confirmed
CH32V002,PC6,USART1.RX,uart,remap-6,4,5,confirmed
CH32V002,PC7,SPI1.MISO,spi,default;remap-1;remap-6,4,5,confirmed
CH32V002,PC7,TIM1.CH2,timer,remap-2;remap-3,4,5,confirmed
CH32V002,PC7,TIM1.CH4,timer,remap-7;remap-8,4,5,confirmed
CH32V002,PC7,TIM2.CH2,timer,remap-3,4,5,confirmed
CH32V002,PC7,USART1.CTS,uart,remap-6;remap-7,4,5,confirmed
CH32V002,PC7,USART1.RTS,uart,remap-1;remap-3,4,5,confirmed
CH32V002,PD0,I2C1.SDA,i2c,remap-1,3,5,confirmed
CH32V002,PD0,TIM1.CH1N,timer,default;remap-1,3,5,confirmed
CH32V002,PD0,TIM1.CH3N,timer,remap-4;remap-5;remap-6,3,5,confirmed
CH32V002,PD0,USART1.TX,uart,remap-2,3,5,confirmed
CH32V002,PD1,ADC1.IETR,analog,default,5,5,confirmed
CH32V002,PD1,I2C1.SCL,i2c,remap-1,5,5,confirmed
CH32V002,PD1,I2C1.SDA,i2c,remap-4,5,5,confirmed
CH32V002,PD1,TIM1.CH3N,timer,default;remap-1;remap-2,5,5,confirmed
CH32V002,PD1,TIM1.CH4,timer,remap-4;remap-5,5,5,confirmed
CH32V002,PD1,USART1.RX,uart,remap-2;remap-5,5,5,confirmed
CH32V002,PD1,USART1.TX,uart,remap-4,5,5,confirmed
CH32V002,PD2,ADC1.IN3,analog,default,2,5,confirmed
CH32V002,PD2,SPI1.SCK,spi,remap-2,2,5,confirmed
CH32V002,PD2,TIM1.CH1,timer,default;remap-1,2,5,confirmed
CH32V002,PD2,TIM1.CH2N,timer,remap-3,2,5,confirmed
CH32V002,PD2,TIM2.CH3,timer,remap-2,2,5,confirmed
CH32V002,PD2,USART1.CTS,uart,remap-8,2,5,confirmed
CH32V002,PD3,ADC1.IN4,analog,default,2,5,confirmed
CH32V002,PD3,ADC1.RETR,analog,default,2,5,confirmed
CH32V002,PD3,SPI1.MOSI,spi,remap-2,2,5,confirmed
CH32V002,PD3,SPI1.NSS,spi,remap-4,2,5,confirmed
CH32V002,PD3,TIM1.CH4,timer,remap-2,2,5,confirmed
CH32V002,PD3,TIM2.CH1_ETR,timer,remap-7,2,5,confirmed
CH32V002,PD3,TIM2.CH2,timer,default;remap-1,2,5,confirmed
CH32V002,PD3,USART1.CTS,uart,default,2,5,confirmed
CH32V002,PD3,USART1.RTS,uart,remap-8,2,5,confirmed
CH32V002,PD4,ADC1.IN7,analog,default,5,5,confirmed
CH32V002,PD4,SPI1.SCK,spi,remap-4,5,5,confirmed
CH32V002,PD4,TIM1.CH4,timer,remap-3,5,5,confirmed
CH32V002,PD4,TIM1.ETR,timer,remap-1;remap-4;remap-5;remap-6,5,5,confirmed
CH32V002,PD4,TIM2.CH1_ETR,timer,default,5,5,confirmed
CH32V002,PD4,TIM2.CH2,timer,remap-7,5,5,confirmed
CH32V002,PD4,USART1.RTS,uart,remap-9,5,5,confirmed
CH32V002,PD5,ADC1.IN5,analog,default,4,5,confirmed
CH32V002,PD5,SPI1.MISO,spi,remap-4,4,5,confirmed
CH32V002,PD5,TIM2.CH4,timer,remap-3,4,5,confirmed
CH32V002,PD5,USART1.CTS,uart,remap-9,4,5,confirmed
CH32V002,PD5,USART1.RX,uart,remap-1,4,5,confirmed
CH32V002,PD5,USART1.TX,uart,default,4,5,confirmed
CH32V002,PD6,ADC1.IN6,analog,default,4,5,confirmed
CH32V002,PD6,SPI1.MOSI,spi,remap-4,4,5,confirmed
CH32V002,PD6,TIM2.CH3,timer,remap-3,4,5,confirmed
CH32V002,PD6,USART1.RX,uart,default,4,5,confirmed
CH32V002,PD6,USART1.TX,uart,remap-1,4,5,confirmed
CH32V002,PD7,TIM2.CH4,timer,default;remap-1,4,5,confirmed
CH32V002,PD7,USART1.CTS,uart,remap-4;remap-5,4,5,confirmed
CH32V003,PA1,ADC1.IN1,analog,default,4,4,confirmed
CH32V003,PA1,OPA1.N0,analog,default,4,4,confirmed
CH32V003,PA1,TIM1.CH2,timer,default;remap-2,4,4,confirmed
CH32V003,PA2,ADC1.IETR,analog,remap-1,4,4,confirmed
CH32V003,PA2,ADC1.IN0,analog,default,4,4,confirmed
CH32V003,PA2,OPA1.P0,analog,default,4,4,confirmed
CH32V003,PA2,TIM1.CH2N,timer,default;remap-2,4,4,confirmed
CH32V003,PC0,SPI1.NSS,spi,remap-1,3,4,confirmed
CH32V003,PC0,TIM1.CH3,timer,remap-1,3,4,confirmed
CH32V003,PC0,TIM2.CH3,timer,default;remap-2,3,4,confirmed
CH32V003,PC0,USART1.TX,uart,remap-3,3,4,confirmed
CH32V003,PC1,I2C1.SDA,i2c,default,4,4,confirmed
CH32V003,PC1,SPI1.NSS,spi,default,4,4,confirmed
CH32V003,PC1,TIM1.BKIN,timer,remap-1;remap-3,4,4,confirmed
CH32V003,PC1,TIM2.CH1_ETR,timer,remap-2;remap-3,4,4,confirmed
CH32V003,PC1,TIM2.CH4,timer,remap-1,4,4,confirmed
CH32V003,PC1,USART1.RX,uart,remap-3,4,4,confirmed
CH32V003,PC2,ADC1.RETR,analog,remap-1,4,4,confirmed
CH32V003,PC2,I2C1.SCL,i2c,default,4,4,confirmed
CH32V003,PC2,TIM1.BKIN,timer,default;remap-2,4,4,confirmed
CH32V003,PC2,TIM1.ETR,timer,remap-3,4,4,confirmed
CH32V003,PC2,TIM2.CH2,timer,remap-1,4,4,confirmed
CH32V003,PC2,USART1.RTS,uart,default;remap-1,4,4,confirmed
CH32V003,PC3,TIM1.CH1N,timer,remap-1;remap-3,3,4,confirmed
CH32V003,PC3,TIM1.CH3,timer,default;remap-2,3,4,confirmed
CH32V003,PC3,USART1.CTS,uart,remap-1,3,4,confirmed
CH32V003,PC4,ADC1.IN2,analog,default,4,4,confirmed
CH32V003,PC4,RCC.MCO,clock,default,4,4,confirmed
CH32V003,PC4,TIM1.CH1,timer,remap-3,4,4,confirmed
CH32V003,PC4,TIM1.CH2N,timer,remap-1,4,4,confirmed
CH32V003,PC4,TIM1.CH4,timer,default;remap-2,4,4,confirmed
CH32V003,PC5,I2C1.SCL,i2c,remap-2;remap-3,2,4,confirmed
CH32V003,PC5,SPI1.SCK,spi,default;remap-1,2,4,confirmed
CH32V003,PC5,TIM1.CH3,timer,remap-3,2,4,confirmed
CH32V003,PC5,TIM1.ETR,timer,default;remap-1,2,4,confirmed
CH32V003,PC5,TIM2.CH1_ETR,timer,remap-1,2,4,confirmed
CH32V003,PC5,USART1.CK,uart,remap-3,2,4,confirmed
CH32V003,PC6,I2C1.SDA,i2c,remap-2;remap-3,3,4,confirmed
CH32V003,PC6,SPI1.MOSI,spi,default;remap-1,3,4,confirmed
CH32V003,PC6,TIM1.CH1,timer,remap-1,3,4,confirmed
CH32V003,PC6,TIM1.CH3N,timer,remap-3,3,4,confirmed
CH32V003,PC6,USART1.CTS,uart,remap-2;remap-3,3,4,confirmed
CH32V003,PC7,SPI1.MISO,spi,default;remap-1,3,4,confirmed
CH32V003,PC7,TIM1.CH2,timer,remap-1;remap-3,3,4,confirmed
CH32V003,PC7,TIM2.CH2,timer,remap-3,3,4,confirmed
CH32V003,PC7,USART1.RTS,uart,remap-2;remap-3,3,4,confirmed
CH32V003,PD0,I2C1.SDA,i2c,remap-1,2,4,confirmed
CH32V003,PD0,OPA1.N1,analog,default,2,4,confirmed
CH32V003,PD0,TIM1.CH1N,timer,default;remap-2,2,4,confirmed
CH32V003,PD0,USART1.TX,uart,remap-1,2,4,confirmed
CH32V003,PD1,ADC1.IETR,analog,default,4,4,confirmed
CH32V003,PD1,I2C1.SCL,i2c,remap-1,4,4,confirmed
CH32V003,PD1,TIM1.CH3N,timer,default;remap-1;remap-2,4,4,confirmed
CH32V003,PD1,USART1.RX,uart,remap-1,4,4,confirmed
CH32V003,PD2,ADC1.IN3,analog,default,2,4,confirmed
CH32V003,PD2,TIM1.CH1,timer,default;remap-2,2,4,confirmed
CH32V003,PD2,TIM1.CH2N,timer,remap-3,2,4,confirmed
CH32V003,PD2,TIM2.CH3,timer,remap-1,2,4,confirmed
CH32V003,PD3,ADC1.IN4,analog,default,2,4,confirmed
CH32V003,PD3,ADC1.RETR,analog,default,2,4,confirmed
CH32V003,PD3,TIM1.CH4,timer,remap-1,2,4,confirmed
CH32V003,PD3,TIM2.CH2,timer,default;remap-2,2,4,confirmed
CH32V003,PD3,USART1.CTS,uart,default,2,4,confirmed
CH32V003,PD4,ADC1.IN7,analog,default,4,4,confirmed
CH32V003,PD4,OPA1.OUT,analog,default,4,4,confirmed
CH32V003,PD4,TIM1.CH4,timer,remap-3,4,4,confirmed
CH32V003,PD4,TIM1.ETR,timer,remap-2,4,4,confirmed
CH32V003,PD4,TIM2.CH1_ETR,timer,default,4,4,confirmed
CH32V003,PD4,USART1.CK,uart,default,4,4,confirmed
CH32V003,PD5,ADC1.IN5,analog,default,4,4,confirmed
CH32V003,PD5,TIM2.CH4,timer,remap-3,4,4,confirmed
CH32V003,PD5,USART1.RX,uart,remap-2,4,4,confirmed
CH32V003,PD5,USART1.TX,uart,default,4,4,confirmed
CH32V003,PD6,ADC1.IN6,analog,default,4,4,confirmed
CH32V003,PD6,TIM2.CH3,timer,remap-3,4,4,confirmed
CH32V003,PD6,USART1.RX,uart,default,4,4,confirmed
CH32V003,PD6,USART1.TX,uart,remap-2,4,4,confirmed
CH32V003,PD7,OPA1.P1,analog,default,3,4,confirmed
CH32V003,PD7,TIM2.CH4,timer,default;remap-2,3,4,confirmed
CH32V003,PD7,USART1.CK,uart,remap-1;remap-2,3,4,confirmed
CH32V004,PA1,ADC1.IN1,analog,default,2,2,confirmed
CH32V004,PA1,SPI1.SCK,spi,remap-5,2,2,confirmed
CH32V004,PA1,TIM1.CH2,timer,default;remap-1;remap-9,2,2,confirmed
CH32V004,PA1,TIM2.CH2,timer,remap-5;remap-6,2,2,confirmed
CH32V004,PA1,USART1.RX,uart,remap-8,2,2,confirmed
CH32V004,PA2,ADC1.IETR,analog,remap-1,2,2,confirmed
CH32V004,PA2,ADC1.IN0,analog,default,2,2,confirmed
CH32V004,PA2,SPI1.MOSI,spi,remap-5,2,2,confirmed
CH32V004,PA2,TIM1.CH2N,timer,default;remap-1;remap-4;remap-5;remap-6,2,2,confirmed
CH32V004,PA2,TIM1.CH3,timer,remap-9,2,2,confirmed
CH32V004,PA2,TIM2.CH3,timer,remap-5;remap-6;remap-7,2,2,confirmed
CH32V004,PC0,SPI1.MOSI,spi,remap-3,2,2,confirmed
CH32V004,PC0,SPI1.NSS,spi,remap-1,2,2,confirmed
CH32V004,PC0,TIM1.CH1N,timer,remap-7;remap-9,2,2,confirmed
CH32V004,PC0,TIM1.CH3,timer,remap-2,2,2,confirmed
CH32V004,PC0,TIM2.CH1_ETR,timer,remap-4,2,2,confirmed
CH32V004,PC0,TIM2.CH3,timer,default;remap-1,2,2,confirmed
CH32V004,PC0,USART1.TX,uart,remap-3,2,2,confirmed
CH32V004,PC1,I2C1.SDA,i2c,default,2,2,confirmed
CH32V004,PC1,SPI1.NSS,spi,default;remap-5,2,2,confirmed
CH32V004,PC1,TIM1.BKIN,timer,remap-2;remap-3,2,2,confirmed
CH32V004,PC1,TIM1.CH2N,timer,remap-7;remap-9,2,2,confirmed
CH32V004,PC1,TIM2.CH1_ETR,timer,remap-1;remap-3,2,2,confirmed
CH32V004,PC1,TIM2.CH2,timer,remap-4,2,2,confirmed
CH32V004,PC1,TIM2.CH4,timer,remap-2,2,2,confirmed
CH32V004,PC1,USART1.RX,uart,remap-3,2,2,confirmed
CH32V004,PC2,ADC1.RETR,analog,remap-1,2,2,confirmed
CH32V004,PC2,I2C1.SCL,i2c,default,2,2,confirmed
CH32V004,PC2,TIM1.BKIN,timer,default;remap-1,2,2,confirmed
CH32V004,PC2,TIM1.CH3N,timer,remap-7;remap-9,2,2,confirmed
CH32V004,PC2,TIM1.ETR,timer,remap-3,2,2,confirmed
CH32V004,PC2,TIM2.CH2,timer,remap-2,2,2,confirmed
CH32V004,PC2,USART1.RTS,uart,default;remap-2,2,2,confirmed
CH32V004,PC3,TIM1.CH1N,timer,remap-2;remap-3,2,2,confirmed
CH32V004,PC3,TIM1.CH3,timer,default;remap-1;remap-5,2,2,confirmed
CH32V004,PC3,TIM2.CH3,timer,remap-4,2,2,confirmed
CH32V004,PC3,USART1.CTS,uart,remap-2,2,2,confirmed
CH32V004,PC4,ADC1.IN2,analog,default,2,2,confirmed
CH32V004,PC4,RCC.MCO,clock,default,2,2,confirmed
CH32V004,PC4,SPI1.NSS,spi,remap-2;remap-6,2,2,confirmed
CH32V004,PC4,TIM1.CH1,timer,remap-3;remap-7;remap-8,2,2,confirmed
CH32V004,PC4,TIM1.CH2N,timer,remap-2,2,2,confirmed
CH32V004,PC4,TIM1.CH4,timer,default;remap-1,2,2,confirmed
CH32V004,PC4,USART1.RX,uart,remap-9,2,2,confirmed
CH32V004,PC5,I2C1.SCL,i2c,remap-2,2,2,confirmed
CH32V004,PC5,SPI1.SCK,spi,default;remap-1,2,2,confirmed
CH32V004,PC5,TIM1.CH2,timer,remap-7;remap-8,2,2,confirmed
CH32V004,PC5,TIM1.CH3,timer,remap-3,2,2,confirmed
CH32V004,PC5,TIM1.ETR,timer,default;remap-2,2,2,confirmed
CH32V004,PC5,TIM2.CH1_ETR,timer,remap-2,2,2,confirmed
CH32V004,PC5,USART1.TX,uart,remap-6,2,2,confirmed
CH32V004,PC6,I2C1.SDA,i2c,remap-2,2,2,confirmed
CH32V004,PC6,SPI1.MOSI,spi,default;remap-1,2,2,confirmed
CH32V004,PC6,TIM1.CH1,timer,remap-2,2,2,confirmed
CH32V004,PC6,TIM1.CH3,timer,remap-7;remap-8,2,2,confirmed
CH32V004,PC6,TIM1.CH3N,timer,remap-3,2,2,confirmed
CH32V004,PC6,USART1.CTS,uart,remap-1;remap-3,2,2,confirmed
CH32V004,PC6,USART1.RX,uart,remap-6,2,2,confirmed
CH32V004,PC7,SPI1.MISO,spi,default;remap-1;remap-6,2,2,confirmed
CH32V004,PC7,TIM1.CH2,timer,remap-2;remap-3,2,2,confirmed
CH32V004,PC7,TIM1.CH4,timer,remap-7;remap-8,2,2,confirmed
CH32V004,PC7,TIM2.CH2,timer,remap-3,2,2,confirmed
CH32V004,PC7,USART1.CTS,uart,remap-6;remap-7,2,2,confirmed
CH32V004,PC7,USART1.RTS,uart,remap-1;remap-3,2,2,confirmed
CH32V004,PD0,I2C1.SDA,i2c,remap-1,2,2,confirmed
CH32V004,PD0,TIM1.CH1N,timer,default;remap-1,2,2,confirmed
CH32V004,PD0,TIM1.CH3N,timer,remap-4;remap-5;remap-6,2,2,confirmed
CH32V004,PD0,USART1.TX,uart,remap-2,2,2,confirmed
CH32V004,PD1,ADC1.IETR,analog,default,2,2,confirmed
CH32V004,PD1,I2C1.SCL,i2c,remap-1,2,2,confirmed
CH32V004,PD1,I2C1.SDA,i2c,remap-4,2,2,confirmed
CH32V004,PD1,TIM1.CH3N,timer,default;remap-1;remap-2,2,2,confirmed
CH32V004,PD1,TIM1.CH4,timer,remap-4;remap-5,2,2,confirmed
CH32V004,PD1,USART1.RX,uart,remap-2;remap-5,2,2,confirmed
CH32V004,PD1,USART1.TX,uart,remap-4,2,2,confirmed
CH32V004,PD2,ADC1.IN3,analog,default,2,2,confirmed
CH32V004,PD2,SPI1.SCK,spi,remap-2,2,2,confirmed
CH32V004,PD2,TIM1.CH1,timer,default;remap-1,2,2,confirmed
CH32V004,PD2,TIM1.CH2N,timer,remap-3,2,2,confirmed
CH32V004,PD2,TIM2.CH3,timer,remap-2,2,2,confirmed
CH32V004,PD2,USART1.CTS,uart,remap-8,2,2,confirmed
CH32V004,PD3,ADC1.IN4,analog,default,2,2,confirmed
CH32V004,PD3,ADC1.RETR,analog,default,2,2,confirmed
CH32V004,PD3,SPI1.MOSI,spi,remap-2,2,2,confirmed
CH32V004,PD3,SPI1.NSS,spi,remap-4,2,2,confirmed
CH32V004,PD3,TIM1.CH4,timer,remap-2,2,2,confirmed
CH32V004,PD3,TIM2.CH1_ETR,timer,remap-7,2,2,confirmed
CH32V004,PD3,TIM2.CH2,timer,default;remap-1,2,2,confirmed
CH32V004,PD3,USART1.CTS,uart,default,2,2,confirmed
CH32V004,PD3,USART1.RTS,uart,remap-8,2,2,confirmed
CH32V004,PD4,ADC1.IN7,analog,default,2,2,confirmed
CH32V004,PD4,SPI1.SCK,spi,remap-4,2,2,confirmed
CH32V004,PD4,TIM1.CH4,timer,remap-3,2,2,confirmed
CH32V004,PD4,TIM1.ETR,timer,remap-1;remap-4;remap-5;remap-6,2,2,confirmed
CH32V004,PD4,TIM2.CH1_ETR,timer,default,2,2,confirmed
CH32V004,PD4,TIM2.CH2,timer,remap-7,2,2,confirmed
CH32V004,PD4,USART1.RTS,uart,remap-9,2,2,confirmed
CH32V004,PD5,ADC1.IN5,analog,default,2,2,confirmed
CH32V004,PD5,SPI1.MISO,spi,remap-4,2,2,confirmed
CH32V004,PD5,TIM2.CH4,timer,remap-3,2,2,confirmed
CH32V004,PD5,USART1.CTS,uart,remap-9,2,2,confirmed
CH32V004,PD5,USART1.RX,uart,remap-1,2,2,confirmed
CH32V004,PD5,USART1.TX,uart,default,2,2,confirmed
CH32V004,PD6,ADC1.IN6,analog,default,2,2,confirmed
CH32V004,PD6,SPI1.MOSI,spi,remap-4,2,2,confirmed
CH32V004,PD6,TIM2.CH3,timer,remap-3,2,2,confirmed
CH32V004,PD6,USART1.RX,uart,default,2,2,confirmed
CH32V004,PD6,USART1.TX,uart,remap-1,2,2,confirmed
CH32V004,PD7,TIM2.CH4,timer,default;remap-1,2,2,confirmed
CH32V004,PD7,USART1.CTS,uart,remap-4;remap-5,2,2,confirmed
CH32V005,PA0,TIM1.CH1,timer,remap-9,1,4,confirmed
CH32V005,PA0,TIM1.CH1N,timer,remap-4;remap-5;remap-6,1,4,confirmed
CH32V005,PA0,TIM2.CH1_ETR,timer,remap-5,1,4,confirmed
CH32V005,PA0,USART1.TX,uart,remap-8;remap-9,1,4,confirmed
CH32V005,PA0,USART2.CTS,uart,remap-2;remap-3,1,4,confirmed
CH32V005,PA1,ADC1.IN1,analog,default,4,4,confirmed
CH32V005,PA1,OPA.N0,analog,default,4,4,confirmed
CH32V005,PA1,SPI1.SCK,spi,remap-5,4,4,confirmed
CH32V005,PA1,TIM1.CH2,timer,default;remap-1;remap-9,4,4,confirmed
CH32V005,PA1,TIM2.CH2,timer,remap-5;remap-6,4,4,confirmed
CH32V005,PA1,USART1.RX,uart,remap-8,4,4,confirmed
CH32V005,PA1,USART2.RTS,uart,remap-2;remap-3;remap-4;remap-5,4,4,confirmed
CH32V005,PA2,ADC1.IETR,analog,remap-1,4,4,confirmed
CH32V005,PA2,ADC1.IN0,analog,default,4,4,confirmed
CH32V005,PA2,OPA.P0,analog,default,4,4,confirmed
CH32V005,PA2,SPI1.MOSI,spi,remap-5,4,4,confirmed
CH32V005,PA2,TIM1.CH2N,timer,default;remap-1;remap-4;remap-5;remap-6,4,4,confirmed
CH32V005,PA2,TIM1.CH3,timer,remap-9,4,4,confirmed
CH32V005,PA2,TIM2.CH3,timer,remap-5;remap-6;remap-7,4,4,confirmed
CH32V005,PA2,USART2.TX,uart,remap-2,4,4,confirmed
CH32V005,PA3,TIM1.CH1,timer,remap-4;remap-5;remap-6,1,4,confirmed
CH32V005,PA3,TIM1.CH1N,timer,remap-8,1,4,confirmed
CH32V005,PA3,TIM1.CH4,timer,remap-9,1,4,confirmed
CH32V005,PA3,TIM2.CH4,timer,remap-5;remap-6;remap-7,1,4,confirmed
CH32V005,PA3,USART2.RX,uart,remap-2,1,4,confirmed
CH32V005,PA4,OPA.N2,analog,default,4,4,confirmed
CH32V005,PA4,USART2.CTS,uart,default;remap-5,4,4,confirmed
CH32V005,PA4,USART2.TX,uart,remap-1,4,4,confirmed
CH32V005,PA5,OPA.OUT1,analog,default,1,4,confirmed
CH32V005,PA5,USART1.RTS,uart,remap-4;remap-5,1,4,confirmed
CH32V005,PA5,USART2.RTS,uart,default,1,4,confirmed
CH32V005,PA5,USART2.RX,uart,remap-1;remap-6,1,4,confirmed
CH32V005,PA6,USART2.TX,uart,remap-6,1,4,confirmed
CH32V005,PB0,SPI1.NSS,spi,remap-3,1,4,confirmed
CH32V005,PB0,TIM1.CH2,timer,remap-4;remap-5;remap-6,1,4,confirmed
CH32V005,PB0,TIM1.CH2N,timer,remap-8,1,4,confirmed
CH32V005,PB0,USART2.TX,uart,remap-4,1,4,confirmed
CH32V005,PB1,SPI1.SCK,spi,remap-3,1,4,confirmed
CH32V005,PB1,TIM1.CH3,timer,remap-4;remap-6,1,4,confirmed
CH32V005,PB1,TIM1.CH3N,timer,remap-8,1,4,confirmed
CH32V005,PB1,TIM2.CH1_ETR,timer,remap-6,1,4,confirmed
CH32V005,PB1,USART2.RX,uart,remap-4,1,4,confirmed
CH32V005,PB3,I2C1.SCL,i2c,remap-4,1,4,confirmed
CH32V005,PB3,SPI1.MISO,spi,remap-2,1,4,confirmed
CH32V005,PB3,TIM1.BKIN,timer,remap-4;remap-5,1,4,confirmed
CH32V005,PB3,USART1.RX,uart,remap-4,1,4,confirmed
CH32V005,PB3,USART1.TX,uart,remap-5,1,4,confirmed
CH32V005,PB3,USART2.RTS,uart,remap-1;remap-6,1,4,confirmed
CH32V005,PB3,USART2.RX,uart,default,1,4,confirmed
CH32V005,PC0,SPI1.MOSI,spi,remap-3,4,4,confirmed
CH32V005,PC0,SPI1.NSS,spi,remap-1,4,4,confirmed
CH32V005,PC0,TIM1.CH1N,timer,remap-7;remap-9,4,4,confirmed
CH32V005,PC0,TIM1.CH3,timer,remap-2,4,4,confirmed
CH32V005,PC0,TIM2.CH1_ETR,timer,remap-4,4,4,confirmed
CH32V005,PC0,TIM2.CH3,timer,default;remap-1,4,4,confirmed
CH32V005,PC0,USART1.TX,uart,remap-3,4,4,confirmed
CH32V005,PC1,I2C1.SDA,i2c,default,3,4,confirmed
CH32V005,PC1,SPI1.NSS,spi,default;remap-5,3,4,confirmed
CH32V005,PC1,TIM1.BKIN,timer,remap-2;remap-3,3,4,confirmed
CH32V005,PC1,TIM1.CH2N,timer,remap-7;remap-9,3,4,confirmed
CH32V005,PC1,TIM2.CH1_ETR,timer,remap-1;remap-3,3,4,confirmed
CH32V005,PC1,TIM2.CH2,timer,remap-4,3,4,confirmed
CH32V005,PC1,TIM2.CH4,timer,remap-2,3,4,confirmed
CH32V005,PC1,USART1.RX,uart,remap-3,3,4,confirmed
CH32V005,PC2,ADC1.RETR,analog,remap-1,3,4,confirmed
CH32V005,PC2,I2C1.SCL,i2c,default,3,4,confirmed
CH32V005,PC2,TIM1.BKIN,timer,default;remap-1,3,4,confirmed
CH32V005,PC2,TIM1.CH3N,timer,remap-7;remap-9,3,4,confirmed
CH32V005,PC2,TIM1.ETR,timer,remap-3,3,4,confirmed
CH32V005,PC2,TIM2.CH2,timer,remap-2,3,4,confirmed
CH32V005,PC2,USART1.RTS,uart,default;remap-2,3,4,confirmed
CH32V005,PC3,TIM1.CH1N,timer,remap-2;remap-3,3,4,confirmed
CH32V005,PC3,TIM1.CH3,timer,default;remap-1;remap-5,3,4,confirmed
CH32V005,PC3,TIM2.CH3,timer,remap-4,3,4,confirmed
CH32V005,PC3,USART1.CTS,uart,remap-2,3,4,confirmed
CH32V005,PC4,ADC1.IN2,analog,default,4,4,confirmed
CH32V005,PC4,RCC.MCO,clock,default,4,4,confirmed
CH32V005,PC4,SPI1.NSS,spi,remap-2;remap-6,4,4,confirmed
CH32V005,PC4,TIM1.CH1,timer,remap-3;remap-7;remap-8,4,4,confirmed
CH32V005,PC4,TIM1.CH2N,timer,remap-2,4,4,confirmed
CH32V005,PC4,TIM1.CH4,timer,default;remap-1,4,4,confirmed
CH32V005,PC4,USART1.RX,uart,remap-9,4,4,confirmed
CH32V005,PC4,USART2.TX,uart,remap-5,4,4,confirmed
CH32V005,PC5,I2C1.SCL,i2c,remap-2,3,4,confirmed
CH32V005,PC5,SPI1.SCK,spi,default;remap-1,3,4,confirmed
CH32V005,PC5,TIM1.CH2,timer,remap-7;remap-8,3,4,confirmed
CH32V005,PC5,TIM1.CH3,timer,remap-3,3,4,confirmed
CH32V005,PC5,TIM1.ETR,timer,default;remap-2,3,4,confirmed
CH32V005,PC5,TIM2.CH1_ETR,timer,remap-2,3,4,confirmed
CH32V005,PC5,USART1.TX,uart,remap-6,3,4,confirmed
CH32V005,PC6,I2C1.SDA,i2c,remap-2,3,4,confirmed
CH32V005,PC6,SPI1.MOSI,spi,default;remap-1,3,4,confirmed
CH32V005,PC6,TIM1.CH1,timer,remap-2,3,4,confirmed
CH32V005,PC6,TIM1.CH3,timer,remap-7;remap-8,3,4,confirmed
CH32V005,PC6,TIM1.CH3N,timer,remap-3,3,4,confirmed
CH32V005,PC6,USART1.CTS,uart,remap-1;remap-3,3,4,confirmed
CH32V005,PC6,USART1.RX,uart,remap-6,3,4,confirmed
CH32V005,PC7,SPI1.MISO,spi,default;remap-1;remap-6,3,4,confirmed
CH32V005,PC7,TIM1.CH2,timer,remap-2;remap-3,3,4,confirmed
CH32V005,PC7,TIM1.CH4,timer,remap-7;remap-8,3,4,confirmed
CH32V005,PC7,TIM2.CH2,timer,remap-3,3,4,confirmed
CH32V005,PC7,USART1.CTS,uart,remap-6;remap-7,3,4,confirmed
CH32V005,PC7,USART1.RTS,uart,remap-1;remap-3,3,4,confirmed
CH32V005,PD0,I2C1.SDA,i2c,remap-1,4,4,confirmed
CH32V005,PD0,OPA.N1,analog,default,4,4,confirmed
CH32V005,PD0,TIM1.CH1N,timer,default;remap-1,4,4,confirmed
CH32V005,PD0,TIM1.CH3N,timer,remap-4;remap-5;remap-6,4,4,confirmed
CH32V005,PD0,USART1.TX,uart,remap-2,4,4,confirmed
CH32V005,PD1,ADC1.IETR,analog,default,4,4,confirmed
CH32V005,PD1,I2C1.SCL,i2c,remap-1,4,4,confirmed
CH32V005,PD1,I2C1.SDA,i2c,remap-4,4,4,confirmed
CH32V005,PD1,OPA.P3,analog,default,4,4,confirmed
CH32V005,PD1,TIM1.CH3N,timer,default;remap-1;remap-2,4,4,confirmed
CH32V005,PD1,TIM1.CH4,timer,remap-4;remap-5,4,4,confirmed
CH32V005,PD1,USART1.RX,uart,remap-2;remap-5,4,4,confirmed
CH32V005,PD1,USART1.TX,uart,remap-4,4,4,confirmed
CH32V005,PD1,USART2.RX,uart,remap-5,4,4,confirmed
CH32V005,PD2,ADC1.IN3,analog,default,3,4,confirmed
CH32V005,PD2,SPI1.SCK,spi,remap-2,3,4,confirmed
CH32V005,PD2,TIM1.CH1,timer,default;remap-1,3,4,confirmed
CH32V005,PD2,TIM1.CH2N,timer,remap-3,3,4,confirmed
CH32V005,PD2,TIM2.CH3,timer,remap-2,3,4,confirmed
CH32V005,PD2,USART1.CTS,uart,remap-8,3,4,confirmed
CH32V005,PD2,USART2.TX,uart,remap-3,3,4,confirmed
CH32V005,PD3,ADC1.IN4,analog,default,3,4,confirmed
CH32V005,PD3,ADC1.RETR,analog,default,3,4,confirmed
CH32V005,PD3,OPA.P2,analog,default,3,4,confirmed
CH32V005,PD3,SPI1.MOSI,spi,remap-2,3,4,confirmed
CH32V005,PD3,SPI1.NSS,spi,remap-4,3,4,confirmed
CH32V005,PD3,TIM1.CH4,timer,remap-2,3,4,confirmed
CH32V005,PD3,TIM2.CH1_ETR,timer,remap-7,3,4,confirmed
CH32V005,PD3,TIM2.CH2,timer,default;remap-1,3,4,confirmed
CH32V005,PD3,USART1.CTS,uart,default,3,4,confirmed
CH32V005,PD3,USART1.RTS,uart,remap-8,3,4,confirmed
CH32V005,PD3,USART2.RX,uart,remap-3,3,4,confirmed
CH32V005,PD4,ADC1.IN7,analog,default,4,4,confirmed
CH32V005,PD4,OPA.OUT0,analog,default,4,4,confirmed
CH32V005,PD4,SPI1.SCK,spi,remap-4,4,4,confirmed
CH32V005,PD4,TIM1.CH4,timer,remap-3,4,4,confirmed
CH32V005,PD4,TIM1.ETR,timer,remap-1;remap-4;remap-5;remap-6,4,4,confirmed
CH32V005,PD4,TIM2.CH1_ETR,timer,default,4,4,confirmed
CH32V005,PD4,TIM2.CH2,timer,remap-7,4,4,confirmed
CH32V005,PD4,USART1.RTS,uart,remap-9,4,4,confirmed
CH32V005,PD5,ADC1.IN5,analog,default,3,4,confirmed
CH32V005,PD5,SPI1.MISO,spi,remap-4,3,4,confirmed
CH32V005,PD5,TIM2.CH4,timer,remap-3,3,4,confirmed
CH32V005,PD5,USART1.CTS,uart,remap-9,3,4,confirmed
CH32V005,PD5,USART1.RX,uart,remap-1,3,4,confirmed
CH32V005,PD5,USART1.TX,uart,default,3,4,confirmed
CH32V005,PD6,ADC1.IN6,analog,default,3,4,confirmed
CH32V005,PD6,SPI1.MOSI,spi,remap-4,3,4,confirmed
CH32V005,PD6,TIM2.CH3,timer,remap-3,3,4,confirmed
CH32V005,PD6,USART1.RX,uart,default,3,4,confirmed
CH32V005,PD6,USART1.TX,uart,remap-1,3,4,confirmed
CH32V005,PD7,OPA.P1,analog,default,4,4,confirmed
CH32V005,PD7,TIM2.CH4,timer,default;remap-1,4,4,confirmed
CH32V005,PD7,USART1.CTS,uart,remap-4;remap-5,4,4,confirmed
CH32V006,PA0,TIM1.CH1,timer,remap-9,3,7,confirmed
CH32V006,PA0,TIM1.CH1N,timer,remap-4;remap-5;remap-6,3,7,confirmed
CH32V006,PA0,TIM2.CH1_ETR,timer,remap-5,3,7,confirmed
CH32V006,PA0,USART1.TX,uart,remap-8;remap-9,3,7,confirmed
CH32V006,PA0,USART2.CTS,uart,remap-2;remap-3,3,7,confirmed
CH32V006,PA1,ADC1.IN1,analog,default,7,7,confirmed
CH32V006,PA1,OPA.N0,analog,default,6,7,confirmed
CH32V006,PA1,SPI1.SCK,spi,remap-5,7,7,confirmed
CH32V006,PA1,TIM1.CH2,timer,default;remap-1;remap-9,7,7,confirmed
CH32V006,PA1,TIM2.CH2,timer,remap-5;remap-6,7,7,confirmed
CH32V006,PA1,USART1.RX,uart,remap-8,7,7,confirmed
CH32V006,PA1,USART2.RTS,uart,remap-2;remap-3;remap-4;remap-5,6,7,confirmed
CH32V006,PA2,ADC1.IETR,analog,remap-1,7,7,confirmed
CH32V006,PA2,ADC1.IN0,analog,default,7,7,confirmed
CH32V006,PA2,OPA.P0,analog,default,6,7,confirmed
CH32V006,PA2,SPI1.MOSI,spi,remap-5,7,7,confirmed
CH32V006,PA2,TIM1.CH2N,timer,default;remap-1;remap-4;remap-5;remap-6,7,7,confirmed
CH32V006,PA2,TIM1.CH3,timer,remap-9,7,7,confirmed
CH32V006,PA2,TIM2.CH3,timer,remap-5;remap-6;remap-7,7,7,confirmed
CH32V006,PA2,USART2.TX,uart,remap-2,6,7,confirmed
CH32V006,PA3,TIM1.CH1,timer,remap-4;remap-5;remap-6,3,7,confirmed
CH32V006,PA3,TIM1.CH1N,timer,remap-8,3,7,confirmed
CH32V006,PA3,TIM1.CH4,timer,remap-9,3,7,confirmed
CH32V006,PA3,TIM2.CH4,timer,remap-5;remap-6;remap-7,3,7,confirmed
CH32V006,PA3,USART2.RX,uart,remap-2,3,7,confirmed
CH32V006,PA4,OPA.N2,analog,default,6,7,confirmed
CH32V006,PA4,USART2.CTS,uart,default;remap-5,6,7,confirmed
CH32V006,PA4,USART2.TX,uart,remap-1,6,7,confirmed
CH32V006,PA5,OPA.OUT1,analog,default,3,7,confirmed
CH32V006,PA5,USART1.RTS,uart,remap-4;remap-5,3,7,confirmed
CH32V006,PA5,USART2.RTS,uart,default,3,7,confirmed
CH32V006,PA5,USART2.RX,uart,remap-1;remap-6,3,7,confirmed
CH32V006,PA6,USART2.TX,uart,remap-6,3,7,confirmed
CH32V006,PA7,TIM1.BKIN,timer,remap-6,1,7,confirmed
CH32V006,PA7,USART2.CTS,uart,remap-1;remap-6,1,7,confirmed
CH32V006,PA7,USART2.TX,uart,default,1,7,confirmed
CH32V006,PB0,SPI1.NSS,spi,remap-3,3,7,confirmed
CH32V006,PB0,TIM1.CH2,timer,remap-4;remap-5;remap-6,3,7,confirmed
CH32V006,PB0,TIM1.CH2N,timer,remap-8,3,7,confirmed
CH32V006,PB0,USART2.TX,uart,remap-4,3,7,confirmed
CH32V006,PB1,SPI1.SCK,spi,remap-3,3,7,confirmed
CH32V006,PB1,TIM1.CH3,timer,remap-4;remap-6,3,7,confirmed
CH32V006,PB1,TIM1.CH3N,timer,remap-8,3,7,confirmed
CH32V006,PB1,TIM2.CH1_ETR,timer,remap-6,3,7,confirmed
CH32V006,PB1,USART2.RX,uart,remap-4,3,7,confirmed
CH32V006,PB2,SPI1.MISO,spi,remap-3,1,7,confirmed
CH32V006,PB2,TIM1.BKIN,timer,remap-7;remap-8;remap-9,1,7,confirmed
CH32V006,PB2,TIM1.CH4,timer,remap-6,1,7,confirmed
CH32V006,PB3,I2C1.SCL,i2c,remap-4,3,7,confirmed
CH32V006,PB3,SPI1.MISO,spi,remap-2,3,7,confirmed
CH32V006,PB3,TIM1.BKIN,timer,remap-4;remap-5,3,7,confirmed
CH32V006,PB3,USART1.RX,uart,remap-4,3,7,confirmed
CH32V006,PB3,USART1.TX,uart,remap-5,3,7,confirmed
CH32V006,PB3,USART2.RTS,uart,remap-1;remap-6,3,7,confirmed
CH32V006,PB3,USART2.RX,uart,default,3,7,confirmed
CH32V006,PB4,SPI1.MOSI,spi,remap-6,1,7,confirmed
CH32V006,PB4,TIM1.ETR,timer,remap-7;remap-8;remap-9,1,7,confirmed
CH32V006,PB4,USART1.RTS,uart,remap-6;remap-7,1,7,confirmed
CH32V006,PB5,I2C1.SCL,i2c,remap-3,1,7,confirmed
CH32V006,PB5,SPI1.MISO,spi,remap-5,1,7,confirmed
CH32V006,PB5,SPI1.SCK,spi,remap-6,1,7,confirmed
CH32V006,PB5,USART1.TX,uart,remap-7,1,7,confirmed
CH32V006,PB6,I2C1.SDA,i2c,remap-3,1,7,confirmed
CH32V006,PB6,TIM2.CH4,timer,remap-4,1,7,confirmed
CH32V006,PB6,USART1.RX,uart,remap-7,1,7,confirmed
CH32V006,PB6,USART2.CTS,uart,remap-4,1,7,confirmed
CH32V006,PC0,SPI1.MOSI,spi,remap-3,7,7,confirmed
CH32V006,PC0,SPI1.NSS,spi,remap-1,7,7,confirmed
CH32V006,PC0,TIM1.CH1N,timer,remap-7;remap-9,7,7,confirmed
CH32V006,PC0,TIM1.CH3,timer,remap-2,7,7,confirmed
CH32V006,PC0,TIM2.CH1_ETR,timer,remap-4,7,7,confirmed
CH32V006,PC0,TIM2.CH3,timer,default;remap-1,7,7,confirmed
CH32V006,PC0,USART1.TX,uart,remap-3,7,7,confirmed
CH32V006,PC1,I2C1.SDA,i2c,default,6,7,confirmed
CH32V006,PC1,SPI1.NSS,spi,default;remap-5,6,7,confirmed
CH32V006,PC1,TIM1.BKIN,timer,remap-2;remap-3,6,7,confirmed
CH32V006,PC1,TIM1.CH2N,timer,remap-7;remap-9,6,7,confirmed
CH32V006,PC1,TIM2.CH1_ETR,timer,remap-1;remap-3,6,7,confirmed
CH32V006,PC1,TIM2.CH2,timer,remap-4,6,7,confirmed
CH32V006,PC1,TIM2.CH4,timer,remap-2,6,7,confirmed
CH32V006,PC1,USART1.RX,uart,remap-3,6,7,confirmed
CH32V006,PC2,ADC1.RETR,analog,remap-1,6,7,confirmed
CH32V006,PC2,I2C1.SCL,i2c,default,6,7,confirmed
CH32V006,PC2,TIM1.BKIN,timer,default;remap-1,6,7,confirmed
CH32V006,PC2,TIM1.CH3N,timer,remap-7;remap-9,6,7,confirmed
CH32V006,PC2,TIM1.ETR,timer,remap-3,6,7,confirmed
CH32V006,PC2,TIM2.CH2,timer,remap-2,6,7,confirmed
CH32V006,PC2,USART1.RTS,uart,default;remap-2,6,7,confirmed
CH32V006,PC3,TIM1.CH1N,timer,remap-2;remap-3,5,7,confirmed
CH32V006,PC3,TIM1.CH3,timer,default;remap-1;remap-5,5,7,confirmed
CH32V006,PC3,TIM2.CH3,timer,remap-4,5,7,confirmed
CH32V006,PC3,USART1.CTS,uart,remap-2,5,7,confirmed
CH32V006,PC4,ADC1.IN2,analog,default,7,7,confirmed
CH32V006,PC4,RCC.MCO,clock,default,7,7,confirmed
CH32V006,PC4,SPI1.NSS,spi,remap-2;remap-6,7,7,confirmed
CH32V006,PC4,TIM1.CH1,timer,remap-3;remap-7;remap-8,7,7,confirmed
CH32V006,PC4,TIM1.CH2N,timer,remap-2,7,7,confirmed
CH32V006,PC4,TIM1.CH4,timer,default;remap-1,7,7,confirmed
CH32V006,PC4,USART1.RX,uart,remap-9,7,7,confirmed
CH32V006,PC4,USART2.TX,uart,remap-5,6,7,confirmed
CH32V006,PC5,I2C1.SCL,i2c,remap-2,6,7,confirmed
CH32V006,PC5,SPI1.SCK,spi,default;remap-1,6,7,confirmed
CH32V006,PC5,TIM1.CH2,timer,remap-7;remap-8,6,7,confirmed
CH32V006,PC5,TIM1.CH3,timer,remap-3,6,7,confirmed
CH32V006,PC5,TIM1.ETR,timer,default;remap-2,6,7,confirmed
CH32V006,PC5,TIM2.CH1_ETR,timer,remap-2,6,7,confirmed
CH32V006,PC5,USART1.TX,uart,remap-6,6,7,confirmed
CH32V006,PC6,I2C1.SDA,i2c,remap-2,5,7,confirmed
CH32V006,PC6,SPI1.MOSI,spi,default;remap-1,5,7,confirmed
CH32V006,PC6,TIM1.CH1,timer,remap-2,5,7,confirmed
CH32V006,PC6,TIM1.CH3,timer,remap-7;remap-8,5,7,confirmed
CH32V006,PC6,TIM1.CH3N,timer,remap-3,5,7,confirmed
CH32V006,PC6,USART1.CTS,uart,remap-1;remap-3,5,7,confirmed
CH32V006,PC6,USART1.RX,uart,remap-6,5,7,confirmed
CH32V006,PC7,SPI1.MISO,spi,default;remap-1;remap-6,5,7,confirmed
CH32V006,PC7,TIM1.CH2,timer,remap-2;remap-3,5,7,confirmed
CH32V006,PC7,TIM1.CH4,timer,remap-7;remap-8,5,7,confirmed
CH32V006,PC7,TIM2.CH2,timer,remap-3,5,7,confirmed
CH32V006,PC7,USART1.CTS,uart,remap-6;remap-7,5,7,confirmed
CH32V006,PC7,USART1.RTS,uart,remap-1;remap-3,5,7,confirmed
CH32V006,PD0,I2C1.SDA,i2c,remap-1,7,7,confirmed
CH32V006,PD0,OPA.N1,analog,default,6,7,confirmed
CH32V006,PD0,TIM1.CH1N,timer,default;remap-1,7,7,confirmed
CH32V006,PD0,TIM1.CH3N,timer,remap-4;remap-5;remap-6,7,7,confirmed
CH32V006,PD0,USART1.TX,uart,remap-2,7,7,confirmed
CH32V006,PD1,ADC1.IETR,analog,default,7,7,confirmed
CH32V006,PD1,I2C1.SCL,i2c,remap-1,7,7,confirmed
CH32V006,PD1,I2C1.SDA,i2c,remap-4,7,7,confirmed
CH32V006,PD1,OPA.P3,analog,default,6,7,confirmed
CH32V006,PD1,TIM1.CH3N,timer,default;remap-1;remap-2,7,7,confirmed
CH32V006,PD1,TIM1.CH4,timer,remap-4;remap-5,7,7,confirmed
CH32V006,PD1,USART1.RX,uart,remap-2;remap-5,7,7,confirmed
CH32V006,PD1,USART1.TX,uart,remap-4,7,7,confirmed
CH32V006,PD1,USART2.RX,uart,remap-5,6,7,confirmed
CH32V006,PD2,ADC1.IN3,analog,default,6,7,confirmed
CH32V006,PD2,SPI1.SCK,spi,remap-2,6,7,confirmed
CH32V006,PD2,TIM1.CH1,timer,default;remap-1,6,7,confirmed
CH32V006,PD2,TIM1.CH2N,timer,remap-3,6,7,confirmed
CH32V006,PD2,TIM2.CH3,timer,remap-2,6,7,confirmed
CH32V006,PD2,USART1.CTS,uart,remap-8,6,7,confirmed
CH32V006,PD2,USART2.TX,uart,remap-3,5,7,confirmed
CH32V006,PD3,ADC1.IN4,analog,default,6,7,confirmed
CH32V006,PD3,ADC1.RETR,analog,default,6,7,confirmed
CH32V006,PD3,OPA.P2,analog,default,5,7,confirmed
CH32V006,PD3,SPI1.MOSI,spi,remap-2,6,7,confirmed
CH32V006,PD3,SPI1.NSS,spi,remap-4,6,7,confirmed
CH32V006,PD3,TIM1.CH4,timer,remap-2,6,7,confirmed
CH32V006,PD3,TIM2.CH1_ETR,timer,remap-7,6,7,confirmed
CH32V006,PD3,TIM2.CH2,timer,default;remap-1,6,7,confirmed
CH32V006,PD3,USART1.CTS,uart,default,6,7,confirmed
CH32V006,PD3,USART1.RTS,uart,remap-8,6,7,confirmed
CH32V006,PD3,USART2.RX,uart,remap-3,5,7,confirmed
CH32V006,PD4,ADC1.IN7,analog,default,7,7,confirmed
CH32V006,PD4,OPA.OUT0,analog,default,6,7,confirmed
CH32V006,PD4,SPI1.SCK,spi,remap-4,7,7,confirmed
CH32V006,PD4,TIM1.CH4,timer,remap-3,7,7,confirmed
CH32V006,PD4,TIM1.ETR,timer,remap-1;remap-4;remap-5;remap-6,7,7,confirmed
CH32V006,PD4,TIM2.CH1_ETR,timer,default,7,7,confirmed
CH32V006,PD4,TIM2.CH2,timer,remap-7,7,7,confirmed
CH32V006,PD4,USART1.RTS,uart,remap-9,7,7,confirmed
CH32V006,PD5,ADC1.IN5,analog,default,6,7,confirmed
CH32V006,PD5,SPI1.MISO,spi,remap-4,6,7,confirmed
CH32V006,PD5,TIM2.CH4,timer,remap-3,6,7,confirmed
CH32V006,PD5,USART1.CTS,uart,remap-9,6,7,confirmed
CH32V006,PD5,USART1.RX,uart,remap-1,6,7,confirmed
CH32V006,PD5,USART1.TX,uart,default,6,7,confirmed
CH32V006,PD6,ADC1.IN6,analog,default,6,7,confirmed
CH32V006,PD6,SPI1.MOSI,spi,remap-4,6,7,confirmed
CH32V006,PD6,TIM2.CH3,timer,remap-3,6,7,confirmed
CH32V006,PD6,USART1.RX,uart,default,6,7,confirmed
CH32V006,PD6,USART1.TX,uart,remap-1,6,7,confirmed
CH32V006,PD7,OPA.P1,analog,default,6,7,confirmed
CH32V006,PD7,TIM2.CH4,timer,default;remap-1,7,7,confirmed
CH32V006,PD7,USART1.CTS,uart,remap-4;remap-5,7,7,confirmed
CH32V007,PA0,TIM1.CH1,timer,remap-9,4,4,confirmed
CH32V007,PA0,TIM1.CH1N,timer,remap-4;remap-5;remap-6,4,4,confirmed
CH32V007,PA0,TIM2.CH1_ETR,timer,remap-5,4,4,confirmed
CH32V007,PA0,USART1.TX,uart,remap-8;remap-9,4,4,confirmed
CH32V007,PA0,USART2.CTS,uart,remap-2;remap-3,4,4,confirmed
CH32V007,PA1,ADC1.IN1,analog,default,4,4,confirmed
CH32V007,PA1,OPA.N0,analog,default,4,4,confirmed
CH32V007,PA1,SPI1.SCK,spi,remap-5,4,4,confirmed
CH32V007,PA1,TIM1.CH2,timer,default;remap-1;remap-9,4,4,confirmed
CH32V007,PA1,TIM2.CH2,timer,remap-5;remap-6,4,4,confirmed
CH32V007,PA1,USART1.RX,uart,remap-8,4,4,confirmed
CH32V007,PA1,USART2.RTS,uart,remap-2;remap-3;remap-4;remap-5,4,4,confirmed
CH32V007,PA2,ADC1.IETR,analog,remap-1,4,4,confirmed
CH32V007,PA2,ADC1.IN0,analog,default,4,4,confirmed
CH32V007,PA2,OPA.P0,analog,default,4,4,confirmed
CH32V007,PA2,SPI1.MOSI,spi,remap-5,4,4,confirmed
CH32V007,PA2,TIM1.CH2N,timer,default;remap-1;remap-4;remap-5;remap-6,4,4,confirmed
CH32V007,PA2,TIM1.CH3,timer,remap-9,4,4,confirmed
CH32V007,PA2,TIM2.CH3,timer,remap-5;remap-6;remap-7,4,4,confirmed
CH32V007,PA2,USART2.TX,uart,remap-2,4,4,confirmed
CH32V007,PA3,TIM1.CH1,timer,remap-4;remap-5;remap-6,4,4,confirmed
CH32V007,PA3,TIM1.CH1N,timer,remap-8,4,4,confirmed
CH32V007,PA3,TIM1.CH4,timer,remap-9,4,4,confirmed
CH32V007,PA3,TIM2.CH4,timer,remap-5;remap-6;remap-7,4,4,confirmed
CH32V007,PA3,USART2.RX,uart,remap-2,4,4,confirmed
CH32V007,PA4,OPA.N2,analog,default,4,4,confirmed
CH32V007,PA4,USART2.CTS,uart,default;remap-5,4,4,confirmed
CH32V007,PA4,USART2.TX,uart,remap-1,4,4,confirmed
CH32V007,PA5,OPA.OUT1,analog,default,4,4,confirmed
CH32V007,PA5,USART1.RTS,uart,remap-4;remap-5,4,4,confirmed
CH32V007,PA5,USART2.RTS,uart,default,4,4,confirmed
CH32V007,PA5,USART2.RX,uart,remap-1;remap-6,4,4,confirmed
CH32V007,PA6,CMP1.N2,analog,default,4,4,confirmed
CH32V007,PA6,USART2.TX,uart,remap-6,4,4,confirmed
CH32V007,PA7,TIM1.BKIN,timer,remap-6,2,4,confirmed
CH32V007,PA7,USART2.CTS,uart,remap-1;remap-6,2,4,confirmed
CH32V007,PA7,USART2.TX,uart,default,2,4,confirmed
CH32V007,PB0,SPI1.NSS,spi,remap-3,4,4,confirmed
CH32V007,PB0,TIM1.CH2,timer,remap-4;remap-5;remap-6,4,4,confirmed
CH32V007,PB0,TIM1.CH2N,timer,remap-8,4,4,confirmed
CH32V007,PB0,USART2.TX,uart,remap-4,4,4,confirmed
CH32V007,PB1,SPI1.SCK,spi,remap-3,4,4,confirmed
CH32V007,PB1,TIM1.CH3,timer,remap-4;remap-6,4,4,confirmed
CH32V007,PB1,TIM1.CH3N,timer,remap-8,4,4,confirmed
CH32V007,PB1,TIM2.CH1_ETR,timer,remap-6,4,4,confirmed
CH32V007,PB1,USART2.RX,uart,remap-4,4,4,confirmed
CH32V007,PB2,SPI1.MISO,spi,remap-3,2,4,confirmed
CH32V007,PB2,TIM1.BKIN,timer,remap-7;remap-8;remap-9,2,4,confirmed
CH32V007,PB2,TIM1.CH4,timer,remap-6,2,4,confirmed
CH32V007,PB3,CMP1.P1,analog,default,4,4,confirmed
CH32V007,PB3,I2C1.SCL,i2c,remap-4,4,4,confirmed
CH32V007,PB3,SPI1.MISO,spi,remap-2,4,4,confirmed
CH32V007,PB3,TIM1.BKIN,timer,remap-4;remap-5,4,4,confirmed
CH32V007,PB3,TIM2.CH2,timer,remap-2,4,4,confirmed
CH32V007,PB3,USART1.RX,uart,remap-4,4,4,confirmed
CH32V007,PB3,USART1.TX,uart,remap-5,4,4,confirmed
CH32V007,PB3,USART2.RTS,uart,remap-1;remap-6,4,4,confirmed
CH32V007,PB3,USART2.RX,uart,default,4,4,confirmed
CH32V007,PB4,SPI1.MOSI,spi,remap-6,2,4,confirmed
CH32V007,PB4,TIM1.ETR,timer,remap-7;remap-8;remap-9,2,4,confirmed
CH32V007,PB4,USART1.RTS,uart,remap-6;remap-7,2,4,confirmed
CH32V007,PB5,I2C1.SCL,i2c,remap-3,2,4,confirmed
CH32V007,PB5,SPI1.MISO,spi,remap-5,2,4,confirmed
CH32V007,PB5,SPI1.SCK,spi,remap-6,2,4,confirmed
CH32V007,PB5,USART1.TX,uart,remap-7,2,4,confirmed
CH32V007,PB6,I2C1.SDA,i2c,remap-3,2,4,confirmed
CH32V007,PB6,TIM2.CH4,timer,remap-4,2,4,confirmed
CH32V007,PB6,USART1.RX,uart,remap-7,2,4,confirmed
CH32V007,PB6,USART2.CTS,uart,remap-4,2,4,confirmed
CH32V007,PC0,CMP1.OUT0,analog,default,4,4,confirmed
CH32V007,PC0,SPI1.MOSI,spi,remap-3,4,4,confirmed
CH32V007,PC0,SPI1.NSS,spi,remap-1,4,4,confirmed
CH32V007,PC0,TIM1.CH1N,timer,remap-7;remap-9,4,4,confirmed
CH32V007,PC0,TIM1.CH3,timer,remap-2,4,4,confirmed
CH32V007,PC0,TIM2.CH1_ETR,timer,remap-4,4,4,confirmed
CH32V007,PC0,TIM2.CH3,timer,default;remap-1,4,4,confirmed
CH32V007,PC0,USART1.TX,uart,remap-3,4,4,confirmed
CH32V007,PC1,I2C1.SDA,i2c,default,4,4,confirmed
CH32V007,PC1,SPI1.NSS,spi,default;remap-5,4,4,confirmed
CH32V007,PC1,TIM1.BKIN,timer,remap-2;remap-3,4,4,confirmed
CH32V007,PC1,TIM1.CH2N,timer,remap-7;remap-9,4,4,confirmed
CH32V007,PC1,TIM2.CH1_ETR,timer,remap-1;remap-3,4,4,confirmed
CH32V007,PC1,TIM2.CH2,timer,remap-4,4,4,confirmed
CH32V007,PC1,TIM2.CH4,timer,remap-2,4,4,confirmed
CH32V007,PC1,USART1.RX,uart,remap-3,4,4,confirmed
CH32V007,PC2,ADC1.RETR,analog,remap-1,4,4,confirmed
CH32V007,PC2,CMP1.N0,analog,default,4,4,confirmed
CH32V007,PC2,I2C1.SCL,i2c,default,4,4,confirmed
CH32V007,PC2,TIM1.BKIN,timer,default;remap-1,4,4,confirmed
CH32V007,PC2,TIM1.CH3N,timer,remap-7;remap-9,4,4,confirmed
CH32V007,PC2,TIM1.ETR,timer,remap-3,4,4,confirmed
CH32V007,PC2,USART1.RTS,uart,default;remap-2,4,4,confirmed
CH32V007,PC3,TIM1.CH1N,timer,remap-2;remap-3,2,4,confirmed
CH32V007,PC3,TIM1.CH3,timer,default;remap-1;remap-5,2,4,confirmed
CH32V007,PC3,TIM2.CH3,timer,remap-4,2,4,confirmed
CH32V007,PC3,USART1.CTS,uart,remap-2,2,4,confirmed
CH32V007,PC4,ADC1.IN2,analog,default,4,4,confirmed
CH32V007,PC4,I2C1.SDA,i2c,remap-2,4,4,confirmed
CH32V007,PC4,RCC.MCO,clock,default,4,4,confirmed
CH32V007,PC4,SPI1.NSS,spi,remap-2;remap-6,4,4,confirmed
CH32V007,PC4,TIM1.CH1,timer,remap-3;remap-7;remap-8,4,4,confirmed
CH32V007,PC4,TIM1.CH2N,timer,remap-2,4,4,confirmed
CH32V007,PC4,TIM1.CH4,timer,default;remap-1,4,4,confirmed
CH32V007,PC4,USART1.RX,uart,remap-9,4,4,confirmed
CH32V007,PC4,USART2.TX,uart,remap-5,4,4,confirmed
CH32V007,PC5,CMP1.P0,analog,default,4,4,confirmed
CH32V007,PC5,I2C1.SCL,i2c,remap-2,4,4,confirmed
CH32V007,PC5,SPI1.SCK,spi,default;remap-1,4,4,confirmed
CH32V007,PC5,TIM1.CH2,timer,remap-7;remap-8,4,4,confirmed
CH32V007,PC5,TIM1.CH3,timer,remap-3,4,4,confirmed
CH32V007,PC5,TIM1.ETR,timer,default;remap-2,4,4,confirmed
CH32V007,PC5,TIM2.CH1_ETR,timer,remap-2,4,4,confirmed
CH32V007,PC5,USART1.TX,uart,remap-6,4,4,confirmed
CH32V007,PC6,SPI1.MOSI,spi,default;remap-1,2,4,confirmed
CH32V007,PC6,TIM1.CH1,timer,remap-2,2,4,confirmed
CH32V007,PC6,TIM1.CH3,timer,remap-7;remap-8,2,4,confirmed
CH32V007,PC6,TIM1.CH3N,timer,remap-3,2,4,confirmed
CH32V007,PC6,USART1.CTS,uart,remap-1;remap-3,2,4,confirmed
CH32V007,PC6,USART1.RX,uart,remap-6,2,4,confirmed
CH32V007,PC7,SPI1.MISO,spi,default;remap-1;remap-6,2,4,confirmed
CH32V007,PC7,TIM1.CH2,timer,remap-2;remap-3,2,4,confirmed
CH32V007,PC7,TIM1.CH4,timer,remap-7;remap-8,2,4,confirmed
CH32V007,PC7,TIM2.CH2,timer,remap-3,2,4,confirmed
CH32V007,PC7,USART1.CTS,uart,remap-6;remap-7,2,4,confirmed
CH32V007,PC7,USART1.RTS,uart,remap-1;remap-3,2,4,confirmed
CH32V007,PD0,I2C1.SDA,i2c,remap-1,4,4,confirmed
CH32V007,PD0,OPA.N1,analog,default,4,4,confirmed
CH32V007,PD0,TIM1.CH1N,timer,default;remap-1,4,4,confirmed
CH32V007,PD0,TIM1.CH3N,timer,remap-4;remap-5;remap-6,4,4,confirmed
CH32V007,PD0,USART1.TX,uart,remap-2,4,4,confirmed
CH32V007,PD1,ADC1.IETR,analog,default,4,4,confirmed
CH32V007,PD1,I2C1.SCL,i2c,remap-1,4,4,confirmed
CH32V007,PD1,I2C1.SDA,i2c,remap-4,4,4,confirmed
CH32V007,PD1,OPA.P3,analog,default,4,4,confirmed
CH32V007,PD1,TIM1.CH3N,timer,default;remap-1;remap-2,4,4,confirmed
CH32V007,PD1,TIM1.CH4,timer,remap-4;remap-5,4,4,confirmed
CH32V007,PD1,USART1.RX,uart,remap-2;remap-5,4,4,confirmed
CH32V007,PD1,USART1.TX,uart,remap-4,4,4,confirmed
CH32V007,PD1,USART2.RX,uart,remap-5,4,4,confirmed
CH32V007,PD2,ADC1.IN3,analog,default,4,4,confirmed
CH32V007,PD2,CMP1.P2,analog,default,4,4,confirmed
CH32V007,PD2,SPI1.SCK,spi,remap-2,4,4,confirmed
CH32V007,PD2,TIM1.CH1,timer,default;remap-1,4,4,confirmed
CH32V007,PD2,TIM1.CH2N,timer,remap-3,4,4,confirmed
CH32V007,PD2,TIM2.CH3,timer,remap-2,4,4,confirmed
CH32V007,PD2,USART1.CTS,uart,remap-8,4,4,confirmed
CH32V007,PD2,USART2.TX,uart,remap-3,4,4,confirmed
CH32V007,PD3,ADC1.IN4,analog,default,4,4,confirmed
CH32V007,PD3,ADC1.RETR,analog,default,4,4,confirmed
CH32V007,PD3,OPA.P2,analog,default,4,4,confirmed
CH32V007,PD3,SPI1.MOSI,spi,remap-2,4,4,confirmed
CH32V007,PD3,SPI1.NSS,spi,remap-4,4,4,confirmed
CH32V007,PD3,TIM1.CH4,timer,remap-2,4,4,confirmed
CH32V007,PD3,TIM2.CH1_ETR,timer,remap-7,4,4,confirmed
CH32V007,PD3,TIM2.CH2,timer,default;remap-1,4,4,confirmed
CH32V007,PD3,USART1.CTS,uart,default,4,4,confirmed
CH32V007,PD3,USART1.RTS,uart,remap-8,4,4,confirmed
CH32V007,PD3,USART2.RX,uart,remap-3,4,4,confirmed
CH32V007,PD4,ADC1.IN7,analog,default,4,4,confirmed
CH32V007,PD4,OPA.OUT0,analog,default,4,4,confirmed
CH32V007,PD4,SPI1.SCK,spi,remap-4,4,4,confirmed
CH32V007,PD4,TIM1.CH4,timer,remap-3,4,4,confirmed
CH32V007,PD4,TIM1.ETR,timer,remap-1;remap-4;remap-5;remap-6,4,4,confirmed
CH32V007,PD4,TIM2.CH1_ETR,timer,default,4,4,confirmed
CH32V007,PD4,TIM2.CH2,timer,remap-7,4,4,confirmed
CH32V007,PD4,USART1.RTS,uart,remap-9,4,4,confirmed
CH32V007,PD5,ADC1.IN5,analog,default,4,4,confirmed
CH32V007,PD5,CMP1.N1,analog,default,4,4,confirmed
CH32V007,PD5,SPI1.MISO,spi,remap-4,4,4,confirmed
CH32V007,PD5,TIM2.CH4,timer,remap-3,4,4,confirmed
CH32V007,PD5,USART1.CTS,uart,remap-9,4,4,confirmed
CH32V007,PD5,USART1.RX,uart,remap-1,4,4,confirmed
CH32V007,PD5,USART1.TX,uart,default,4,4,confirmed
CH32V007,PD6,ADC1.IN6,analog,default,4,4,confirmed
CH32V007,PD6,SPI1.MOSI,spi,remap-4,4,4,confirmed
CH32V007,PD6,TIM2.CH3,timer,remap-3,4,4,confirmed
CH32V007,PD6,USART1.RX,uart,default,4,4,confirmed
CH32V007,PD6,USART1.TX,uart,remap-1,4,4,confirmed
CH32V007,PD7,OPA.P1,analog,default,4,4,confirmed
CH32V007,PD7,TIM2.CH4,timer,default;remap-1,4,4,confirmed
CH32V007,PD7,USART1.CTS,uart,remap-4;remap-5,4,4,confirmed
CH32V103,PA0-WKUP,ADC1.IN0,analog,default,4,4,confirmed
CH32V103,PA0-WKUP,TIM2.CH1,timer,default,4,4,confirmed
CH32V103,PA0-WKUP,TIM2.ETR,timer,default,4,4,confirmed
CH32V103,PA0-WKUP,USART2.CTS,uart,default,4,4,confirmed
CH32V103,PA1,ADC1.IN1,analog,default,4,4,confirmed
CH32V103,PA1,TIM2.CH2,timer,default,4,4,confirmed
CH32V103,PA1,USART2.RTS,uart,default,4,4,confirmed
CH32V103,PA10,TIM1.CH3,timer,default,4,4,confirmed
CH32V103,PA10,USART1.RX,uart,default,4,4,confirmed
CH32V103,PA11,TIM1.CH4,timer,default,4,4,confirmed
CH32V103,PA11,USART1.CTS,uart,default,4,4,confirmed
CH32V103,PA12,TIM1.ETR,timer,default,4,4,confirmed
CH32V103,PA12,USART1.RTS,uart,default,4,4,confirmed
CH32V103,PA15,SPI1.NSS,spi,remap-1,4,4,confirmed
CH32V103,PA15,TIM2.CH1,timer,remap-1,4,4,confirmed
CH32V103,PA15,TIM2.ETR,timer,remap-1,4,4,confirmed
CH32V103,PA2,ADC1.IN2,analog,default,4,4,confirmed
CH32V103,PA2,TIM2.CH3,timer,default,4,4,confirmed
CH32V103,PA2,USART2.TX,uart,default,4,4,confirmed
CH32V103,PA3,ADC1.IN3,analog,default,4,4,confirmed
CH32V103,PA3,TIM2.CH4,timer,default,4,4,confirmed
CH32V103,PA3,USART2.RX,uart,default,4,4,confirmed
CH32V103,PA4,ADC1.IN4,analog,default,4,4,confirmed
CH32V103,PA4,SPI1.NSS,spi,default,4,4,confirmed
CH32V103,PA4,USART2.CK,uart,default,4,4,confirmed
CH32V103,PA5,ADC1.IN5,analog,default,4,4,confirmed
CH32V103,PA5,SPI1.SCK,spi,default,4,4,confirmed
CH32V103,PA6,ADC1.IN6,analog,default,4,4,confirmed
CH32V103,PA6,SPI1.MISO,spi,default,4,4,confirmed
CH32V103,PA6,TIM1.BKIN,timer,remap-1,4,4,confirmed
CH32V103,PA6,TIM3.CH1,timer,default,4,4,confirmed
CH32V103,PA7,ADC1.IN7,analog,default,4,4,confirmed
CH32V103,PA7,SPI1.MOSI,spi,default,4,4,confirmed
CH32V103,PA7,TIM1.CH1N,timer,remap-1,4,4,confirmed
CH32V103,PA7,TIM3.CH2,timer,default,4,4,confirmed
CH32V103,PA8,RCC.MCO,clock,default,4,4,confirmed
CH32V103,PA8,TIM1.CH1,timer,default,4,4,confirmed
CH32V103,PA8,USART1.CK,uart,default,4,4,confirmed
CH32V103,PA9,TIM1.CH2,timer,default,4,4,confirmed
CH32V103,PA9,USART1.TX,uart,default,4,4,confirmed
CH32V103,PB0,ADC1.IN8,analog,default,4,4,confirmed
CH32V103,PB0,TIM1.CH2N,timer,remap-1,4,4,confirmed
CH32V103,PB0,TIM3.CH3,timer,default,4,4,confirmed
CH32V103,PB1,ADC1.IN9,analog,default,4,4,confirmed
CH32V103,PB1,TIM1.CH3N,timer,remap-1,4,4,confirmed
CH32V103,PB1,TIM3.CH4,timer,default,4,4,confirmed
CH32V103,PB10,I2C2.SCL,i2c,default,3,4,confirmed
CH32V103,PB10,TIM2.CH3,timer,remap-1,4,4,confirmed
CH32V103,PB10,USART3.TX,uart,default,3,4,confirmed
CH32V103,PB11,I2C2.SDA,i2c,default,3,4,confirmed
CH32V103,PB11,TIM2.CH4,timer,remap-1,4,4,confirmed
CH32V103,PB11,USART3.RX,uart,default,3,4,confirmed
CH32V103,PB12,I2C2.SMBAI,i2c,default,3,4,confirmed
CH32V103,PB12,SPI2.NSS,spi,default,3,4,confirmed
CH32V103,PB12,TIM1.BKIN,timer,default,4,4,confirmed
CH32V103,PB12,USART3.CK,uart,default,3,4,confirmed
CH32V103,PB13,SPI2.SCK,spi,default,3,4,confirmed
CH32V103,PB13,TIM1.CH1N,timer,default,4,4,confirmed
CH32V103,PB13,USART3.CTS,uart,default,3,4,confirmed
CH32V103,PB14,SPI2.MISO,spi,default,3,4,confirmed
CH32V103,PB14,TIM1.CH2N,timer,default,4,4,confirmed
CH32V103,PB14,USART3.RTS,uart,default,3,4,confirmed
CH32V103,PB15,SPI2.MOSI,spi,default,3,4,confirmed
CH32V103,PB15,TIM1.CH3N,timer,default,4,4,confirmed
CH32V103,PB3,SPI1.SCK,spi,remap-1,4,4,confirmed
CH32V103,PB3,TIM2.CH2,timer,remap-1,4,4,confirmed
CH32V103,PB4,SPI1.MISO,spi,remap-1,4,4,confirmed
CH32V103,PB4,TIM3.CH1,timer,remap-2,4,4,conflict
CH32V103,PB5,I2C1.SMBAI,i2c,default,4,4,confirmed
CH32V103,PB5,SPI1.MOSI,spi,remap-1,4,4,confirmed
CH32V103,PB5,TIM3.CH2,timer,remap-2,4,4,conflict
CH32V103,PB6,I2C1.SCL,i2c,default,4,4,confirmed
CH32V103,PB6,TIM4.CH1,timer,default,3,4,confirmed
CH32V103,PB6,USART1.TX,uart,remap-1,4,4,confirmed
CH32V103,PB7,I2C1.SDA,i2c,default,4,4,confirmed
CH32V103,PB7,TIM4.CH2,timer,default,3,4,confirmed
CH32V103,PB7,USART1.RX,uart,remap-1,4,4,confirmed
CH32V103,PB8,I2C1.SCL,i2c,remap-1,4,4,confirmed
CH32V103,PB8,TIM4.CH3,timer,default,3,4,confirmed
CH32V103,PB9,I2C1.SDA,i2c,remap-1,4,4,confirmed
CH32V103,PB9,TIM4.CH4,timer,default,3,4,confirmed
CH32V103,PC0,ADC1.IN10,analog,default,1,4,confirmed
CH32V103,PC1,ADC1.IN11,analog,default,1,4,confirmed
CH32V103,PC10,USART3.TX,uart,remap-1,1,4,confirmed
CH32V103,PC11,USART3.RX,uart,remap-1,1,4,confirmed
CH32V103,PC12,USART3.CK,uart,remap-1,1,4,confirmed
CH32V103,PC2,ADC1.IN12,analog,default,1,4,confirmed
CH32V103,PC3,ADC1.IN13,analog,default,1,4,confirmed
CH32V103,PC4,ADC1.IN14,analog,default,1,4,confirmed
CH32V103,PC5,ADC1.IN15,analog,default,1,4,confirmed
CH32V103,PC6,TIM3.CH1,timer,remap-3,1,4,conflict
CH32V103,PC7,TIM3.CH2,timer,remap-3,1,4,conflict
CH32V103,PC8,TIM3.CH3,timer,remap-3,1,4,conflict
CH32V103,PC9,TIM3.CH4,timer,remap-3,1,4,conflict
CH32V103,PD2,TIM3.ETR,timer,default,1,4,confirmed
CH32V203,PA0-WKUP,ADC1.IN0,analog,default,13,13,confirmed
CH32V203,PA0-WKUP,TIM1.ETR,timer,af-0,1,13,confirmed
CH32V203,PA0-WKUP,TIM2.CH1,timer,default;remap-2,12,13,confirmed
CH32V203,PA0-WKUP,TIM2.CH1_ETR,timer,af-1,1,13,confirmed
CH32V203,PA0-WKUP,TIM2.ETR,timer,default;remap-2,12,13,confirmed
CH32V203,PA0-WKUP,TIM5.CH1,timer,default,1,13,confirmed
CH32V203,PA0-WKUP,USART2.CTS,uart,af-2;default,13,13,confirmed
CH32V203,PA1,ADC1.IN1,analog,default,13,13,confirmed
CH32V203,PA1,TIM2.CH2,timer,af-1;default;remap-2,13,13,confirmed
CH32V203,PA1,TIM5.CH2,timer,default,1,13,confirmed
CH32V203,PA1,USART2.RTS,uart,af-2;default,13,13,confirmed
CH32V203,PA10,TIM1.CH3,timer,af-0;default;remap-1,12,13,confirmed
CH32V203,PA10,USART1.CK,uart,af-3,1,13,confirmed
CH32V203,PA10,USART1.RX,uart,af-2;default,12,13,confirmed
CH32V203,PA11,TIM1.CH4,timer,af-0;default;remap-1,12,13,confirmed
CH32V203,PA11,USART1.CTS,uart,af-2;default;remap-1,12,13,confirmed
CH32V203,PA11,USART1.TX,uart,af-3,1,13,confirmed
CH32V203,PA12,CMP2.OUT,analog,af-1,1,13,confirmed
CH32V203,PA12,TIM1.ETR,timer,af-0;default;remap-1,12,13,confirmed
CH32V203,PA12,USART1.RTS,uart,af-2;default;remap-1,12,13,confirmed
CH32V203,PA12,USART6.TX,uart,af-3,1,13,confirmed
CH32V203,PA13,I2C1.SDA,i2c,af-7,1,13,confirmed
CH32V203,PA13,TIM1.CH1N,timer,af-0,1,13,confirmed
CH32V203,PA13,TIM2.CH3,timer,af-1,1,13,confirmed
CH32V203,PA13,USART3.TX,uart,af-2,1,13,confirmed
CH32V203,PA14,I2C1.SCL,i2c,af-7,1,13,confirmed
CH32V203,PA14,TIM1.CH2N,timer,af-0,1,13,confirmed
CH32V203,PA14,TIM2.CH4,timer,af-1,1,13,confirmed
CH32V203,PA14,USART3.RX,uart,af-3,1,13,confirmed
CH32V203,PA14,USART4.TX,uart,af-4,1,13,confirmed
CH32V203,PA14,USART8.TX,uart,af-2,1,13,confirmed
CH32V203,PA15,SPI1.NSS,spi,af-5;remap-1,9,13,confirmed
CH32V203,PA15,TIM1.CH3N,timer,af-0,1,13,confirmed
CH32V203,PA15,TIM2.CH1,timer,remap-1;remap-3,8,13,confirmed
CH32V203,PA15,TIM2.CH1_ETR,timer,af-1,1,13,confirmed
CH32V203,PA15,TIM2.ETR,timer,remap-1;remap-3,8,13,confirmed
CH32V203,PA15,USART4.RTS,uart,remap-1,6,13,confirmed
CH32V203,PA15,USART4.RX,uart,af-4,1,13,confirmed
CH32V203,PA15,USART8.CK,uart,af-3,1,13,confirmed
CH32V203,PA15,USART8.RX,uart,af-2,1,13,confirmed
CH32V203,PA2,ADC1.IN2,analog,default,13,13,confirmed
CH32V203,PA2,CMP1.CHP0,analog,default,1,13,confirmed
CH32V203,PA2,OPA2.OUT0,analog,default,12,13,confirmed
CH32V203,PA2,OPA2.OUT2,analog,default,1,13,confirmed
CH32V203,PA2,TIM2.CH3,timer,af-1;default;remap-1,13,13,confirmed
CH32V203,PA2,TIM5.CH3,timer,default,1,13,confirmed
CH32V203,PA2,USART2.TX,uart,af-2;default,13,13,confirmed
CH32V203,PA3,ADC1.IN3,analog,default,13,13,confirmed
CH32V203,PA3,OPA1.OUT0,analog,default,12,13,confirmed
CH32V203,PA3,OPA1.OUT2,analog,default,1,13,confirmed
CH32V203,PA3,TIM2.CH4,timer,af-1;default;remap-1,13,13,confirmed
CH32V203,PA3,TIM5.CH4,timer,default,1,13,confirmed
CH32V203,PA3,USART2.RX,uart,af-2;default,13,13,confirmed
CH32V203,PA4,ADC1.IN4,analog,default,13,13,confirmed
CH32V203,PA4,OPA2.OUT1,analog,default,13,13,confirmed
CH32V203,PA4,SPI1.NSS,spi,af-5;default,13,13,confirmed
CH32V203,PA4,USART2.CK,uart,af-2;default,13,13,confirmed
CH32V203,PA5,ADC1.IN5,analog,default,13,13,confirmed
CH32V203,PA5,OPA2.CH1N,analog,default,12,13,confirmed
CH32V203,PA5,OPA2.CHN1,analog,default,1,13,confirmed
CH32V203,PA5,SPI1.SCK,spi,af-5;default,13,13,confirmed
CH32V203,PA5,USART1.CK,uart,af-3,1,13,confirmed
CH32V203,PA5,USART1.CTS,uart,af-2,1,13,confirmed
CH32V203,PA5,USART4.TX,uart,remap-1,7,13,confirmed
CH32V203,PA5,USART7.CK,uart,af-4,1,13,confirmed
CH32V203,PA6,ADC1.IN6,analog,default,13,13,confirmed
CH32V203,PA6,OPA1.CH1N,analog,default,12,13,confirmed
CH32V203,PA6,OPA1.CHN1,analog,default,1,13,confirmed
CH32V203,PA6,SPI1.MISO,spi,af-5;default,13,13,confirmed
CH32V203,PA6,TIM1.BK,timer,af-0,1,13,confirmed
CH32V203,PA6,TIM1.BKIN,timer,remap-1,12,13,confirmed
CH32V203,PA6,TIM3.CH1,timer,af-1;default,13,13,confirmed
CH32V203,PA6,USART1.TX,uart,af-2,1,13,confirmed
CH32V203,PA6,USART4.CK,uart,remap-1,7,13,confirmed
CH32V203,PA6,USART7.CTS,uart,af-4,1,13,confirmed
CH32V203,PA6,USART7.TX,uart,af-3,1,13,confirmed
CH32V203,PA7,ADC1.IN7,analog,default,13,13,confirmed
CH32V203,PA7,OPA2.CH1P,analog,default,12,13,confirmed
CH32V203,PA7,OPA2.CHP1,analog,default,1,13,confirmed
CH32V203,PA7,SPI1.MOSI,spi,af-5;default,13,13,confirmed
CH32V203,PA7,TIM1.CH1N,timer,af-0;remap-1,13,13,confirmed
CH32V203,PA7,TIM3.CH2,timer,af-1;default,13,13,confirmed
CH32V203,PA7,USART1.RX,uart,af-2,1,13,confirmed
CH32V203,PA7,USART4.CTS,uart,remap-1,7,13,confirmed
CH32V203,PA7,USART7.RTS,uart,af-4,1,13,confirmed
CH32V203,PA7,USART7.RX,uart,af-3,1,13,confirmed
CH32V203,PA8,CMP2.CHP1,analog,default,1,13,confirmed
CH32V203,PA8,RCC.MCO,clock,af-6;default,11,13,confirmed
CH32V203,PA8,TIM1.CH1,timer,af-0;default;remap-1,11,13,confirmed
CH32V203,PA8,USART1.CK,uart,af-2;default;remap-1,11,13,confirmed
CH32V203,PA8,USART1.RX,uart,af-3,1,13,confirmed
CH32V203,PA9,CMP2.CHN0,analog,default,1,13,confirmed
CH32V203,PA9,TIM1.CH2,timer,af-0;default;remap-1,12,13,confirmed
CH32V203,PA9,USART1.RTS,uart,af-3,1,13,confirmed
CH32V203,PA9,USART1.TX,uart,af-2;default,12,13,confirmed
CH32V203,PB0,ADC1.IN8,analog,default,12,13,confirmed
CH32V203,PB0,OPA1.CH1P,analog,default,11,13,confirmed
CH32V203,PB0,OPA1.CHP1,analog,default,1,13,confirmed
CH32V203,PB0,TIM1.CH2N,timer,af-0;remap-1,12,13,confirmed
CH32V203,PB0,TIM3.CH3,timer,af-1;default;remap-2,12,13,confirmed
CH32V203,PB0,USART4.TX,uart,af-2;default;remap-1,9,13,confirmed
CH32V203,PB0,USART8.CTS,uart,af-3,1,13,confirmed
CH32V203,PB1,ADC1.IN9,analog,default,12,13,confirmed
CH32V203,PB1,CMP1.CHN0,analog,default,1,13,confirmed
CH32V203,PB1,OPA1.OUT1,analog,default,12,13,confirmed
CH32V203,PB1,TIM1.CH3N,timer,af-0;remap-1,12,13,confirmed
CH32V203,PB1,TIM3.CH4,timer,af-1;default;remap-2,12,13,confirmed
CH32V203,PB1,USART4.RX,uart,af-2;default;remap-1,9,13,confirmed
CH32V203,PB1,USART8.RTS,uart,af-3,1,13,confirmed
CH32V203,PB10,I2C2.SCL,i2c,af-7;default,7,13,confirmed
CH32V203,PB10,OPA2.CH0N,analog,default,7,13,confirmed
CH32V203,PB10,OPA2.CHN0,analog,default,1,13,confirmed
CH32V203,PB10,TIM2.CH3,timer,af-1;remap-2;remap-3,8,13,confirmed
CH32V203,PB10,USART3.TX,uart,af-2;default,7,13,confirmed
CH32V203,PB11,CMP2.CHN1,analog,default,1,13,confirmed
CH32V203,PB11,I2C2.SDA,i2c,af-7;default,7,13,confirmed
CH32V203,PB11,OPA1.CH0N,analog,default,7,13,confirmed
CH32V203,PB11,OPA1.CHN0,analog,default,1,13,confirmed
CH32V203,PB11,TIM2.CH4,timer,af-1;remap-2;remap-3,8,13,confirmed
CH32V203,PB11,USART3.RX,uart,af-2;default,7,13,confirmed
CH32V203,PB12,CMP1.OUT,analog,af-1,1,13,confirmed
CH32V203,PB12,I2C2.SMBA,i2c,af-7;default,6,13,confirmed
CH32V203,PB12,OPA1.CHP2,analog,default,1,13,confirmed
CH32V203,PB12,SPI2.NSS,spi,af-5;default,6,13,confirmed
CH32V203,PB12,TIM1.BK,timer,af-0,1,13,confirmed
CH32V203,PB12,TIM1.BKIN,timer,default,6,13,confirmed
CH32V203,PB12,USART3.CK,uart,af-2;default,6,13,confirmed
CH32V203,PB12,USART4.CTS,uart,af-3,1,13,confirmed
CH32V203,PB13,OPA1.CHNVB,analog,default,1,13,confirmed
CH32V203,PB13,SPI2.SCK,spi,af-5;default,6,13,confirmed
CH32V203,PB13,TIM1.CH1N,timer,af-0;default,8,13,confirmed
CH32V203,PB13,USART3.CTS,uart,af-2;default;remap-1,6,13,confirmed
CH32V203,PB14,OPA2.CH0P,analog,default,8,13,confirmed
CH32V203,PB14,OPA2.CHP0,analog,default,1,13,confirmed
CH32V203,PB14,SPI2.MISO,spi,af-5;default,7,13,confirmed
CH32V203,PB14,TIM1.CH2N,timer,af-0;default,9,13,confirmed
CH32V203,PB14,USART3.RTS,uart,af-2;default;remap-1,7,13,confirmed
CH32V203,PB15,OPA1.CH0P,analog,default,9,13,confirmed
CH32V203,PB15,OPA2.CHNVB,analog,default,1,13,confirmed
CH32V203,PB15,SPI2.MOSI,spi,af-5;default,8,13,confirmed
CH32V203,PB15,TIM1.CH3N,timer,af-0;default,10,13,confirmed
CH32V203,PB15,USART1.TX,uart,af-2,1,13,confirmed
CH32V203,PB15,USART4.RTS,uart,af-3,1,13,confirmed
CH32V203,PB15,USART6.CK,uart,af-4,1,13,confirmed
CH32V203,PB2,CMP1.CHP1,analog,default,1,13,confirmed
CH32V203,PB2,USART4.CK,uart,default,5,13,confirmed
CH32V203,PB2,USART5.TX,uart,af-3,1,13,confirmed
CH32V203,PB3,CMP1.CHN1,analog,default,1,13,confirmed
CH32V203,PB3,SPI1.SCK,spi,af-5;remap-1,9,13,confirmed
CH32V203,PB3,TIM2.CH2,timer,af-1;remap-1;remap-3,9,13,confirmed
CH32V203,PB3,USART4.CTS,uart,default,6,13,confirmed
CH32V203,PB3,USART5.RX,uart,af-3,1,13,confirmed
CH32V203,PB4,SPI1.MISO,spi,af-5;remap-1,9,13,confirmed
CH32V203,PB4,TIM3.CH1,timer,af-1;remap-2,9,13,confirmed
CH32V203,PB4,USART1.RTS,uart,af-4,1,13,confirmed
CH32V203,PB4,USART4.RTS,uart,default,6,13,confirmed
CH32V203,PB4,USART5.CTS,uart,af-3,1,13,confirmed
CH32V203,PB4,USART5.TX,uart,af-2,1,13,confirmed
CH32V203,PB5,I2C1.SMBA,i2c,af-7;default,10,13,confirmed
CH32V203,PB5,OPA1.CHP0,analog,default,1,13,confirmed
CH32V203,PB5,SPI1.MOSI,spi,af-5;remap-1,9,13,confirmed
CH32V203,PB5,TIM3.CH2,timer,af-1;remap-2,10,13,confirmed
CH32V203,PB5,USART1.CTS,uart,af-4,1,13,confirmed
CH32V203,PB5,USART4.RX,uart,remap-1,6,13,confirmed
CH32V203,PB5,USART5.RTS,uart,af-3,1,13,confirmed
CH32V203,PB5,USART5.RX,uart,af-2,1,13,confirmed
CH32V203,PB6,I2C1.SCL,i2c,af-7;default,11,13,confirmed
CH32V203,PB6,TIM1.CH1,timer,af-0,1,13,confirmed
CH32V203,PB6,TIM4.CH1,timer,af-1;default,11,13,confirmed
CH32V203,PB6,USART1.TX,uart,af-2;remap-1,11,13,confirmed
CH32V203,PB7,I2C1.SDA,i2c,af-7;default,11,13,confirmed
CH32V203,PB7,TIM1.CH2,timer,af-0,1,13,confirmed
CH32V203,PB7,TIM4.CH2,timer,af-1;default,11,13,confirmed
CH32V203,PB7,USART1.RX,uart,af-2;remap-1,11,13,confirmed
CH32V203,PB8,CMP2.CHP0,analog,default,1,13,confirmed
CH32V203,PB8,I2C1.SCL,i2c,af-7;remap-1,11,13,confirmed;reference
CH32V203,PB8,TIM1.CH3,timer,af-0,1,13,confirmed
CH32V203,PB8,TIM4.CH3,timer,af-1;default,9,13,confirmed
CH32V203,PB8,USART4.RTS,uart,af-3,1,13,confirmed
CH32V203,PB8,USART6.RTS,uart,af-4,1,13,confirmed
CH32V203,PB8,USART6.TX,uart,af-2,1,13,confirmed
CH32V203,PB9,I2C1.SDA,i2c,af-7;remap-1,7,13,confirmed
CH32V203,PB9,TIM1.BK,timer,af-0,1,13,confirmed
CH32V203,PB9,TIM4.CH4,timer,af-1;default,7,13,confirmed
CH32V203,PB9,USART4.CTS,uart,af-3,1,13,confirmed
CH32V203,PB9,USART6.CTS,uart,af-4,1,13,confirmed
CH32V203,PB9,USART6.RX,uart,af-2,1,13,confirmed
CH32V203,PC0,ADC1.IN10,analog,default,1,13,confirmed
CH32V203,PC1,ADC1.IN11,analog,default,1,13,confirmed
CH32V203,PC10,USART3.TX,uart,remap-1,1,13,confirmed
CH32V203,PC10,USART4.TX,uart,default,1,13,confirmed
CH32V203,PC11,USART3.RX,uart,remap-1,1,13,confirmed
CH32V203,PC11,USART4.RX,uart,default,1,13,confirmed
CH32V203,PC12,USART3.CK,uart,remap-1,1,13,confirmed
CH32V203,PC13-TAMPER-RTC,I2C2.SCL,i2c,af-7,1,13,confirmed
CH32V203,PC13-TAMPER-RTC,TIM1.CH4,timer,af-0,1,13,confirmed
CH32V203,PC14-OSC32_IN,I2C2.SDA,i2c,af-7,1,13,confirmed
CH32V203,PC15-OSC32_OUT,I2C2.SMBA,i2c,af-7,1,13,confirmed
CH32V203,PC2,ADC1.IN12,analog,default,1,13,confirmed
CH32V203,PC3,ADC1.IN13,analog,default,1,13,confirmed
CH32V203,PC4,ADC1.IN14,analog,default,1,13,confirmed
CH32V203,PC5,ADC1.IN15,analog,default,1,13,confirmed
CH32V203,PC6,TIM3.CH1,timer,remap-3,1,13,confirmed
CH32V203,PC7,TIM3.CH2,timer,remap-3,1,13,confirmed
CH32V203,PC8,TIM3.CH3,timer,remap-3,1,13,confirmed
CH32V203,PC9,TIM3.CH4,timer,remap-3,1,13,confirmed
CH32V203,PD0,USART4.CK,uart,af-3,1,13,confirmed
CH32V203,PD1,USART8.CK,uart,af-3,1,13,confirmed
CH32V203,PD2,TIM3.ETR,timer,default;remap-2;remap-3,1,13,confirmed
CH32V205,PA0-WKUP,ADC1.IN0,analog,default,3,3,confirmed
CH32V205,PA0-WKUP,TIM1.ETR,timer,af-0,3,3,confirmed
CH32V205,PA0-WKUP,TIM2.CH1_ETR,timer,af-1,3,3,confirmed
CH32V205,PA0-WKUP,USART2.CTS,uart,af-2,3,3,confirmed
CH32V205,PA1,ADC1.IN1,analog,default,3,3,confirmed
CH32V205,PA1,TIM2.CH2,timer,af-1,3,3,confirmed
CH32V205,PA1,USART2.RTS,uart,af-2,3,3,confirmed
CH32V205,PA10,TIM1.CH3,timer,af-0,3,3,confirmed
CH32V205,PA10,USART1.CK,uart,af-3,3,3,confirmed
CH32V205,PA10,USART1.RX,uart,af-2,3,3,confirmed
CH32V205,PA11,PIOC.IO0,pioc,af-4,3,3,confirmed
CH32V205,PA11,TIM1.CH4,timer,af-0,3,3,confirmed
CH32V205,PA11,USART1.CTS,uart,af-2,3,3,confirmed
CH32V205,PA11,USART1.TX,uart,af-3,3,3,confirmed
CH32V205,PA12,CMP2.OUT,analog,af-1,3,3,confirmed
CH32V205,PA12,PIOC.IO1,pioc,af-4,3,3,confirmed
CH32V205,PA12,TIM1.ETR,timer,af-0,3,3,confirmed
CH32V205,PA12,USART1.RTS,uart,af-2,3,3,confirmed
CH32V205,PA12,USART6.TX,uart,af-3,3,3,confirmed
CH32V205,PA13,I2C1.SDA,i2c,af-7,3,3,confirmed
CH32V205,PA13,TIM1.CH1N,timer,af-0,3,3,confirmed
CH32V205,PA13,TIM2.CH3,timer,af-1,3,3,confirmed
CH32V205,PA13,USART3.TX,uart,af-2,3,3,confirmed
CH32V205,PA14,I2C1.SCL,i2c,af-7,3,3,confirmed
CH32V205,PA14,TIM1.CH2N,timer,af-0,3,3,confirmed
CH32V205,PA14,TIM2.CH4,timer,af-1,3,3,confirmed
CH32V205,PA14,USART3.RX,uart,af-3,3,3,confirmed
CH32V205,PA14,USART4.TX,uart,af-4,3,3,confirmed
CH32V205,PA14,USART8.TX,uart,af-2,3,3,confirmed
CH32V205,PA15,SPI1.NSS,spi,af-5,3,3,confirmed
CH32V205,PA15,TIM1.CH3N,timer,af-0,3,3,confirmed
CH32V205,PA15,TIM2.CH1_ETR,timer,af-1,3,3,confirmed
CH32V205,PA15,USART4.RX,uart,af-4,3,3,confirmed
CH32V205,PA15,USART8.CK,uart,af-3,3,3,confirmed
CH32V205,PA15,USART8.RX,uart,af-2,3,3,confirmed
CH32V205,PA2,ADC1.IN2,analog,default,3,3,confirmed
CH32V205,PA2,CMP1.CHP0,analog,default,3,3,confirmed
CH32V205,PA2,OPA2.OUT2,analog,default,3,3,confirmed
CH32V205,PA2,TIM2.CH3,timer,af-1,3,3,confirmed
CH32V205,PA2,USART2.TX,uart,af-2,3,3,confirmed
CH32V205,PA3,ADC1.IN3,analog,default,3,3,confirmed
CH32V205,PA3,OPA1.OUT2,analog,default,3,3,confirmed
CH32V205,PA3,TIM2.CH4,timer,af-1,3,3,confirmed
CH32V205,PA3,USART2.RX,uart,af-2,3,3,confirmed
CH32V205,PA4,ADC1.IN4,analog,default,3,3,confirmed
CH32V205,PA4,OPA2.OUT1,analog,default,3,3,confirmed
CH32V205,PA4,SPI1.NSS,spi,af-5,3,3,confirmed
CH32V205,PA4,USART2.CK,uart,af-2,3,3,confirmed
CH32V205,PA5,ADC1.IN5,analog,default,3,3,confirmed
CH32V205,PA5,OPA2.CHN1,analog,default,3,3,confirmed
CH32V205,PA5,SPI1.SCK,spi,af-5,3,3,confirmed
CH32V205,PA5,USART1.CK,uart,af-3,3,3,confirmed
CH32V205,PA5,USART1.CTS,uart,af-2,3,3,confirmed
CH32V205,PA5,USART7.CK,uart,af-4,3,3,confirmed
CH32V205,PA6,ADC1.IN6,analog,default,3,3,confirmed
CH32V205,PA6,OPA1.CHN1,analog,default,3,3,confirmed
CH32V205,PA6,SPI1.MISO,spi,af-5,3,3,confirmed
CH32V205,PA6,TIM1.BK,timer,af-0,3,3,confirmed
CH32V205,PA6,TIM3.CH1,timer,af-1,3,3,confirmed
CH32V205,PA6,USART1.TX,uart,af-2,3,3,confirmed
CH32V205,PA6,USART7.CTS,uart,af-4,3,3,confirmed
CH32V205,PA6,USART7.TX,uart,af-3,3,3,confirmed
CH32V205,PA7,ADC1.IN7,analog,default,3,3,confirmed
CH32V205,PA7,OPA2.CHP1,analog,default,3,3,confirmed
CH32V205,PA7,SPI1.MOSI,spi,af-5,3,3,confirmed
CH32V205,PA7,TIM1.CH1N,timer,af-0,3,3,confirmed
CH32V205,PA7,TIM3.CH2,timer,af-1,3,3,confirmed
CH32V205,PA7,USART1.RX,uart,af-2,3,3,confirmed
CH32V205,PA7,USART7.RTS,uart,af-4,3,3,confirmed
CH32V205,PA7,USART7.RX,uart,af-3,3,3,confirmed
CH32V205,PA8,CMP2.CHP1,analog,default,3,3,confirmed
CH32V205,PA8,RCC.MCO,clock,af-6,3,3,confirmed
CH32V205,PA8,TIM1.CH1,timer,af-0,3,3,confirmed
CH32V205,PA8,USART1.CK,uart,af-2,3,3,confirmed
CH32V205,PA8,USART1.RX,uart,af-3,3,3,confirmed
CH32V205,PA9,CMP2.CHN0,analog,default,3,3,confirmed
CH32V205,PA9,TIM1.CH2,timer,af-0,3,3,confirmed
CH32V205,PA9,USART1.RTS,uart,af-3,3,3,confirmed
CH32V205,PA9,USART1.TX,uart,af-2,3,3,confirmed
CH32V205,PB0,ADC1.IN8,analog,default,3,3,confirmed
CH32V205,PB0,OPA1.CHP1,analog,default,3,3,confirmed
CH32V205,PB0,TIM1.CH2N,timer,af-0,3,3,confirmed
CH32V205,PB0,TIM3.CH3,timer,af-1,3,3,confirmed
CH32V205,PB0,USART4.TX,uart,af-2,3,3,confirmed
CH32V205,PB0,USART8.CTS,uart,af-3,3,3,confirmed
CH32V205,PB1,ADC1.IN9,analog,default,3,3,confirmed
CH32V205,PB1,CMP1.CHN0,analog,default,3,3,confirmed
CH32V205,PB1,OPA1.OUT1,analog,default,3,3,confirmed
CH32V205,PB1,TIM1.CH3N,timer,af-0,3,3,confirmed
CH32V205,PB1,TIM3.CH4,timer,af-1,3,3,confirmed
CH32V205,PB1,USART4.RX,uart,af-2,3,3,confirmed
CH32V205,PB1,USART8.RTS,uart,af-3,3,3,confirmed
CH32V205,PB10,I2C2.SCL,i2c,af-7,3,3,confirmed
CH32V205,PB10,OPA2.CHN0,analog,default,3,3,confirmed
CH32V205,PB10,PIOC.IO0,pioc,af-4,3,3,confirmed
CH32V205,PB10,TIM2.CH3,timer,af-1,3,3,confirmed
CH32V205,PB10,USART3.TX,uart,af-2,3,3,confirmed
CH32V205,PB11,CMP2.CHN1,analog,default,3,3,confirmed
CH32V205,PB11,I2C2.SDA,i2c,af-7,3,3,confirmed
CH32V205,PB11,OPA1.CHN0,analog,default,3,3,confirmed
CH32V205,PB11,PIOC.IO1,pioc,af-4,3,3,confirmed
CH32V205,PB11,TIM2.CH4,timer,af-1,3,3,confirmed
CH32V205,PB11,USART3.RX,uart,af-2,3,3,confirmed
CH32V205,PB12,CMP1.OUT,analog,af-1,3,3,confirmed
CH32V205,PB12,I2C2.SMBA,i2c,af-7,3,3,confirmed
CH32V205,PB12,OPA1.CHP2,analog,default,3,3,confirmed
CH32V205,PB12,SPI2.NSS,spi,af-5,3,3,confirmed
CH32V205,PB12,TIM1.BK,timer,af-0,3,3,confirmed
CH32V205,PB12,USART3.CK,uart,af-2,3,3,confirmed
CH32V205,PB12,USART4.CTS,uart,af-3,3,3,confirmed
CH32V205,PB13,OPA1.CHNVB,analog,default,3,3,confirmed
CH32V205,PB13,SPI2.SCK,spi,af-5,3,3,confirmed
CH32V205,PB13,TIM1.CH1N,timer,af-0,3,3,confirmed
CH32V205,PB13,USART3.CTS,uart,af-2,3,3,confirmed
CH32V205,PB14,OPA2.CHP0,analog,default,3,3,confirmed
CH32V205,PB14,SPI2.MISO,spi,af-5,3,3,confirmed
CH32V205,PB14,TIM1.CH2N,timer,af-0,3,3,confirmed
CH32V205,PB14,USART3.RTS,uart,af-2,3,3,confirmed
CH32V205,PB15,OPA2.CHNVB,analog,default,3,3,confirmed
CH32V205,PB15,SPI2.MOSI,spi,af-5,3,3,confirmed
CH32V205,PB15,TIM1.CH3N,timer,af-0,3,3,confirmed
CH32V205,PB15,USART1.TX,uart,af-2,3,3,confirmed
CH32V205,PB15,USART4.RTS,uart,af-3,3,3,confirmed
CH32V205,PB15,USART6.CK,uart,af-4,3,3,confirmed
CH32V205,PB2,CMP1.CHP1,analog,default,3,3,confirmed
CH32V205,PB2,USART5.TX,uart,af-3,3,3,confirmed
CH32V205,PB3,CMP1.CHN1,analog,default,3,3,confirmed
CH32V205,PB3,SPI1.SCK,spi,af-5,3,3,confirmed
CH32V205,PB3,TIM2.CH2,timer,af-1,3,3,confirmed
CH32V205,PB3,USART5.RX,uart,af-3,3,3,confirmed
CH32V205,PB4,SPI1.MISO,spi,af-5,3,3,confirmed
CH32V205,PB4,TIM3.CH1,timer,af-1,3,3,confirmed
CH32V205,PB4,USART1.RTS,uart,af-4,3,3,confirmed
CH32V205,PB4,USART5.CTS,uart,af-3,3,3,confirmed
CH32V205,PB4,USART5.TX,uart,af-2,3,3,confirmed
CH32V205,PB5,I2C1.SMBA,i2c,af-7,3,3,confirmed
CH32V205,PB5,OPA1.CHP0,analog,default,3,3,confirmed
CH32V205,PB5,SPI1.MOSI,spi,af-5,3,3,confirmed
CH32V205,PB5,TIM3.CH2,timer,af-1,3,3,confirmed
CH32V205,PB5,USART1.CTS,uart,af-4,3,3,confirmed
CH32V205,PB5,USART5.RTS,uart,af-3,3,3,confirmed
CH32V205,PB5,USART5.RX,uart,af-2,3,3,confirmed
CH32V205,PB6,I2C1.SCL,i2c,af-7,3,3,confirmed
CH32V205,PB6,TIM1.CH1,timer,af-0,3,3,confirmed
CH32V205,PB6,TIM4.CH1,timer,af-1,3,3,confirmed
CH32V205,PB6,USART1.TX,uart,af-2,3,3,confirmed
CH32V205,PB7,I2C1.SDA,i2c,af-7,3,3,confirmed
CH32V205,PB7,TIM1.CH2,timer,af-0,3,3,confirmed
CH32V205,PB7,TIM4.CH2,timer,af-1,3,3,confirmed
CH32V205,PB7,USART1.RX,uart,af-2,3,3,confirmed
CH32V205,PB8,CMP2.CHP0,analog,default,3,3,confirmed
CH32V205,PB8,I2C1.SCL,i2c,af-7,3,3,confirmed
CH32V205,PB8,TIM1.CH3,timer,af-0,3,3,confirmed
CH32V205,PB8,TIM4.CH3,timer,af-1,3,3,confirmed
CH32V205,PB8,USART4.RTS,uart,af-3,3,3,confirmed
CH32V205,PB8,USART6.RTS,uart,af-4,3,3,confirmed
CH32V205,PB8,USART6.TX,uart,af-2,3,3,confirmed
CH32V205,PB9,I2C1.SDA,i2c,af-7,3,3,confirmed
CH32V205,PB9,TIM1.BK,timer,af-0,3,3,confirmed
CH32V205,PB9,TIM4.CH4,timer,af-1,3,3,confirmed
CH32V205,PB9,USART4.CTS,uart,af-3,3,3,confirmed
CH32V205,PB9,USART6.CTS,uart,af-4,3,3,confirmed
CH32V205,PB9,USART6.RX,uart,af-2,3,3,confirmed
CH32V205,PC0,ADC1.IN10,analog,default,3,3,confirmed
CH32V205,PC0,USART6.TX,uart,af-2,3,3,confirmed
CH32V205,PC1,ADC1.IN11,analog,default,3,3,confirmed
CH32V205,PC1,USART6.RX,uart,af-2,3,3,confirmed
CH32V205,PC10,TIM1.CH1,timer,af-0,2,3,confirmed
CH32V205,PC10,USART3.TX,uart,af-2,2,3,confirmed
CH32V205,PC10,USART4.TX,uart,af-3,2,3,confirmed
CH32V205,PC11,TIM1.CH2,timer,af-0,2,3,confirmed
CH32V205,PC11,USART3.RX,uart,af-2,2,3,confirmed
CH32V205,PC11,USART4.RX,uart,af-3,2,3,confirmed
CH32V205,PC12,TIM1.CH3,timer,af-0,2,3,confirmed
CH32V205,PC12,USART3.CK,uart,af-2,2,3,confirmed
CH32V205,PC12,USART5.TX,uart,af-3,2,3,confirmed
CH32V205,PC12,USART8.RX,uart,af-4,2,3,confirmed
CH32V205,PC13-TAMPER-RTC,I2C2.SCL,i2c,af-7,2,3,confirmed
CH32V205,PC13-TAMPER-RTC,TIM1.CH4,timer,af-0,2,3,confirmed
CH32V205,PC14-OSC32_IN,I2C2.SDA,i2c,af-7,2,3,confirmed
CH32V205,PC15-OSC32_OUT,I2C2.SMBA,i2c,af-7,2,3,confirmed
CH32V205,PC2,ADC1.IN12,analog,default,3,3,confirmed
CH32V205,PC2,USART6.CTS,uart,af-4,3,3,confirmed
CH32V205,PC2,USART7.TX,uart,af-2,3,3,confirmed
CH32V205,PC3,ADC1.IN13,analog,default,3,3,confirmed
CH32V205,PC3,TIM1.CH1N,timer,af-0,3,3,confirmed
CH32V205,PC3,USART6.RTS,uart,af-4,3,3,confirmed
CH32V205,PC3,USART7.RX,uart,af-2,3,3,confirmed
CH32V205,PC4,ADC1.IN14,analog,default,3,3,confirmed
CH32V205,PC4,TIM1.CH2N,timer,af-0,3,3,confirmed
CH32V205,PC4,USART1.CTS,uart,af-2,3,3,confirmed
CH32V205,PC4,USART8.TX,uart,af-3,3,3,confirmed
CH32V205,PC5,ADC1.IN15,analog,default,3,3,confirmed
CH32V205,PC5,TIM1.CH3N,timer,af-0,3,3,confirmed
CH32V205,PC5,USART1.RTS,uart,af-2,3,3,confirmed
CH32V205,PC5,USART8.RX,uart,af-3,3,3,confirmed
CH32V205,PC6,TIM1.CH1,timer,af-0,3,3,confirmed
CH32V205,PC6,TIM3.CH1,timer,af-1,3,3,confirmed
CH32V205,PC6,USART7.TX,uart,af-4,3,3,confirmed
CH32V205,PC7,TIM1.CH2,timer,af-0,2,3,confirmed
CH32V205,PC7,TIM3.CH2,timer,af-1,2,3,confirmed
CH32V205,PC7,USART7.RX,uart,af-4,2,3,confirmed
CH32V205,PC8,TIM1.CH3,timer,af-0,2,3,confirmed
CH32V205,PC8,TIM3.CH3,timer,af-1,2,3,confirmed
CH32V205,PC8,USART5.CK,uart,af-4,2,3,confirmed
CH32V205,PC9,TIM1.CH4,timer,af-0,2,3,confirmed
CH32V205,PC9,TIM3.CH4,timer,af-1,2,3,confirmed
CH32V205,PC9,USART8.TX,uart,af-4,2,3,confirmed
CH32V205,PD0,USART4.CK,uart,af-3,3,3,confirmed;reference
CH32V205,PD1,USART8.CK,uart,af-3,3,3,confirmed
CH32V205,PD10,USART3.CK,uart,af-2,1,3,confirmed
CH32V205,PD11,USART3.CTS,uart,af-2,1,3,confirmed
CH32V205,PD12,TIM4.CH1,timer,af-1,1,3,confirmed
CH32V205,PD12,USART3.RTS,uart,af-2,1,3,confirmed
CH32V205,PD13,TIM4.CH2,timer,af-1,1,3,confirmed
CH32V205,PD14,TIM4.CH3,timer,af-1,1,3,confirmed
CH32V205,PD15,TIM4.CH4,timer,af-1,1,3,confirmed
CH32V205,PD2,TIM3.ETR,timer,af-1,2,3,confirmed
CH32V205,PD2,USART4.CK,uart,af-4,2,3,confirmed
CH32V205,PD2,USART5.RX,uart,af-3,2,3,confirmed
CH32V205,PD3,PIOC.IO0,pioc,af-4,1,3,confirmed
CH32V205,PD3,USART2.CTS,uart,af-2,1,3,confirmed
CH32V205,PD3,USART6.CK,uart,af-3,1,3,confirmed
CH32V205,PD4,PIOC.IO1,pioc,af-4,1,3,confirmed
CH32V205,PD4,USART2.RTS,uart,af-2,1,3,confirmed
CH32V205,PD4,USART7.CK,uart,af-3,1,3,confirmed
CH32V205,PD5,USART2.TX,uart,af-2,1,3,confirmed
CH32V205,PD6,USART2.RX,uart,af-2,1,3,confirmed
CH32V205,PD7,USART2.CK,uart,af-2,1,3,confirmed
CH32V205,PD8,USART3.TX,uart,af-2,1,3,confirmed
CH32V205,PD9,USART3.RX,uart,af-2,1,3,confirmed
CH32V205,PE0,TIM4.ETR,timer,af-1,2,3,confirmed
CH32V205,PE0,USART4.TX,uart,af-2,2,3,confirmed
CH32V205,PE0,USART5.CK,uart,af-3,2,3,confirmed
CH32V205,PE1,USART4.RX,uart,af-2,1,3,confirmed
CH32V205,PE10,TIM1.CH2N,timer,af-0,1,3,confirmed
CH32V205,PE10,USART6.TX,uart,af-2,1,3,confirmed
CH32V205,PE11,TIM1.CH2,timer,af-0,1,3,confirmed
CH32V205,PE11,USART6.RX,uart,af-2,1,3,confirmed
CH32V205,PE12,TIM1.CH3N,timer,af-0,1,3,confirmed
CH32V205,PE12,USART7.TX,uart,af-2,1,3,confirmed
CH32V205,PE13,TIM1.CH3,timer,af-0,1,3,confirmed
CH32V205,PE13,USART7.RX,uart,af-2,1,3,confirmed
CH32V205,PE14,TIM1.CH4,timer,af-0,1,3,confirmed
CH32V205,PE14,USART8.TX,uart,af-2,1,3,confirmed
CH32V205,PE15,TIM1.BK,timer,af-0,1,3,confirmed
CH32V205,PE15,USART8.RX,uart,af-2,1,3,confirmed
CH32V205,PE3,PIOC.IO0,pioc,af-4,1,3,confirmed
CH32V205,PE4,PIOC.IO1,pioc,af-4,1,3,confirmed
CH32V205,PE7,TIM1.ETR,timer,af-0,1,3,confirmed
CH32V205,PE8,TIM1.CH1N,timer,af-0,1,3,confirmed
CH32V205,PE8,USART5.TX,uart,af-2,1,3,confirmed
CH32V205,PE9,TIM1.CH1,timer,af-0,1,3,confirmed
CH32V205,PE9,USART5.RX,uart,af-2,1,3,confirmed
CH32V208,PA0-WKUP,ADC1.IN0,analog,default,4,4,confirmed
CH32V208,PA0-WKUP,TIM2.CH1,timer,default;remap-2,4,4,confirmed
CH32V208,PA0-WKUP,TIM2.ETR,timer,default;remap-2,4,4,confirmed
CH32V208,PA0-WKUP,TIM5.CH1,timer,default,4,4,confirmed
CH32V208,PA0-WKUP,USART2.CTS,uart,default,4,4,confirmed
CH32V208,PA1,ADC1.IN1,analog,default,4,4,confirmed
CH32V208,PA1,TIM2.CH2,timer,default;remap-2,4,4,confirmed
CH32V208,PA1,TIM5.CH2,timer,default,4,4,confirmed
CH32V208,PA1,USART2.RTS,uart,default,4,4,confirmed
CH32V208,PA10,TIM1.CH3,timer,default;remap-1,3,4,confirmed
CH32V208,PA10,USART1.RX,uart,default,3,4,confirmed
CH32V208,PA11,TIM1.CH4,timer,default;remap-1,4,4,confirmed
CH32V208,PA11,USART1.CTS,uart,default;remap-1,4,4,confirmed
CH32V208,PA12,TIM1.ETR,timer,default;remap-1,4,4,confirmed
CH32V208,PA12,USART1.RTS,uart,default;remap-1,4,4,confirmed
CH32V208,PA15,SPI1.NSS,spi,remap-1,3,4,confirmed
CH32V208,PA15,TIM2.CH1,timer,remap-1;remap-3,3,4,confirmed
CH32V208,PA15,TIM2.ETR,timer,remap-1;remap-3,3,4,confirmed
CH32V208,PA2,ADC1.IN2,analog,default,4,4,confirmed
CH32V208,PA2,OPA2.OUT0,analog,default,4,4,confirmed
CH32V208,PA2,TIM2.CH3,timer,default;remap-1,4,4,confirmed
CH32V208,PA2,TIM5.CH3,timer,default,4,4,confirmed
CH32V208,PA2,USART2.TX,uart,default,4,4,confirmed
CH32V208,PA3,ADC1.IN3,analog,default,4,4,confirmed
CH32V208,PA3,OPA1.OUT0,analog,default,4,4,confirmed
CH32V208,PA3,TIM2.CH4,timer,default;remap-1,4,4,confirmed
CH32V208,PA3,TIM5.CH4,timer,default,4,4,confirmed
CH32V208,PA3,USART2.RX,uart,default,4,4,confirmed
CH32V208,PA4,ADC1.IN4,analog,default,4,4,confirmed
CH32V208,PA4,OPA2.OUT1,analog,default,4,4,confirmed
CH32V208,PA4,SPI1.NSS,spi,default,4,4,confirmed
CH32V208,PA4,USART2.CK,uart,default,4,4,confirmed
CH32V208,PA5,ADC1.IN5,analog,default,4,4,confirmed
CH32V208,PA5,OPA2.CH1N,analog,default,4,4,confirmed
CH32V208,PA5,SPI1.SCK,spi,default,4,4,confirmed
CH32V208,PA6,ADC1.IN6,analog,default,4,4,confirmed
CH32V208,PA6,OPA1.CH1N,analog,default,4,4,confirmed
CH32V208,PA6,SPI1.MISO,spi,default,4,4,confirmed
CH32V208,PA6,TIM1.BKIN,timer,remap-1,4,4,confirmed
CH32V208,PA6,TIM3.CH1,timer,default,4,4,confirmed
CH32V208,PA7,ADC1.IN7,analog,default,4,4,confirmed
CH32V208,PA7,OPA2.CH1P,analog,default,4,4,confirmed
CH32V208,PA7,SPI1.MOSI,spi,default,4,4,confirmed
CH32V208,PA7,TIM1.CH1N,timer,remap-1,4,4,confirmed
CH32V208,PA7,TIM3.CH2,timer,default,4,4,confirmed
CH32V208,PA8,RCC.MCO,clock,default,3,4,confirmed
CH32V208,PA8,TIM1.CH1,timer,default;remap-1,3,4,confirmed
CH32V208,PA8,USART1.CK,uart,default;remap-1,3,4,confirmed
CH32V208,PA9,TIM1.CH2,timer,default;remap-1,3,4,confirmed
CH32V208,PA9,USART1.TX,uart,default,3,4,confirmed
CH32V208,PB0,ADC1.IN8,analog,default,3,4,confirmed
CH32V208,PB0,OPA1.CH1P,analog,default,3,4,confirmed
CH32V208,PB0,TIM1.CH2N,timer,remap-1,3,4,confirmed
CH32V208,PB0,TIM3.CH3,timer,default;remap-2,3,4,confirmed
CH32V208,PB0,USART4.TX,uart,remap-1,3,4,confirmed
CH32V208,PB1,ADC1.IN9,analog,default,3,4,confirmed
CH32V208,PB1,OPA1.OUT1,analog,default,3,4,confirmed
CH32V208,PB1,TIM1.CH3N,timer,remap-1,3,4,confirmed
CH32V208,PB1,TIM3.CH4,timer,default;remap-2,3,4,confirmed
CH32V208,PB1,USART4.RX,uart,remap-1,3,4,confirmed
CH32V208,PB10,I2C2.SCL,i2c,default,3,4,confirmed
CH32V208,PB10,OPA2.CH0N,analog,default,3,4,confirmed
CH32V208,PB10,TIM2.CH3,timer,remap-2;remap-3,3,4,confirmed
CH32V208,PB10,USART3.TX,uart,default,3,4,confirmed
CH32V208,PB11,I2C2.SDA,i2c,default,3,4,confirmed
CH32V208,PB11,OPA1.CH0N,analog,default,3,4,confirmed
CH32V208,PB11,TIM2.CH4,timer,remap-2;remap-3,3,4,confirmed
CH32V208,PB11,USART3.RX,uart,default,3,4,confirmed
CH32V208,PB12,I2C2.SMBA,i2c,default,3,4,confirmed
CH32V208,PB12,SPI2.NSS,spi,default,3,4,confirmed
CH32V208,PB12,TIM1.BKIN,timer,default,3,4,confirmed
CH32V208,PB12,USART3.CK,uart,default,3,4,confirmed
CH32V208,PB13,SPI2.SCK,spi,default,3,4,confirmed
CH32V208,PB13,TIM1.CH1N,timer,default,3,4,confirmed
CH32V208,PB13,USART3.CTS,uart,default;remap-1,3,4,confirmed
CH32V208,PB14,OPA2.CH0P,analog,default,3,4,confirmed
CH32V208,PB14,SPI2.MISO,spi,default,3,4,confirmed
CH32V208,PB14,TIM1.CH2N,timer,default,3,4,confirmed
CH32V208,PB14,USART3.RTS,uart,default;remap-1,3,4,confirmed
CH32V208,PB15,OPA1.CH0P,analog,default,3,4,confirmed
CH32V208,PB15,SPI2.MOSI,spi,default,3,4,confirmed
CH32V208,PB15,TIM1.CH3N,timer,default,3,4,confirmed
CH32V208,PB3,SPI1.SCK,spi,remap-1,3,4,confirmed
CH32V208,PB3,TIM2.CH2,timer,remap-1;remap-3,3,4,confirmed
CH32V208,PB4,SPI1.MISO,spi,remap-1,3,4,confirmed
CH32V208,PB4,TIM3.CH1,timer,remap-2,3,4,confirmed
CH32V208,PB5,I2C1.SMBA,i2c,default,3,4,confirmed
CH32V208,PB5,SPI1.MOSI,spi,remap-1,3,4,confirmed
CH32V208,PB5,TIM3.CH2,timer,remap-2,3,4,confirmed
CH32V208,PB6,I2C1.SCL,i2c,default,4,4,confirmed
CH32V208,PB6,TIM4.CH1,timer,default,4,4,confirmed
CH32V208,PB6,USART1.TX,uart,remap-1,4,4,confirmed
CH32V208,PB7,I2C1.SDA,i2c,default,4,4,confirmed
CH32V208,PB7,TIM4.CH2,timer,default,4,4,confirmed
CH32V208,PB7,USART1.RX,uart,remap-1,4,4,confirmed
CH32V208,PB8,I2C1.SCL,i2c,remap-1,4,4,confirmed
CH32V208,PB8,TIM4.CH3,timer,default,4,4,confirmed
CH32V208,PB9,I2C1.SDA,i2c,remap-1,3,4,confirmed
CH32V208,PB9,TIM4.CH4,timer,default,3,4,confirmed
CH32V208,PC0,ADC1.IN10,analog,default,2,4,confirmed
CH32V208,PC1,ADC1.IN11,analog,default,2,4,confirmed
CH32V208,PC10,USART3.TX,uart,remap-1,2,4,confirmed
CH32V208,PC10,USART4.TX,uart,default,2,4,confirmed
CH32V208,PC11,USART3.RX,uart,remap-1,2,4,confirmed
CH32V208,PC11,USART4.RX,uart,default,2,4,confirmed
CH32V208,PC12,USART3.CK,uart,remap-1,2,4,confirmed
CH32V208,PC2,ADC1.IN12,analog,default,2,4,confirmed
CH32V208,PC3,ADC1.IN13,analog,default,2,4,confirmed
CH32V208,PC4,ADC1.IN14,analog,default,2,4,confirmed
CH32V208,PC5,ADC1.IN15,analog,default,2,4,confirmed
CH32V208,PC6,TIM3.CH1,timer,remap-3,3,4,confirmed
CH32V208,PC7,TIM3.CH2,timer,remap-3,3,4,confirmed
CH32V208,PC8,TIM3.CH3,timer,remap-3,3,4,confirmed
CH32V208,PC9,TIM3.CH4,timer,remap-3,3,4,confirmed
CH32V208,PD2,TIM3.ETR,timer,default;remap-2;remap-3,2,4,confirmed
CH32V303,PA0-WKUP,ADC1.IN0,analog,default,5,5,confirmed
CH32V303,PA0-WKUP,OPA4.OUT0,analog,default,5,5,confirmed
CH32V303,PA0-WKUP,TIM2.CH1,timer,default;remap-2,5,5,confirmed
CH32V303,PA0-WKUP,TIM2.ETR,timer,default;remap-2,5,5,confirmed
CH32V303,PA0-WKUP,TIM5.CH1,timer,default,5,5,confirmed
CH32V303,PA0-WKUP,TIM8.ETR,timer,default;remap-1,5,5,confirmed
CH32V303,PA0-WKUP,USART2.CTS,uart,default,5,5,confirmed
CH32V303,PA1,ADC1.IN1,analog,default,5,5,confirmed
CH32V303,PA1,OPA3.OUT0,analog,default,5,5,confirmed
CH32V303,PA1,TIM2.CH2,timer,default;remap-2,5,5,confirmed
CH32V303,PA1,TIM5.CH2,timer,default,5,5,confirmed
CH32V303,PA1,TIM9.BKIN,timer,remap-1,5,5,confirmed
CH32V303,PA1,USART2.RTS,uart,default,5,5,confirmed
CH32V303,PA10,TIM1.CH3,timer,default;remap-1,5,5,confirmed
CH32V303,PA10,USART1.CK,uart,remap-2,5,5,confirmed
CH32V303,PA10,USART1.RX,uart,default,5,5,confirmed
CH32V303,PA11,TIM1.CH4,timer,default;remap-1,5,5,confirmed
CH32V303,PA11,USART1.CTS,uart,default;remap-1,5,5,confirmed
CH32V303,PA12,TIM1.ETR,timer,default;remap-1,5,5,confirmed
CH32V303,PA12,TIM10.CH1N,timer,default,5,5,confirmed
CH32V303,PA12,USART1.RTS,uart,default;remap-1,5,5,confirmed
CH32V303,PA13,TIM10.CH2N,timer,default,5,5,confirmed
CH32V303,PA13,TIM8.CH1N,timer,remap-1,5,5,confirmed
CH32V303,PA13,USART3.TX,uart,remap-2,5,5,confirmed
CH32V303,PA14,TIM10.CH3N,timer,default,5,5,confirmed
CH32V303,PA14,TIM8.CH2N,timer,remap-1,5,5,confirmed
CH32V303,PA14,USART3.RX,uart,remap-2,5,5,confirmed
CH32V303,PA14,USART8.TX,uart,remap-1,5,5,confirmed
CH32V303,PA15,SPI1.NSS,spi,remap-1,5,5,confirmed
CH32V303,PA15,SPI3.MOSI,spi,default,5,5,confirmed
CH32V303,PA15,SPI3.NSS,spi,default,5,5,confirmed
CH32V303,PA15,TIM2.CH1,timer,remap-1;remap-3,5,5,confirmed
CH32V303,PA15,TIM2.ETR,timer,remap-1;remap-3,5,5,confirmed
CH32V303,PA15,TIM8.CH3N,timer,remap-1,5,5,confirmed
CH32V303,PA15,USART8.RX,uart,remap-1,5,5,confirmed
CH32V303,PA2,ADC1.IN2,analog,default,5,5,confirmed
CH32V303,PA2,OPA2.OUT0,analog,default,5,5,confirmed
CH32V303,PA2,TIM2.CH3,timer,default;remap-1,5,5,confirmed
CH32V303,PA2,TIM5.CH3,timer,default,5,5,confirmed
CH32V303,PA2,TIM9.CH1,timer,default;remap-1,5,5,confirmed
CH32V303,PA2,TIM9.ETR,timer,default;remap-1,5,5,confirmed
CH32V303,PA2,USART2.TX,uart,default,5,5,confirmed
CH32V303,PA3,ADC1.IN3,analog,default,5,5,confirmed
CH32V303,PA3,OPA1.OUT0,analog,default,5,5,confirmed
CH32V303,PA3,TIM2.CH4,timer,default;remap-1,5,5,confirmed
CH32V303,PA3,TIM5.CH4,timer,default,5,5,confirmed
CH32V303,PA3,TIM9.CH2,timer,default;remap-1,5,5,confirmed
CH32V303,PA3,USART2.RX,uart,default,5,5,confirmed
CH32V303,PA4,ADC1.IN4,analog,default,5,5,confirmed
CH32V303,PA4,DAC1.OUT,analog,default,5,5,confirmed
CH32V303,PA4,SPI1.NSS,spi,default,5,5,confirmed
CH32V303,PA4,SPI3.NSS,spi,remap-1,5,5,confirmed
CH32V303,PA4,TIM9.CH3,timer,default;remap-1,5,5,confirmed
CH32V303,PA4,USART2.CK,uart,default,5,5,confirmed
CH32V303,PA5,ADC1.IN5,analog,default,5,5,confirmed
CH32V303,PA5,DAC2.OUT,analog,default,5,5,confirmed
CH32V303,PA5,OPA2.CH1N,analog,default,5,5,confirmed
CH32V303,PA5,SPI1.SCK,spi,default,5,5,confirmed
CH32V303,PA5,TIM10.CH1N,timer,remap-1,5,5,confirmed
CH32V303,PA5,USART1.CK,uart,remap-3,5,5,confirmed
CH32V303,PA5,USART1.CTS,uart,remap-2,5,5,confirmed
CH32V303,PA6,ADC1.IN6,analog,default,5,5,confirmed
CH32V303,PA6,OPA1.CH1N,analog,default,5,5,confirmed
CH32V303,PA6,SPI1.MISO,spi,default,5,5,confirmed
CH32V303,PA6,TIM1.BKIN,timer,remap-1,5,5,confirmed
CH32V303,PA6,TIM10.CH2N,timer,remap-1,5,5,confirmed
CH32V303,PA6,TIM3.CH1,timer,default,5,5,confirmed
CH32V303,PA6,TIM8.BKIN,timer,default,5,5,confirmed
CH32V303,PA6,USART1.TX,uart,remap-3,5,5,confirmed
CH32V303,PA6,USART7.TX,uart,remap-1,5,5,confirmed
CH32V303,PA7,ADC1.IN7,analog,default,5,5,confirmed
CH32V303,PA7,OPA2.CH1P,analog,default,5,5,confirmed
CH32V303,PA7,SPI1.MOSI,spi,default,5,5,confirmed
CH32V303,PA7,TIM1.CH1N,timer,remap-1,5,5,confirmed
CH32V303,PA7,TIM10.CH3N,timer,remap-1,5,5,confirmed
CH32V303,PA7,TIM3.CH2,timer,default,5,5,confirmed
CH32V303,PA7,TIM8.CH1N,timer,default,5,5,confirmed
CH32V303,PA7,USART1.RX,uart,remap-3,5,5,confirmed
CH32V303,PA7,USART7.RX,uart,remap-1,5,5,confirmed
CH32V303,PA8,RCC.MCO,clock,default,5,5,confirmed
CH32V303,PA8,TIM1.CH1,timer,default;remap-1,5,5,confirmed
CH32V303,PA8,USART1.CK,uart,default;remap-1,5,5,confirmed
CH32V303,PA8,USART1.RX,uart,remap-2,5,5,confirmed
CH32V303,PA9,TIM1.CH2,timer,default;remap-1,5,5,confirmed
CH32V303,PA9,USART1.RTS,uart,remap-2,5,5,confirmed
CH32V303,PA9,USART1.TX,uart,default,5,5,confirmed
CH32V303,PB0,ADC1.IN8,analog,default,5,5,confirmed
CH32V303,PB0,OPA1.CH1P,analog,default,5,5,confirmed
CH32V303,PB0,TIM1.CH2N,timer,remap-1,5,5,confirmed
CH32V303,PB0,TIM3.CH3,timer,default;remap-2,5,5,confirmed
CH32V303,PB0,TIM8.CH2N,timer,default,5,5,confirmed
CH32V303,PB0,TIM9.CH1N,timer,remap-1,5,5,confirmed
CH32V303,PB0,USART4.TX,uart,remap-1,5,5,confirmed
CH32V303,PB1,ADC1.IN9,analog,default,5,5,confirmed
CH32V303,PB1,OPA4.CH0N,analog,default,5,5,confirmed
CH32V303,PB1,TIM1.CH3N,timer,remap-1,5,5,confirmed
CH32V303,PB1,TIM3.CH4,timer,default;remap-2,5,5,confirmed
CH32V303,PB1,TIM8.CH3N,timer,default,5,5,confirmed
CH32V303,PB1,TIM9.CH2N,timer,remap-1,5,5,confirmed
CH32V303,PB1,USART4.RX,uart,remap-1,5,5,confirmed
CH32V303,PB10,I2C2.SCL,i2c,default,5,5,confirmed
CH32V303,PB10,OPA2.CH0N,analog,default,5,5,confirmed
CH32V303,PB10,TIM10.BKIN,timer,remap-1,5,5,confirmed
CH32V303,PB10,TIM2.CH3,timer,remap-2;remap-3,5,5,confirmed
CH32V303,PB10,USART3.TX,uart,default,5,5,confirmed
CH32V303,PB11,I2C2.SDA,i2c,default,5,5,confirmed
CH32V303,PB11,OPA1.CH0N,analog,default,5,5,confirmed
CH32V303,PB11,TIM10.ETR,timer,remap-1,5,5,confirmed
CH32V303,PB11,TIM2.CH4,timer,remap-2;remap-3,5,5,confirmed
CH32V303,PB11,USART3.RX,uart,default,5,5,confirmed
CH32V303,PB12,I2C2.SMBA,i2c,default,5,5,confirmed
CH32V303,PB12,OPA4.CH0P,analog,default,5,5,confirmed
CH32V303,PB12,SPI2.NSS,spi,default,5,5,confirmed
CH32V303,PB12,TIM1.BKIN,timer,default,5,5,confirmed
CH32V303,PB12,USART3.CK,uart,default,5,5,confirmed
CH32V303,PB13,OPA3.CH0P,analog,default,5,5,confirmed
CH32V303,PB13,SPI2.SCK,spi,default,5,5,confirmed
CH32V303,PB13,TIM1.CH1N,timer,default,5,5,confirmed
CH32V303,PB13,USART3.CTS,uart,default;remap-1,5,5,confirmed
CH32V303,PB14,OPA2.CH0P,analog,default,5,5,confirmed
CH32V303,PB14,SPI2.MISO,spi,default,5,5,confirmed
CH32V303,PB14,TIM1.CH2N,timer,default,5,5,confirmed
CH32V303,PB14,USART3.RTS,uart,default;remap-1,5,5,confirmed
CH32V303,PB15,OPA1.CH0P,analog,default,5,5,confirmed
CH32V303,PB15,SPI2.MOSI,spi,default,5,5,confirmed
CH32V303,PB15,TIM1.CH3N,timer,default,5,5,confirmed
CH32V303,PB15,USART1.TX,uart,remap-2,5,5,confirmed
CH32V303,PB2,OPA3.CH0N,analog,default,5,5,confirmed
CH32V303,PB2,TIM9.CH3N,timer,remap-1,5,5,confirmed
CH32V303,PB3,SPI1.SCK,spi,remap-1,5,5,confirmed
CH32V303,PB3,SPI3.SCK,spi,default,5,5,confirmed
CH32V303,PB3,TIM10.CH1,timer,remap-1,5,5,confirmed
CH32V303,PB3,TIM2.CH2,timer,remap-1;remap-3,5,5,confirmed
CH32V303,PB4,SPI1.MISO,spi,remap-1,5,5,confirmed
CH32V303,PB4,SPI3.MISO,spi,default,5,5,confirmed
CH32V303,PB4,TIM10.CH2,timer,remap-1,5,5,confirmed
CH32V303,PB4,TIM3.CH1,timer,remap-2,5,5,confirmed
CH32V303,PB4,USART5.TX,uart,remap-1,5,5,confirmed
CH32V303,PB5,I2C1.SMBA,i2c,default,5,5,confirmed
CH32V303,PB5,SPI1.MOSI,spi,remap-1,5,5,confirmed
CH32V303,PB5,SPI3.MOSI,spi,default,5,5,confirmed
CH32V303,PB5,TIM10.CH3,timer,remap-1,5,5,confirmed
CH32V303,PB5,TIM3.CH2,timer,remap-2,5,5,confirmed
CH32V303,PB5,USART5.RX,uart,remap-1,5,5,confirmed
CH32V303,PB6,I2C1.SCL,i2c,default,5,5,confirmed
CH32V303,PB6,TIM4.CH1,timer,default,5,5,confirmed
CH32V303,PB6,TIM8.CH1,timer,remap-1,5,5,confirmed
CH32V303,PB6,USART1.TX,uart,remap-1,5,5,confirmed
CH32V303,PB7,I2C1.SDA,i2c,default,5,5,confirmed
CH32V303,PB7,TIM4.CH2,timer,default,5,5,confirmed
CH32V303,PB7,TIM8.CH2,timer,remap-1,5,5,confirmed
CH32V303,PB7,USART1.RX,uart,remap-1,5,5,confirmed
CH32V303,PB8,I2C1.SCL,i2c,remap-1,5,5,confirmed
CH32V303,PB8,TIM10.CH1,timer,default,5,5,confirmed
CH32V303,PB8,TIM4.CH3,timer,default,5,5,confirmed
CH32V303,PB8,TIM8.CH3,timer,remap-1,5,5,confirmed
CH32V303,PB8,USART6.TX,uart,remap-1,5,5,confirmed
CH32V303,PB9,I2C1.SDA,i2c,remap-1,5,5,confirmed
CH32V303,PB9,TIM10.CH2,timer,default,5,5,confirmed
CH32V303,PB9,TIM4.CH4,timer,default,5,5,confirmed
CH32V303,PB9,TIM8.BKIN,timer,remap-1,5,5,confirmed
CH32V303,PB9,USART6.RX,uart,remap-1,5,5,confirmed
CH32V303,PC0,ADC1.IN10,analog,default,4,5,confirmed
CH32V303,PC0,TIM9.CH1N,timer,default,4,5,confirmed
CH32V303,PC0,USART6.TX,uart,default,4,5,confirmed
CH32V303,PC1,ADC1.IN11,analog,default,4,5,confirmed
CH32V303,PC1,TIM9.CH2N,timer,default,4,5,confirmed
CH32V303,PC1,USART6.RX,uart,default,4,5,confirmed
CH32V303,PC10,SPI3.SCK,spi,remap-1,4,5,confirmed
CH32V303,PC10,TIM10.ETR,timer,default,4,5,confirmed
CH32V303,PC10,USART3.TX,uart,remap-1,4,5,confirmed
CH32V303,PC10,USART4.TX,uart,default,4,5,confirmed
CH32V303,PC11,SPI3.MISO,spi,remap-1,4,5,confirmed
CH32V303,PC11,TIM10.CH4,timer,default,4,5,confirmed
CH32V303,PC11,USART3.RX,uart,remap-1,4,5,confirmed
CH32V303,PC11,USART4.RX,uart,default,4,5,confirmed
CH32V303,PC12,SPI3.MOSI,spi,remap-1,4,5,confirmed
CH32V303,PC12,TIM10.BKIN,timer,default,4,5,confirmed
CH32V303,PC12,USART3.CK,uart,remap-1,4,5,confirmed
CH32V303,PC12,USART5.TX,uart,default,4,5,confirmed
CH32V303,PC13-TAMPER-RTC,TIM8.CH4,timer,remap-1,5,5,confirmed
CH32V303,PC14-OSC32_IN,TIM9.CH4,timer,remap-1,5,5,confirmed
CH32V303,PC15-OSC32_OUT,TIM10.CH4,timer,remap-1,5,5,confirmed
CH32V303,PC2,ADC1.IN12,analog,default,4,5,confirmed
CH32V303,PC2,OPA3.CH1N,analog,default,4,5,confirmed
CH32V303,PC2,TIM9.CH3N,timer,default,4,5,confirmed
CH32V303,PC2,USART7.TX,uart,default,4,5,confirmed
CH32V303,PC3,ADC1.IN13,analog,default,4,5,confirmed
CH32V303,PC3,OPA4.CH1N,analog,default,4,5,confirmed
CH32V303,PC3,TIM10.CH3,timer,default,4,5,confirmed
CH32V303,PC3,USART7.RX,uart,default,4,5,confirmed
CH32V303,PC4,ADC1.IN14,analog,default,4,5,confirmed
CH32V303,PC4,OPA4.CH1P,analog,default,4,5,confirmed
CH32V303,PC4,TIM9.CH4,timer,default,4,5,confirmed
CH32V303,PC4,USART1.CTS,uart,remap-3,4,5,confirmed
CH32V303,PC4,USART8.TX,uart,default,4,5,confirmed
CH32V303,PC5,ADC1.IN15,analog,default,4,5,confirmed
CH32V303,PC5,OPA3.CH1P,analog,default,4,5,confirmed
CH32V303,PC5,TIM9.BKIN,timer,default,4,5,confirmed
CH32V303,PC5,USART1.RTS,uart,remap-3,4,5,confirmed
CH32V303,PC5,USART8.RX,uart,default,4,5,confirmed
CH32V303,PC6,TIM3.CH1,timer,remap-3,4,5,confirmed
CH32V303,PC6,TIM8.CH1,timer,default,4,5,confirmed
CH32V303,PC7,TIM3.CH2,timer,remap-3,4,5,confirmed
CH32V303,PC7,TIM8.CH2,timer,default,4,5,confirmed
CH32V303,PC8,TIM3.CH3,timer,remap-3,4,5,confirmed
CH32V303,PC8,TIM8.CH3,timer,default,4,5,confirmed
CH32V303,PC9,TIM3.CH4,timer,remap-3,4,5,confirmed
CH32V303,PC9,TIM8.CH4,timer,default,4,5,confirmed
CH32V303,PD0,TIM10.ETR,timer,remap-2;remap-3,1,5,confirmed
CH32V303,PD1,TIM10.CH1,timer,remap-2;remap-3,1,5,confirmed
CH32V303,PD10,TIM9.CH2N,timer,remap-2;remap-3,1,5,confirmed
CH32V303,PD10,USART3.CK,uart,remap-2;remap-3,1,5,confirmed
CH32V303,PD11,TIM9.CH2,timer,remap-2;remap-3,1,5,confirmed
CH32V303,PD11,USART3.CTS,uart,remap-2;remap-3,1,5,confirmed
CH32V303,PD12,TIM4.CH1,timer,remap-1,1,5,confirmed
CH32V303,PD12,TIM9.CH3N,timer,remap-2;remap-3,1,5,confirmed
CH32V303,PD12,USART3.RTS,uart,remap-2;remap-3,1,5,confirmed
CH32V303,PD13,TIM4.CH2,timer,remap-1,1,5,confirmed
CH32V303,PD13,TIM9.CH3,timer,remap-2;remap-3,1,5,confirmed
CH32V303,PD14,TIM4.CH3,timer,remap-1,1,5,confirmed
CH32V303,PD14,TIM9.BKIN,timer,remap-2;remap-3,1,5,confirmed
CH32V303,PD15,TIM4.CH4,timer,remap-1,1,5,confirmed
CH32V303,PD15,TIM9.CH4,timer,remap-2;remap-3,1,5,confirmed
CH32V303,PD2,TIM3.ETR,timer,default;remap-2;remap-3,4,5,confirmed
CH32V303,PD2,USART5.RX,uart,default,4,5,confirmed
CH32V303,PD3,TIM10.CH2,timer,remap-2;remap-3,1,5,confirmed
CH32V303,PD3,USART2.CTS,uart,remap-1,1,5,confirmed
CH32V303,PD4,USART2.RTS,uart,remap-1,1,5,confirmed
CH32V303,PD5,TIM10.CH3,timer,remap-2;remap-3,1,5,confirmed
CH32V303,PD5,USART2.TX,uart,remap-1,1,5,confirmed
CH32V303,PD6,USART2.RX,uart,remap-1,1,5,confirmed
CH32V303,PD7,TIM10.CH4,timer,remap-2;remap-3,1,5,confirmed
CH32V303,PD7,USART2.CK,uart,remap-1,1,5,confirmed
CH32V303,PD8,TIM9.CH1N,timer,remap-2;remap-3,1,5,confirmed
CH32V303,PD8,USART3.TX,uart,remap-3,1,5,confirmed
CH32V303,PD9,TIM9.CH1,timer,remap-2;remap-3,1,5,confirmed
CH32V303,PD9,TIM9.ETR,timer,remap-2;remap-3,1,5,confirmed
CH32V303,PD9,USART3.RX,uart,remap-3,1,5,confirmed
CH32V303,PE0,TIM4.ETR,timer,default;remap-1,1,5,confirmed
CH32V303,PE0,USART4.TX,uart,remap-2;remap-3,1,5,confirmed
CH32V303,PE1,USART4.RX,uart,remap-2;remap-3,1,5,confirmed
CH32V303,PE10,TIM1.CH2N,timer,remap-3,1,5,confirmed
CH32V303,PE10,USART6.TX,uart,remap-2;remap-3,1,5,confirmed
CH32V303,PE11,TIM1.CH2,timer,remap-3,1,5,confirmed
CH32V303,PE11,USART6.RX,uart,remap-2;remap-3,1,5,confirmed
CH32V303,PE12,TIM1.CH3N,timer,remap-3,1,5,confirmed
CH32V303,PE12,USART7.TX,uart,remap-2;remap-3,1,5,confirmed
CH32V303,PE13,TIM1.CH3,timer,remap-3,1,5,confirmed
CH32V303,PE13,USART7.RX,uart,remap-2;remap-3,1,5,confirmed
CH32V303,PE14,OPA2.OUT1,analog,default,1,5,confirmed
CH32V303,PE14,TIM1.CH4,timer,remap-3,1,5,confirmed
CH32V303,PE14,USART8.TX,uart,remap-2;remap-3,1,5,confirmed
CH32V303,PE15,OPA1.OUT1,analog,default,1,5,confirmed
CH32V303,PE15,TIM1.BKIN,timer,remap-3,1,5,confirmed
CH32V303,PE15,USART8.RX,uart,remap-2;remap-3,1,5,confirmed
CH32V303,PE2,TIM10.BKIN,timer,remap-2;remap-3,1,5,confirmed
CH32V303,PE3,TIM10.CH1N,timer,remap-2;remap-3,1,5,confirmed
CH32V303,PE4,TIM10.CH2N,timer,remap-2;remap-3,1,5,confirmed
CH32V303,PE5,TIM10.CH3N,timer,remap-2;remap-3,1,5,confirmed
CH32V303,PE7,OPA3.OUT1,analog,default,1,5,confirmed
CH32V303,PE7,TIM1.ETR,timer,remap-3,1,5,confirmed
CH32V303,PE8,OPA4.OUT1,analog,default,1,5,confirmed
CH32V303,PE8,TIM1.CH1N,timer,remap-3,1,5,confirmed
CH32V303,PE8,USART5.TX,uart,remap-2;remap-3,1,5,confirmed
CH32V303,PE9,TIM1.CH1,timer,remap-3,1,5,confirmed
CH32V303,PE9,USART5.RX,uart,remap-2;remap-3,1,5,confirmed
CH32V305,PA0-WKUP,ADC1.IN0,analog,default,2,4,confirmed
CH32V305,PA0-WKUP,OPA4.OUT0,analog,default,2,4,confirmed
CH32V305,PA0-WKUP,TIM2.CH1,timer,default;remap-2,2,4,confirmed
CH32V305,PA0-WKUP,TIM2.ETR,timer,default;remap-2,2,4,confirmed
CH32V305,PA0-WKUP,TIM5.CH1,timer,default,2,4,confirmed
CH32V305,PA0-WKUP,TIM8.ETR,timer,default;remap-1,2,4,confirmed
CH32V305,PA0-WKUP,USART2.CTS,uart,default,2,4,confirmed
CH32V305,PA1,ADC1.IN1,analog,default,4,4,confirmed
CH32V305,PA1,OPA3.OUT0,analog,default,4,4,confirmed
CH32V305,PA1,TIM2.CH2,timer,default;remap-2,4,4,confirmed
CH32V305,PA1,TIM5.CH2,timer,default,4,4,confirmed
CH32V305,PA1,TIM9.BKIN,timer,remap-1,4,4,confirmed
CH32V305,PA1,USART2.RTS,uart,default,4,4,confirmed
CH32V305,PA10,TIM1.CH3,timer,default;remap-1,2,4,confirmed
CH32V305,PA10,USART1.CK,uart,remap-2,2,4,confirmed
CH32V305,PA10,USART1.RX,uart,default,2,4,confirmed
CH32V305,PA11,TIM1.CH4,timer,default;remap-1,2,4,confirmed
CH32V305,PA11,USART1.CTS,uart,default;remap-1,2,4,confirmed
CH32V305,PA12,TIM1.ETR,timer,default;remap-1,2,4,confirmed
CH32V305,PA12,TIM10.CH1N,timer,default,2,4,confirmed
CH32V305,PA12,USART1.RTS,uart,default;remap-1,2,4,confirmed
CH32V305,PA13,TIM10.CH2N,timer,default,4,4,confirmed
CH32V305,PA13,TIM8.CH1N,timer,remap-1,4,4,confirmed
CH32V305,PA13,USART3.TX,uart,remap-2,4,4,confirmed
CH32V305,PA14,TIM10.CH3N,timer,default,4,4,confirmed
CH32V305,PA14,TIM8.CH2N,timer,remap-1,4,4,confirmed
CH32V305,PA14,USART3.RX,uart,remap-2,4,4,confirmed
CH32V305,PA14,USART8.TX,uart,remap-1,4,4,confirmed
CH32V305,PA15,SPI1.NSS,spi,remap-1,2,4,confirmed
CH32V305,PA15,SPI3.MOSI,spi,default,2,4,confirmed
CH32V305,PA15,SPI3.NSS,spi,default,2,4,confirmed
CH32V305,PA15,TIM2.CH1,timer,remap-1;remap-3,2,4,confirmed
CH32V305,PA15,TIM2.ETR,timer,remap-1;remap-3,2,4,confirmed
CH32V305,PA15,TIM8.CH3N,timer,remap-1,2,4,confirmed
CH32V305,PA15,USART8.RX,uart,remap-1,2,4,confirmed
CH32V305,PA2,ADC1.IN2,analog,default,2,4,confirmed
CH32V305,PA2,OPA2.OUT0,analog,default,2,4,confirmed
CH32V305,PA2,TIM2.CH3,timer,default;remap-1,2,4,confirmed
CH32V305,PA2,TIM5.CH3,timer,default,2,4,confirmed
CH32V305,PA2,TIM9.CH1,timer,default;remap-1,2,4,confirmed
CH32V305,PA2,TIM9.ETR,timer,default;remap-1,2,4,confirmed
CH32V305,PA2,USART2.TX,uart,default,2,4,confirmed
CH32V305,PA3,ADC1.IN3,analog,default,2,4,confirmed
CH32V305,PA3,OPA1.OUT0,analog,default,2,4,confirmed
CH32V305,PA3,TIM2.CH4,timer,default;remap-1,2,4,confirmed
CH32V305,PA3,TIM5.CH4,timer,default,2,4,confirmed
CH32V305,PA3,TIM9.CH2,timer,default;remap-1,2,4,confirmed
CH32V305,PA3,USART2.RX,uart,default,2,4,confirmed
CH32V305,PA4,ADC1.IN4,analog,default,3,4,confirmed
CH32V305,PA4,DAC1.OUT,analog,default,3,4,confirmed
CH32V305,PA4,SPI1.NSS,spi,default,3,4,confirmed
CH32V305,PA4,SPI3.NSS,spi,remap-1,3,4,confirmed
CH32V305,PA4,TIM9.CH3,timer,default;remap-1,3,4,confirmed
CH32V305,PA4,USART2.CK,uart,default,3,4,confirmed
CH32V305,PA5,ADC1.IN5,analog,default,4,4,confirmed
CH32V305,PA5,DAC2.OUT,analog,default,4,4,confirmed
CH32V305,PA5,OPA2.CH1N,analog,default,4,4,confirmed
CH32V305,PA5,SPI1.SCK,spi,default,4,4,confirmed
CH32V305,PA5,TIM10.CH1N,timer,remap-1,4,4,confirmed
CH32V305,PA5,USART1.CK,uart,remap-3,4,4,confirmed
CH32V305,PA5,USART1.CTS,uart,remap-2,4,4,confirmed
CH32V305,PA6,ADC1.IN6,analog,default,3,4,confirmed
CH32V305,PA6,OPA1.CH1N,analog,default,3,4,confirmed
CH32V305,PA6,SPI1.MISO,spi,default,3,4,confirmed
CH32V305,PA6,TIM1.BKIN,timer,remap-1,3,4,confirmed
CH32V305,PA6,TIM10.CH2N,timer,remap-1,3,4,confirmed
CH32V305,PA6,TIM3.CH1,timer,default,3,4,confirmed
CH32V305,PA6,TIM8.BKIN,timer,default,3,4,confirmed
CH32V305,PA6,USART1.TX,uart,remap-3,3,4,confirmed
CH32V305,PA6,USART7.TX,uart,remap-1,3,4,confirmed
CH32V305,PA7,ADC1.IN7,analog,default,3,4,confirmed
CH32V305,PA7,OPA2.CH1P,analog,default,3,4,confirmed
CH32V305,PA7,SPI1.MOSI,spi,default,3,4,confirmed
CH32V305,PA7,TIM1.CH1N,timer,remap-1,3,4,confirmed
CH32V305,PA7,TIM10.CH3N,timer,remap-1,3,4,confirmed
CH32V305,PA7,TIM3.CH2,timer,default,3,4,confirmed
CH32V305,PA7,TIM8.CH1N,timer,default,3,4,confirmed
CH32V305,PA7,USART1.RX,uart,remap-3,3,4,confirmed
CH32V305,PA7,USART7.RX,uart,remap-1,3,4,confirmed
CH32V305,PA8,RCC.MCO,clock,default,2,4,confirmed
CH32V305,PA8,TIM1.CH1,timer,default;remap-1,2,4,confirmed
CH32V305,PA8,USART1.CK,uart,default;remap-1,2,4,confirmed
CH32V305,PA8,USART1.RX,uart,remap-2,2,4,confirmed
CH32V305,PA9,TIM1.CH2,timer,default;remap-1,3,4,confirmed
CH32V305,PA9,USART1.RTS,uart,remap-2,3,4,confirmed
CH32V305,PA9,USART1.TX,uart,default,3,4,confirmed
CH32V305,PB0,ADC1.IN8,analog,default,2,4,confirmed
CH32V305,PB0,OPA1.CH1P,analog,default,2,4,confirmed
CH32V305,PB0,TIM1.CH2N,timer,remap-1,2,4,confirmed
CH32V305,PB0,TIM3.CH3,timer,default;remap-2,2,4,confirmed
CH32V305,PB0,TIM8.CH2N,timer,default,2,4,confirmed
CH32V305,PB0,TIM9.CH1N,timer,remap-1,2,4,confirmed
CH32V305,PB0,USART4.TX,uart,remap-1,2,4,confirmed
CH32V305,PB1,ADC1.IN9,analog,default,2,4,confirmed
CH32V305,PB1,OPA4.CH0N,analog,default,2,4,confirmed
CH32V305,PB1,TIM1.CH3N,timer,remap-1,2,4,confirmed
CH32V305,PB1,TIM3.CH4,timer,default;remap-2,2,4,confirmed
CH32V305,PB1,TIM8.CH3N,timer,default,2,4,confirmed
CH32V305,PB1,TIM9.CH2N,timer,remap-1,2,4,confirmed
CH32V305,PB1,USART4.RX,uart,remap-1,2,4,confirmed
CH32V305,PB10,I2C2.SCL,i2c,default,4,4,confirmed
CH32V305,PB10,OPA2.CH0N,analog,default,4,4,confirmed
CH32V305,PB10,TIM10.BKIN,timer,remap-1,4,4,confirmed
CH32V305,PB10,TIM2.CH3,timer,remap-2;remap-3,4,4,confirmed
CH32V305,PB10,USART3.TX,uart,default,4,4,confirmed
CH32V305,PB11,I2C2.SDA,i2c,default,4,4,confirmed
CH32V305,PB11,OPA1.CH0N,analog,default,4,4,confirmed
CH32V305,PB11,TIM10.ETR,timer,remap-1,4,4,confirmed
CH32V305,PB11,TIM2.CH4,timer,remap-2;remap-3,4,4,confirmed
CH32V305,PB11,USART3.RX,uart,default,4,4,confirmed
CH32V305,PB12,I2C2.SMBA,i2c,default,4,4,confirmed
CH32V305,PB12,OPA4.CH0P,analog,default,4,4,confirmed
CH32V305,PB12,SPI2.NSS,spi,default,4,4,confirmed
CH32V305,PB12,TIM1.BKIN,timer,default,4,4,confirmed
CH32V305,PB12,USART3.CK,uart,default,4,4,confirmed
CH32V305,PB13,OPA3.CH0P,analog,default,4,4,confirmed
CH32V305,PB13,SPI2.SCK,spi,default,4,4,confirmed
CH32V305,PB13,TIM1.CH1N,timer,default,4,4,confirmed
CH32V305,PB13,USART3.CTS,uart,default;remap-1,4,4,confirmed
CH32V305,PB14,OPA2.CH0P,analog,default,4,4,confirmed
CH32V305,PB14,SPI2.MISO,spi,default,4,4,confirmed
CH32V305,PB14,TIM1.CH2N,timer,default,4,4,confirmed
CH32V305,PB14,USART3.RTS,uart,default;remap-1,4,4,confirmed
CH32V305,PB15,OPA1.CH0P,analog,default,4,4,confirmed
CH32V305,PB15,SPI2.MOSI,spi,default,4,4,confirmed
CH32V305,PB15,TIM1.CH3N,timer,default,4,4,confirmed
CH32V305,PB15,USART1.TX,uart,remap-2,4,4,confirmed
CH32V305,PB2,OPA3.CH0N,analog,default,2,4,confirmed
CH32V305,PB2,TIM9.CH3N,timer,remap-1,2,4,confirmed
CH32V305,PB3,SPI1.SCK,spi,remap-1,2,4,confirmed
CH32V305,PB3,SPI3.SCK,spi,default,2,4,confirmed
CH32V305,PB3,TIM10.CH1,timer,remap-1,2,4,confirmed
CH32V305,PB3,TIM2.CH2,timer,remap-1;remap-3,2,4,confirmed
CH32V305,PB4,SPI1.MISO,spi,remap-1,2,4,confirmed
CH32V305,PB4,SPI3.MISO,spi,default,2,4,confirmed
CH32V305,PB4,TIM10.CH2,timer,remap-1,2,4,confirmed
CH32V305,PB4,TIM3.CH1,timer,remap-2,2,4,confirmed
CH32V305,PB4,USART5.TX,uart,remap-1,2,4,confirmed
CH32V305,PB5,I2C1.SMBA,i2c,default,2,4,confirmed
CH32V305,PB5,SPI1.MOSI,spi,remap-1,2,4,confirmed
CH32V305,PB5,SPI3.MOSI,spi,default,2,4,confirmed
CH32V305,PB5,TIM10.CH3,timer,remap-1,2,4,confirmed
CH32V305,PB5,TIM3.CH2,timer,remap-2,2,4,confirmed
CH32V305,PB5,USART5.RX,uart,remap-1,2,4,confirmed
CH32V305,PB6,I2C1.SCL,i2c,default,4,4,confirmed
CH32V305,PB6,TIM4.CH1,timer,default,4,4,confirmed
CH32V305,PB6,TIM8.CH1,timer,remap-1,4,4,confirmed
CH32V305,PB6,USART1.TX,uart,remap-1,4,4,confirmed
CH32V305,PB7,I2C1.SDA,i2c,default,4,4,confirmed
CH32V305,PB7,TIM4.CH2,timer,default,4,4,confirmed
CH32V305,PB7,TIM8.CH2,timer,remap-1,4,4,confirmed
CH32V305,PB7,USART1.RX,uart,remap-1,4,4,confirmed
CH32V305,PB8,I2C1.SCL,i2c,remap-1,2,4,confirmed
CH32V305,PB8,TIM10.CH1,timer,default,2,4,confirmed
CH32V305,PB8,TIM4.CH3,timer,default,2,4,confirmed
CH32V305,PB8,TIM8.CH3,timer,remap-1,2,4,confirmed
CH32V305,PB8,USART6.TX,uart,remap-1,2,4,confirmed
CH32V305,PB9,I2C1.SDA,i2c,remap-1,2,4,confirmed
CH32V305,PB9,TIM10.CH2,timer,default,2,4,confirmed
CH32V305,PB9,TIM4.CH4,timer,default,2,4,confirmed
CH32V305,PB9,TIM8.BKIN,timer,remap-1,2,4,confirmed
CH32V305,PB9,USART6.RX,uart,remap-1,2,4,confirmed
CH32V305,PC0,ADC1.IN10,analog,default,2,4,confirmed
CH32V305,PC0,TIM9.CH1N,timer,default,2,4,confirmed
CH32V305,PC0,USART6.TX,uart,default,2,4,confirmed
CH32V305,PC1,ADC1.IN11,analog,default,2,4,confirmed
CH32V305,PC1,TIM9.CH2N,timer,default,2,4,confirmed
CH32V305,PC1,USART6.RX,uart,default,2,4,confirmed
CH32V305,PC10,SPI3.SCK,spi,remap-1,2,4,confirmed
CH32V305,PC10,TIM10.ETR,timer,default,2,4,confirmed
CH32V305,PC10,USART3.TX,uart,remap-1,2,4,confirmed
CH32V305,PC10,USART4.TX,uart,default,2,4,confirmed
CH32V305,PC11,SPI3.MISO,spi,remap-1,2,4,confirmed
CH32V305,PC11,TIM10.CH4,timer,default,2,4,confirmed
CH32V305,PC11,USART3.RX,uart,remap-1,2,4,confirmed
CH32V305,PC11,USART4.RX,uart,default,2,4,confirmed
CH32V305,PC12,SPI3.MOSI,spi,remap-1,2,4,confirmed
CH32V305,PC12,TIM10.BKIN,timer,default,2,4,confirmed
CH32V305,PC12,USART3.CK,uart,remap-1,2,4,confirmed
CH32V305,PC12,USART5.TX,uart,default,2,4,confirmed
CH32V305,PC13-TAMPER-RTC,TIM8.CH4,timer,remap-1,1,4,confirmed
CH32V305,PC14-OSC32_IN,TIM9.CH4,timer,remap-1,1,4,confirmed
CH32V305,PC15-OSC32_OUT,TIM10.CH4,timer,remap-1,1,4,confirmed
CH32V305,PC2,ADC1.IN12,analog,default,3,4,confirmed
CH32V305,PC2,OPA3.CH1N,analog,default,3,4,confirmed
CH32V305,PC2,TIM9.CH3N,timer,default,3,4,confirmed
CH32V305,PC2,USART7.TX,uart,default,3,4,confirmed
CH32V305,PC3,ADC1.IN13,analog,default,3,4,confirmed
CH32V305,PC3,OPA4.CH1N,analog,default,3,4,confirmed
CH32V305,PC3,TIM10.CH3,timer,default,3,4,confirmed
CH32V305,PC3,USART7.RX,uart,default,3,4,confirmed
CH32V305,PC4,ADC1.IN14,analog,default,2,4,confirmed
CH32V305,PC4,OPA4.CH1P,analog,default,2,4,confirmed
CH32V305,PC4,TIM9.CH4,timer,default,2,4,confirmed
CH32V305,PC4,USART1.CTS,uart,remap-3,2,4,confirmed
CH32V305,PC4,USART8.TX,uart,default,2,4,confirmed
CH32V305,PC5,ADC1.IN15,analog,default,2,4,confirmed
CH32V305,PC5,OPA3.CH1P,analog,default,2,4,confirmed
CH32V305,PC5,TIM9.BKIN,timer,default,2,4,confirmed
CH32V305,PC5,USART1.RTS,uart,remap-3,2,4,confirmed
CH32V305,PC5,USART8.RX,uart,default,2,4,confirmed
CH32V305,PC6,TIM3.CH1,timer,remap-3,3,4,confirmed
CH32V305,PC6,TIM8.CH1,timer,default,3,4,confirmed
CH32V305,PC7,TIM3.CH2,timer,remap-3,2,4,confirmed
CH32V305,PC7,TIM8.CH2,timer,default,2,4,confirmed
CH32V305,PC8,TIM3.CH3,timer,remap-3,3,4,confirmed
CH32V305,PC8,TIM8.CH3,timer,default,3,4,confirmed
CH32V305,PC9,TIM3.CH4,timer,remap-3,3,4,confirmed
CH32V305,PC9,TIM8.CH4,timer,default,3,4,confirmed
CH32V305,PD2,TIM3.ETR,timer,default;remap-2;remap-3,2,4,confirmed
CH32V305,PD2,USART5.RX,uart,default,2,4,confirmed
CH32V307,PA0-WKUP,ADC1.IN0,analog,default,3,3,confirmed
CH32V307,PA0-WKUP,OPA4.OUT0,analog,default,3,3,confirmed
CH32V307,PA0-WKUP,TIM2.CH1,timer,default;remap-2,3,3,confirmed
CH32V307,PA0-WKUP,TIM2.ETR,timer,default;remap-2,3,3,confirmed
CH32V307,PA0-WKUP,TIM5.CH1,timer,default,3,3,confirmed
CH32V307,PA0-WKUP,TIM8.ETR,timer,default;remap-1,3,3,confirmed
CH32V307,PA0-WKUP,USART2.CTS,uart,default,3,3,confirmed
CH32V307,PA1,ADC1.IN1,analog,default,3,3,confirmed
CH32V307,PA1,OPA3.OUT0,analog,default,3,3,confirmed
CH32V307,PA1,TIM2.CH2,timer,default;remap-2,3,3,confirmed
CH32V307,PA1,TIM5.CH2,timer,default,3,3,confirmed
CH32V307,PA1,TIM9.BKIN,timer,remap-1,3,3,confirmed
CH32V307,PA1,USART2.RTS,uart,default,3,3,confirmed
CH32V307,PA10,TIM1.CH3,timer,default;remap-1,3,3,confirmed
CH32V307,PA10,USART1.CK,uart,remap-2,3,3,confirmed
CH32V307,PA10,USART1.RX,uart,default,3,3,confirmed
CH32V307,PA11,TIM1.CH4,timer,default;remap-1,3,3,confirmed
CH32V307,PA11,USART1.CTS,uart,default;remap-1,3,3,confirmed
CH32V307,PA12,TIM1.ETR,timer,default;remap-1,3,3,confirmed
CH32V307,PA12,TIM10.CH1N,timer,default,3,3,confirmed
CH32V307,PA12,USART1.RTS,uart,default;remap-1,3,3,confirmed
CH32V307,PA13,TIM10.CH2N,timer,default,3,3,confirmed
CH32V307,PA13,TIM8.CH1N,timer,remap-1,3,3,confirmed
CH32V307,PA13,USART3.TX,uart,remap-2,3,3,confirmed
CH32V307,PA14,TIM10.CH3N,timer,default,3,3,confirmed
CH32V307,PA14,TIM8.CH2N,timer,remap-1,3,3,confirmed
CH32V307,PA14,USART3.RX,uart,remap-2,3,3,confirmed
CH32V307,PA14,USART8.TX,uart,remap-1,3,3,confirmed
CH32V307,PA15,SPI1.NSS,spi,remap-1,3,3,confirmed
CH32V307,PA15,SPI3.MOSI,spi,default,3,3,confirmed
CH32V307,PA15,SPI3.NSS,spi,default,3,3,confirmed
CH32V307,PA15,TIM2.CH1,timer,remap-1;remap-3,3,3,confirmed
CH32V307,PA15,TIM2.ETR,timer,remap-1;remap-3,3,3,confirmed
CH32V307,PA15,TIM8.CH3N,timer,remap-1,3,3,confirmed
CH32V307,PA15,USART8.RX,uart,remap-1,3,3,confirmed
CH32V307,PA2,ADC1.IN2,analog,default,3,3,confirmed
CH32V307,PA2,OPA2.OUT0,analog,default,3,3,confirmed
CH32V307,PA2,TIM2.CH3,timer,default;remap-1,3,3,confirmed
CH32V307,PA2,TIM5.CH3,timer,default,3,3,confirmed
CH32V307,PA2,TIM9.CH1,timer,default;remap-1,3,3,confirmed
CH32V307,PA2,TIM9.ETR,timer,default;remap-1,3,3,confirmed
CH32V307,PA2,USART2.TX,uart,default,3,3,confirmed
CH32V307,PA3,ADC1.IN3,analog,default,3,3,confirmed
CH32V307,PA3,OPA1.OUT0,analog,default,3,3,confirmed
CH32V307,PA3,TIM2.CH4,timer,default;remap-1,3,3,confirmed
CH32V307,PA3,TIM5.CH4,timer,default,3,3,confirmed
CH32V307,PA3,TIM9.CH2,timer,default;remap-1,3,3,confirmed
CH32V307,PA3,USART2.RX,uart,default,3,3,confirmed
CH32V307,PA4,ADC1.IN4,analog,default,3,3,confirmed
CH32V307,PA4,DAC1.OUT,analog,default,3,3,confirmed
CH32V307,PA4,SPI1.NSS,spi,default,3,3,confirmed
CH32V307,PA4,SPI3.NSS,spi,remap-1,3,3,confirmed
CH32V307,PA4,TIM9.CH3,timer,default;remap-1,3,3,confirmed
CH32V307,PA4,USART2.CK,uart,default,3,3,confirmed
CH32V307,PA5,ADC1.IN5,analog,default,3,3,confirmed
CH32V307,PA5,DAC2.OUT,analog,default,3,3,confirmed
CH32V307,PA5,OPA2.CH1N,analog,default,3,3,confirmed
CH32V307,PA5,SPI1.SCK,spi,default,3,3,confirmed
CH32V307,PA5,TIM10.CH1N,timer,remap-1,3,3,confirmed
CH32V307,PA5,USART1.CK,uart,remap-3,3,3,confirmed
CH32V307,PA5,USART1.CTS,uart,remap-2,3,3,confirmed
CH32V307,PA6,ADC1.IN6,analog,default,3,3,confirmed
CH32V307,PA6,OPA1.CH1N,analog,default,3,3,confirmed
CH32V307,PA6,SPI1.MISO,spi,default,3,3,confirmed
CH32V307,PA6,TIM1.BKIN,timer,remap-1,3,3,confirmed
CH32V307,PA6,TIM10.CH2N,timer,remap-1,3,3,confirmed
CH32V307,PA6,TIM3.CH1,timer,default,3,3,confirmed
CH32V307,PA6,TIM8.BKIN,timer,default,3,3,confirmed
CH32V307,PA6,USART1.TX,uart,remap-3,3,3,confirmed
CH32V307,PA6,USART7.TX,uart,remap-1,3,3,confirmed
CH32V307,PA7,ADC1.IN7,analog,default,3,3,confirmed
CH32V307,PA7,OPA2.CH1P,analog,default,3,3,confirmed
CH32V307,PA7,SPI1.MOSI,spi,default,3,3,confirmed
CH32V307,PA7,TIM1.CH1N,timer,remap-1,3,3,confirmed
CH32V307,PA7,TIM10.CH3N,timer,remap-1,3,3,confirmed
CH32V307,PA7,TIM3.CH2,timer,default,3,3,confirmed
CH32V307,PA7,TIM8.CH1N,timer,default,3,3,confirmed
CH32V307,PA7,USART1.RX,uart,remap-3,3,3,confirmed
CH32V307,PA7,USART7.RX,uart,remap-1,3,3,confirmed
CH32V307,PA8,RCC.MCO,clock,default,3,3,confirmed
CH32V307,PA8,TIM1.CH1,timer,default;remap-1,3,3,confirmed
CH32V307,PA8,USART1.CK,uart,default;remap-1,3,3,confirmed
CH32V307,PA8,USART1.RX,uart,remap-2,3,3,confirmed
CH32V307,PA9,TIM1.CH2,timer,default;remap-1,3,3,confirmed
CH32V307,PA9,USART1.RTS,uart,remap-2,3,3,confirmed
CH32V307,PA9,USART1.TX,uart,default,3,3,confirmed
CH32V307,PB0,ADC1.IN8,analog,default,3,3,confirmed
CH32V307,PB0,OPA1.CH1P,analog,default,3,3,confirmed
CH32V307,PB0,TIM1.CH2N,timer,remap-1,3,3,confirmed
CH32V307,PB0,TIM3.CH3,timer,default;remap-2,3,3,confirmed
CH32V307,PB0,TIM8.CH2N,timer,default,3,3,confirmed
CH32V307,PB0,TIM9.CH1N,timer,remap-1,3,3,confirmed
CH32V307,PB0,USART4.TX,uart,remap-1,3,3,confirmed
CH32V307,PB1,ADC1.IN9,analog,default,3,3,confirmed
CH32V307,PB1,OPA4.CH0N,analog,default,3,3,confirmed
CH32V307,PB1,TIM1.CH3N,timer,remap-1,3,3,confirmed
CH32V307,PB1,TIM3.CH4,timer,default;remap-2,3,3,confirmed
CH32V307,PB1,TIM8.CH3N,timer,default,3,3,confirmed
CH32V307,PB1,TIM9.CH2N,timer,remap-1,3,3,confirmed
CH32V307,PB1,USART4.RX,uart,remap-1,3,3,confirmed
CH32V307,PB10,I2C2.SCL,i2c,default,3,3,confirmed
CH32V307,PB10,OPA2.CH0N,analog,default,3,3,confirmed
CH32V307,PB10,TIM10.BKIN,timer,remap-1,3,3,confirmed
CH32V307,PB10,TIM2.CH3,timer,remap-2;remap-3,3,3,confirmed
CH32V307,PB10,USART3.TX,uart,default,3,3,confirmed
CH32V307,PB11,I2C2.SDA,i2c,default,3,3,confirmed
CH32V307,PB11,OPA1.CH0N,analog,default,3,3,confirmed
CH32V307,PB11,TIM10.ETR,timer,remap-1,3,3,confirmed
CH32V307,PB11,TIM2.CH4,timer,remap-2;remap-3,3,3,confirmed
CH32V307,PB11,USART3.RX,uart,default,3,3,confirmed
CH32V307,PB12,I2C2.SMBA,i2c,default,3,3,confirmed
CH32V307,PB12,OPA4.CH0P,analog,default,3,3,confirmed
CH32V307,PB12,SPI2.NSS,spi,default,3,3,confirmed
CH32V307,PB12,TIM1.BKIN,timer,default,3,3,confirmed
CH32V307,PB12,USART3.CK,uart,default,3,3,confirmed
CH32V307,PB13,OPA3.CH0P,analog,default,3,3,confirmed
CH32V307,PB13,SPI2.SCK,spi,default,3,3,confirmed
CH32V307,PB13,TIM1.CH1N,timer,default,3,3,confirmed
CH32V307,PB13,USART3.CTS,uart,default;remap-1,3,3,confirmed
CH32V307,PB14,OPA2.CH0P,analog,default,3,3,confirmed
CH32V307,PB14,SPI2.MISO,spi,default,3,3,confirmed
CH32V307,PB14,TIM1.CH2N,timer,default,3,3,confirmed
CH32V307,PB14,USART3.RTS,uart,default;remap-1,3,3,confirmed
CH32V307,PB15,OPA1.CH0P,analog,default,3,3,confirmed
CH32V307,PB15,SPI2.MOSI,spi,default,3,3,confirmed
CH32V307,PB15,TIM1.CH3N,timer,default,3,3,confirmed
CH32V307,PB15,USART1.TX,uart,remap-2,3,3,confirmed
CH32V307,PB2,OPA3.CH0N,analog,default,3,3,confirmed
CH32V307,PB2,TIM9.CH3N,timer,remap-1,3,3,confirmed
CH32V307,PB3,SPI1.SCK,spi,remap-1,3,3,confirmed
CH32V307,PB3,SPI3.SCK,spi,default,3,3,confirmed
CH32V307,PB3,TIM10.CH1,timer,remap-1,3,3,confirmed
CH32V307,PB3,TIM2.CH2,timer,remap-1;remap-3,3,3,confirmed
CH32V307,PB4,SPI1.MISO,spi,remap-1,3,3,confirmed
CH32V307,PB4,SPI3.MISO,spi,default,3,3,confirmed
CH32V307,PB4,TIM10.CH2,timer,remap-1,3,3,confirmed
CH32V307,PB4,TIM3.CH1,timer,remap-2,3,3,confirmed
CH32V307,PB4,USART5.TX,uart,remap-1,3,3,confirmed
CH32V307,PB5,I2C1.SMBA,i2c,default,3,3,confirmed
CH32V307,PB5,SPI1.MOSI,spi,remap-1,3,3,confirmed
CH32V307,PB5,SPI3.MOSI,spi,default,3,3,confirmed
CH32V307,PB5,TIM10.CH3,timer,remap-1,3,3,confirmed
CH32V307,PB5,TIM3.CH2,timer,remap-2,3,3,confirmed
CH32V307,PB5,USART5.RX,uart,remap-1,3,3,confirmed
CH32V307,PB6,I2C1.SCL,i2c,default,3,3,confirmed
CH32V307,PB6,TIM4.CH1,timer,default,3,3,confirmed
CH32V307,PB6,TIM8.CH1,timer,remap-1,3,3,confirmed
CH32V307,PB6,USART1.TX,uart,remap-1,3,3,confirmed
CH32V307,PB7,I2C1.SDA,i2c,default,3,3,confirmed
CH32V307,PB7,TIM4.CH2,timer,default,3,3,confirmed
CH32V307,PB7,TIM8.CH2,timer,remap-1,3,3,confirmed
CH32V307,PB7,USART1.RX,uart,remap-1,3,3,confirmed
CH32V307,PB8,I2C1.SCL,i2c,remap-1,3,3,confirmed
CH32V307,PB8,TIM10.CH1,timer,default,3,3,confirmed
CH32V307,PB8,TIM4.CH3,timer,default,3,3,confirmed
CH32V307,PB8,TIM8.CH3,timer,remap-1,3,3,confirmed
CH32V307,PB8,USART6.TX,uart,remap-1,3,3,confirmed
CH32V307,PB9,I2C1.SDA,i2c,remap-1,3,3,confirmed
CH32V307,PB9,TIM10.CH2,timer,default,3,3,confirmed
CH32V307,PB9,TIM4.CH4,timer,default,3,3,confirmed
CH32V307,PB9,TIM8.BKIN,timer,remap-1,3,3,confirmed
CH32V307,PB9,USART6.RX,uart,remap-1,3,3,confirmed
CH32V307,PC0,ADC1.IN10,analog,default,3,3,confirmed
CH32V307,PC0,TIM9.CH1N,timer,default,3,3,confirmed
CH32V307,PC0,USART6.TX,uart,default,3,3,confirmed
CH32V307,PC1,ADC1.IN11,analog,default,3,3,confirmed
CH32V307,PC1,TIM9.CH2N,timer,default,3,3,confirmed
CH32V307,PC1,USART6.RX,uart,default,3,3,confirmed
CH32V307,PC10,SPI3.SCK,spi,remap-1,3,3,confirmed
CH32V307,PC10,TIM10.ETR,timer,default,3,3,confirmed
CH32V307,PC10,USART3.TX,uart,remap-1,3,3,confirmed
CH32V307,PC10,USART4.TX,uart,default,3,3,confirmed
CH32V307,PC11,SPI3.MISO,spi,remap-1,3,3,confirmed
CH32V307,PC11,TIM10.CH4,timer,default,3,3,confirmed
CH32V307,PC11,USART3.RX,uart,remap-1,3,3,confirmed
CH32V307,PC11,USART4.RX,uart,default,3,3,confirmed
CH32V307,PC12,SPI3.MOSI,spi,remap-1,3,3,confirmed
CH32V307,PC12,TIM10.BKIN,timer,default,3,3,confirmed
CH32V307,PC12,USART3.CK,uart,remap-1,3,3,confirmed
CH32V307,PC12,USART5.TX,uart,default,3,3,confirmed
CH32V307,PC13-TAMPER-RTC,TIM8.CH4,timer,remap-1,3,3,confirmed
CH32V307,PC14-OSC32_IN,TIM9.CH4,timer,remap-1,3,3,confirmed
CH32V307,PC15-OSC32_OUT,TIM10.CH4,timer,remap-1,3,3,confirmed
CH32V307,PC2,ADC1.IN12,analog,default,3,3,confirmed
CH32V307,PC2,OPA3.CH1N,analog,default,3,3,confirmed
CH32V307,PC2,TIM9.CH3N,timer,default,3,3,confirmed
CH32V307,PC2,USART7.TX,uart,default,3,3,confirmed
CH32V307,PC3,ADC1.IN13,analog,default,3,3,confirmed
CH32V307,PC3,OPA4.CH1N,analog,default,3,3,confirmed
CH32V307,PC3,TIM10.CH3,timer,default,3,3,confirmed
CH32V307,PC3,USART7.RX,uart,default,3,3,confirmed
CH32V307,PC4,ADC1.IN14,analog,default,3,3,confirmed
CH32V307,PC4,OPA4.CH1P,analog,default,3,3,confirmed
CH32V307,PC4,TIM9.CH4,timer,default,3,3,confirmed
CH32V307,PC4,USART1.CTS,uart,remap-3,3,3,confirmed
CH32V307,PC4,USART8.TX,uart,default,3,3,confirmed
CH32V307,PC5,ADC1.IN15,analog,default,3,3,confirmed
CH32V307,PC5,OPA3.CH1P,analog,default,3,3,confirmed
CH32V307,PC5,TIM9.BKIN,timer,default,3,3,confirmed
CH32V307,PC5,USART1.RTS,uart,remap-3,3,3,confirmed
CH32V307,PC5,USART8.RX,uart,default,3,3,confirmed
CH32V307,PC6,TIM3.CH1,timer,remap-3,3,3,confirmed
CH32V307,PC6,TIM8.CH1,timer,default,3,3,confirmed
CH32V307,PC7,TIM3.CH2,timer,remap-3,3,3,confirmed
CH32V307,PC7,TIM8.CH2,timer,default,3,3,confirmed
CH32V307,PC8,TIM3.CH3,timer,remap-3,3,3,confirmed
CH32V307,PC8,TIM8.CH3,timer,default,3,3,confirmed
CH32V307,PC9,TIM3.CH4,timer,remap-3,3,3,confirmed
CH32V307,PC9,TIM8.CH4,timer,default,3,3,confirmed
CH32V307,PD0,TIM10.ETR,timer,remap-2;remap-3,1,3,confirmed
CH32V307,PD1,TIM10.CH1,timer,remap-2;remap-3,1,3,confirmed
CH32V307,PD10,TIM9.CH2N,timer,remap-2;remap-3,1,3,confirmed
CH32V307,PD10,USART3.CK,uart,remap-2;remap-3,1,3,confirmed
CH32V307,PD11,TIM9.CH2,timer,remap-2;remap-3,1,3,confirmed
CH32V307,PD11,USART3.CTS,uart,remap-2;remap-3,1,3,confirmed
CH32V307,PD12,TIM4.CH1,timer,remap-1,1,3,confirmed
CH32V307,PD12,TIM9.CH3N,timer,remap-2;remap-3,1,3,confirmed
CH32V307,PD12,USART3.RTS,uart,remap-2;remap-3,1,3,confirmed
CH32V307,PD13,TIM4.CH2,timer,remap-1,1,3,confirmed
CH32V307,PD13,TIM9.CH3,timer,remap-2;remap-3,1,3,confirmed
CH32V307,PD14,TIM4.CH3,timer,remap-1,1,3,confirmed
CH32V307,PD14,TIM9.BKIN,timer,remap-2;remap-3,1,3,confirmed
CH32V307,PD15,TIM4.CH4,timer,remap-1,1,3,confirmed
CH32V307,PD15,TIM9.CH4,timer,remap-2;remap-3,1,3,confirmed
CH32V307,PD2,TIM3.ETR,timer,default;remap-2;remap-3,3,3,confirmed
CH32V307,PD2,USART5.RX,uart,default,3,3,confirmed
CH32V307,PD3,TIM10.CH2,timer,remap-2;remap-3,1,3,confirmed
CH32V307,PD3,USART2.CTS,uart,remap-1,1,3,confirmed
CH32V307,PD4,USART2.RTS,uart,remap-1,1,3,confirmed
CH32V307,PD5,TIM10.CH3,timer,remap-2;remap-3,1,3,confirmed
CH32V307,PD5,USART2.TX,uart,remap-1,1,3,confirmed
CH32V307,PD6,USART2.RX,uart,remap-1,1,3,confirmed
CH32V307,PD7,TIM10.CH4,timer,remap-2;remap-3,1,3,confirmed
CH32V307,PD7,USART2.CK,uart,remap-1,1,3,confirmed
CH32V307,PD8,TIM9.CH1N,timer,remap-2;remap-3,2,3,confirmed
CH32V307,PD8,USART3.TX,uart,remap-3,2,3,confirmed
CH32V307,PD9,TIM9.CH1,timer,remap-2;remap-3,2,3,confirmed
CH32V307,PD9,TIM9.ETR,timer,remap-2;remap-3,2,3,confirmed
CH32V307,PD9,USART3.RX,uart,remap-3,2,3,confirmed
CH32V307,PE0,TIM4.ETR,timer,default;remap-1,2,3,confirmed
CH32V307,PE0,USART4.TX,uart,remap-2;remap-3,2,3,confirmed
CH32V307,PE1,USART4.RX,uart,remap-2;remap-3,1,3,confirmed
CH32V307,PE10,TIM1.CH2N,timer,remap-3,1,3,confirmed
CH32V307,PE10,USART6.TX,uart,remap-2;remap-3,1,3,confirmed
CH32V307,PE11,TIM1.CH2,timer,remap-3,1,3,confirmed
CH32V307,PE11,USART6.RX,uart,remap-2;remap-3,1,3,confirmed
CH32V307,PE12,TIM1.CH3N,timer,remap-3,1,3,confirmed
CH32V307,PE12,USART7.TX,uart,remap-2;remap-3,1,3,confirmed
CH32V307,PE13,TIM1.CH3,timer,remap-3,1,3,confirmed
CH32V307,PE13,USART7.RX,uart,remap-2;remap-3,1,3,confirmed
CH32V307,PE14,OPA2.OUT1,analog,default,1,3,confirmed
CH32V307,PE14,TIM1.CH4,timer,remap-3,1,3,confirmed
CH32V307,PE14,USART8.TX,uart,remap-2;remap-3,1,3,confirmed
CH32V307,PE15,OPA1.OUT1,analog,default,1,3,confirmed
CH32V307,PE15,TIM1.BKIN,timer,remap-3,1,3,confirmed
CH32V307,PE15,USART8.RX,uart,remap-2;remap-3,1,3,confirmed
CH32V307,PE2,TIM10.BKIN,timer,remap-2;remap-3,1,3,confirmed
CH32V307,PE3,TIM10.CH1N,timer,remap-2;remap-3,1,3,confirmed
CH32V307,PE4,TIM10.CH2N,timer,remap-2;remap-3,1,3,confirmed
CH32V307,PE5,TIM10.CH3N,timer,remap-2;remap-3,1,3,confirmed
CH32V307,PE7,OPA3.OUT1,analog,default,1,3,confirmed
CH32V307,PE7,TIM1.ETR,timer,remap-3,1,3,confirmed
CH32V307,PE8,OPA4.OUT1,analog,default,1,3,confirmed
CH32V307,PE8,TIM1.CH1N,timer,remap-3,1,3,confirmed
CH32V307,PE8,USART5.TX,uart,remap-2;remap-3,1,3,confirmed
CH32V307,PE9,TIM1.CH1,timer,remap-3,1,3,confirmed
CH32V307,PE9,USART5.RX,uart,remap-2;remap-3,1,3,confirmed
CH32V317,PA0-WKUP,ADC1.IN0,analog,default,2,2,confirmed
CH32V317,PA0-WKUP,OPA4.OUT0,analog,default,2,2,confirmed
CH32V317,PA0-WKUP,TIM2.CH1,timer,default;remap-2,2,2,confirmed
CH32V317,PA0-WKUP,TIM2.ETR,timer,default;remap-2,2,2,confirmed
CH32V317,PA0-WKUP,TIM5.CH1,timer,default,2,2,confirmed
CH32V317,PA0-WKUP,TIM8.ETR,timer,default;remap-1,2,2,confirmed
CH32V317,PA0-WKUP,USART2.CTS,uart,default,2,2,confirmed
CH32V317,PA1,ADC1.IN1,analog,default,2,2,confirmed
CH32V317,PA1,OPA3.OUT0,analog,default,2,2,confirmed
CH32V317,PA1,TIM2.CH2,timer,default;remap-2,2,2,confirmed
CH32V317,PA1,TIM5.CH2,timer,default,2,2,confirmed
CH32V317,PA1,TIM9.BKIN,timer,remap-1,2,2,confirmed
CH32V317,PA1,USART2.RTS,uart,default,2,2,confirmed
CH32V317,PA10,TIM1.CH3,timer,default;remap-1,2,2,confirmed
CH32V317,PA10,USART1.CK,uart,remap-2,2,2,confirmed
CH32V317,PA10,USART1.RX,uart,default,2,2,confirmed
CH32V317,PA11,TIM1.CH4,timer,default;remap-1,2,2,confirmed
CH32V317,PA11,USART1.CTS,uart,default;remap-1,2,2,confirmed
CH32V317,PA12,TIM1.ETR,timer,default;remap-1,2,2,confirmed
CH32V317,PA12,TIM10.CH1N,timer,default,2,2,confirmed
CH32V317,PA12,USART1.RTS,uart,default;remap-1,2,2,confirmed
CH32V317,PA13,TIM10.CH2N,timer,default,2,2,confirmed
CH32V317,PA13,TIM8.CH1N,timer,remap-1,2,2,confirmed
CH32V317,PA13,USART3.TX,uart,remap-2,2,2,confirmed
CH32V317,PA14,TIM10.CH3N,timer,default,2,2,confirmed
CH32V317,PA14,TIM8.CH2N,timer,remap-1,2,2,confirmed
CH32V317,PA14,USART3.RX,uart,remap-2,2,2,confirmed
CH32V317,PA14,USART8.TX,uart,remap-1,2,2,confirmed
CH32V317,PA15,SPI1.NSS,spi,remap-1,2,2,confirmed
CH32V317,PA15,SPI3.NSS,spi,default,2,2,confirmed
CH32V317,PA15,TIM2.CH1,timer,remap-1;remap-3,2,2,confirmed
CH32V317,PA15,TIM2.ETR,timer,remap-1;remap-3,2,2,confirmed
CH32V317,PA15,TIM8.CH3N,timer,remap-1,2,2,confirmed
CH32V317,PA15,USART8.RX,uart,remap-1,2,2,confirmed
CH32V317,PA2,ADC1.IN2,analog,default,2,2,confirmed
CH32V317,PA2,OPA2.OUT0,analog,default,2,2,confirmed
CH32V317,PA2,TIM2.CH3,timer,default;remap-1,2,2,confirmed
CH32V317,PA2,TIM5.CH3,timer,default,2,2,confirmed
CH32V317,PA2,TIM9.CH1,timer,default;remap-1,2,2,confirmed
CH32V317,PA2,TIM9.ETR,timer,default;remap-1,2,2,confirmed
CH32V317,PA2,USART2.TX,uart,default,2,2,confirmed
CH32V317,PA3,ADC1.IN3,analog,default,2,2,confirmed
CH32V317,PA3,OPA1.OUT0,analog,default,2,2,confirmed
CH32V317,PA3,TIM2.CH4,timer,default;remap-1,2,2,confirmed
CH32V317,PA3,TIM5.CH4,timer,default,2,2,confirmed
CH32V317,PA3,TIM9.CH2,timer,default;remap-1,2,2,confirmed
CH32V317,PA3,USART2.RX,uart,default,2,2,confirmed
CH32V317,PA4,ADC1.IN4,analog,default,2,2,confirmed
CH32V317,PA4,DAC1.OUT,analog,default,2,2,confirmed
CH32V317,PA4,SPI1.NSS,spi,default,2,2,confirmed
CH32V317,PA4,SPI3.NSS,spi,remap-1,2,2,confirmed
CH32V317,PA4,TIM9.CH3,timer,default;remap-1,2,2,confirmed
CH32V317,PA4,USART2.CK,uart,default,2,2,confirmed
CH32V317,PA5,ADC1.IN5,analog,default,2,2,confirmed
CH32V317,PA5,DAC2.OUT,analog,default,2,2,confirmed
CH32V317,PA5,OPA2.CH1N,analog,default,2,2,confirmed
CH32V317,PA5,SPI1.SCK,spi,default,2,2,confirmed
CH32V317,PA5,TIM10.CH1N,timer,remap-1,2,2,confirmed
CH32V317,PA5,USART1.CK,uart,remap-3,2,2,confirmed
CH32V317,PA5,USART1.CTS,uart,remap-2,2,2,confirmed
CH32V317,PA6,ADC1.IN6,analog,default,2,2,confirmed
CH32V317,PA6,OPA1.CH1N,analog,default,2,2,confirmed
CH32V317,PA6,SPI1.MISO,spi,default,2,2,confirmed
CH32V317,PA6,TIM1.BKIN,timer,remap-1,2,2,confirmed
CH32V317,PA6,TIM10.CH2N,timer,remap-1,2,2,confirmed
CH32V317,PA6,TIM3.CH1,timer,default,2,2,confirmed
CH32V317,PA6,TIM8.BKIN,timer,default,2,2,confirmed
CH32V317,PA6,USART1.TX,uart,remap-3,2,2,confirmed
CH32V317,PA6,USART7.TX,uart,remap-1,2,2,confirmed
CH32V317,PA7,ADC1.IN7,analog,default,2,2,confirmed
CH32V317,PA7,OPA2.CH1P,analog,default,2,2,confirmed
CH32V317,PA7,SPI1.MOSI,spi,default,2,2,confirmed
CH32V317,PA7,TIM1.CH1N,timer,remap-1,2,2,confirmed
CH32V317,PA7,TIM10.CH3N,timer,remap-1,2,2,confirmed
CH32V317,PA7,TIM3.CH2,timer,default,2,2,confirmed
CH32V317,PA7,TIM8.CH1N,timer,default,2,2,confirmed
CH32V317,PA7,USART1.RX,uart,remap-3,2,2,confirmed
CH32V317,PA7,USART7.RX,uart,remap-1,2,2,confirmed
CH32V317,PA8,RCC.MCO,clock,default,2,2,confirmed
CH32V317,PA8,TIM1.CH1,timer,default;remap-1,2,2,confirmed
CH32V317,PA8,USART1.CK,uart,default;remap-1,2,2,confirmed
CH32V317,PA8,USART1.RX,uart,remap-2,2,2,confirmed
CH32V317,PA9,TIM1.CH2,timer,default;remap-1,2,2,confirmed
CH32V317,PA9,USART1.RTS,uart,remap-2,2,2,confirmed
CH32V317,PA9,USART1.TX,uart,default,2,2,confirmed
CH32V317,PB0,ADC1.IN8,analog,default,2,2,confirmed
CH32V317,PB0,OPA1.CH1P,analog,default,2,2,confirmed
CH32V317,PB0,TIM1.CH2N,timer,remap-1,2,2,confirmed
CH32V317,PB0,TIM3.CH3,timer,default;remap-2,2,2,confirmed
CH32V317,PB0,TIM8.CH2N,timer,default,2,2,confirmed
CH32V317,PB0,TIM9.CH1N,timer,remap-1,2,2,confirmed
CH32V317,PB0,USART4.TX,uart,remap-1,2,2,confirmed
CH32V317,PB1,ADC1.IN9,analog,default,2,2,confirmed
CH32V317,PB1,OPA4.CH0N,analog,default,2,2,confirmed
CH32V317,PB1,TIM1.CH3N,timer,remap-1,2,2,confirmed
CH32V317,PB1,TIM3.CH4,timer,default;remap-2,2,2,confirmed
CH32V317,PB1,TIM8.CH3N,timer,default,2,2,confirmed
CH32V317,PB1,TIM9.CH2N,timer,remap-1,2,2,confirmed
CH32V317,PB1,USART4.RX,uart,remap-1,2,2,confirmed
CH32V317,PB10,I2C2.SCL,i2c,default,2,2,confirmed
CH32V317,PB10,OPA2.CH0N,analog,default,2,2,confirmed
CH32V317,PB10,TIM10.BKIN,timer,remap-1,2,2,confirmed
CH32V317,PB10,TIM2.CH3,timer,remap-2;remap-3,2,2,confirmed
CH32V317,PB10,USART3.TX,uart,default,2,2,confirmed
CH32V317,PB11,I2C2.SDA,i2c,default,2,2,confirmed
CH32V317,PB11,OPA1.CH0N,analog,default,2,2,confirmed
CH32V317,PB11,TIM10.ETR,timer,remap-1,2,2,confirmed
CH32V317,PB11,TIM2.CH4,timer,remap-2;remap-3,2,2,confirmed
CH32V317,PB11,USART3.RX,uart,default,2,2,confirmed
CH32V317,PB12,I2C2.SMBA,i2c,default,2,2,confirmed
CH32V317,PB12,OPA4.CH0P,analog,default,2,2,confirmed
CH32V317,PB12,SPI2.NSS,spi,default,2,2,confirmed
CH32V317,PB12,TIM1.BKIN,timer,default,2,2,confirmed
CH32V317,PB12,USART3.CK,uart,default,2,2,confirmed
CH32V317,PB13,OPA3.CH0P,analog,default,2,2,confirmed
CH32V317,PB13,SPI2.SCK,spi,default,2,2,confirmed
CH32V317,PB13,TIM1.CH1N,timer,default,2,2,confirmed
CH32V317,PB13,USART3.CTS,uart,default;remap-1,2,2,confirmed
CH32V317,PB14,OPA2.CH0P,analog,default,2,2,confirmed
CH32V317,PB14,SPI2.MISO,spi,default,2,2,confirmed
CH32V317,PB14,TIM1.CH2N,timer,default,2,2,confirmed
CH32V317,PB14,USART3.RTS,uart,default;remap-1,2,2,confirmed
CH32V317,PB15,OPA1.CH0P,analog,default,2,2,confirmed
CH32V317,PB15,SPI2.MOSI,spi,default,2,2,confirmed
CH32V317,PB15,TIM1.CH3N,timer,default,2,2,confirmed
CH32V317,PB15,USART1.TX,uart,remap-2,2,2,confirmed
CH32V317,PB2,OPA3.CH0N,analog,default,2,2,confirmed
CH32V317,PB2,TIM9.CH3N,timer,remap-1,2,2,confirmed
CH32V317,PB3,SPI1.SCK,spi,remap-1,2,2,confirmed
CH32V317,PB3,SPI3.SCK,spi,default,2,2,confirmed
CH32V317,PB3,TIM10.CH1,timer,remap-1,2,2,confirmed
CH32V317,PB3,TIM2.CH2,timer,remap-1;remap-3,2,2,confirmed
CH32V317,PB4,SPI1.MISO,spi,remap-1,2,2,confirmed
CH32V317,PB4,SPI3.MISO,spi,default,2,2,confirmed
CH32V317,PB4,TIM10.CH2,timer,remap-1,2,2,confirmed
CH32V317,PB4,TIM3.CH1,timer,remap-2,2,2,confirmed
CH32V317,PB4,USART5.TX,uart,remap-1,2,2,confirmed
CH32V317,PB5,I2C1.SMBA,i2c,default,2,2,confirmed
CH32V317,PB5,SPI1.MOSI,spi,remap-1,2,2,confirmed
CH32V317,PB5,SPI3.MOSI,spi,default,2,2,confirmed
CH32V317,PB5,TIM10.CH3,timer,remap-1,2,2,confirmed
CH32V317,PB5,TIM3.CH2,timer,remap-2,2,2,confirmed
CH32V317,PB5,USART5.RX,uart,remap-1,2,2,confirmed
CH32V317,PB6,I2C1.SCL,i2c,default,2,2,confirmed
CH32V317,PB6,TIM4.CH1,timer,default,2,2,confirmed
CH32V317,PB6,TIM8.CH1,timer,remap-1,2,2,confirmed
CH32V317,PB6,USART1.TX,uart,remap-1,2,2,confirmed
CH32V317,PB7,I2C1.SDA,i2c,default,2,2,confirmed
CH32V317,PB7,TIM4.CH2,timer,default,2,2,confirmed
CH32V317,PB7,TIM8.CH2,timer,remap-1,2,2,confirmed
CH32V317,PB7,USART1.RX,uart,remap-1,2,2,confirmed
CH32V317,PB8,I2C1.SCL,i2c,remap-1,2,2,confirmed
CH32V317,PB8,TIM10.CH1,timer,default,2,2,confirmed
CH32V317,PB8,TIM4.CH3,timer,default,2,2,confirmed
CH32V317,PB8,TIM8.CH3,timer,remap-1,2,2,confirmed
CH32V317,PB8,USART6.TX,uart,remap-1,2,2,confirmed
CH32V317,PB9,I2C1.SDA,i2c,remap-1,2,2,confirmed
CH32V317,PB9,TIM10.CH2,timer,default,2,2,confirmed
CH32V317,PB9,TIM4.CH4,timer,default,2,2,confirmed
CH32V317,PB9,TIM8.BKIN,timer,remap-1,2,2,confirmed
CH32V317,PB9,USART6.RX,uart,remap-1,2,2,confirmed
CH32V317,PC0,ADC1.IN10,analog,default,2,2,confirmed
CH32V317,PC0,TIM9.CH1N,timer,default,2,2,confirmed
CH32V317,PC0,USART6.TX,uart,default,2,2,confirmed
CH32V317,PC1,ADC1.IN11,analog,default,2,2,confirmed
CH32V317,PC1,TIM9.CH2N,timer,default,2,2,confirmed
CH32V317,PC1,USART6.RX,uart,default,2,2,confirmed
CH32V317,PC10,SPI3.SCK,spi,remap-1,2,2,confirmed
CH32V317,PC10,TIM10.ETR,timer,default,2,2,confirmed
CH32V317,PC10,USART3.TX,uart,remap-1,2,2,confirmed
CH32V317,PC10,USART4.TX,uart,default,2,2,confirmed
CH32V317,PC11,SPI3.MISO,spi,remap-1,2,2,confirmed
CH32V317,PC11,TIM10.CH4,timer,default,2,2,confirmed
CH32V317,PC11,USART3.RX,uart,remap-1,2,2,confirmed
CH32V317,PC11,USART4.RX,uart,default,2,2,confirmed
CH32V317,PC12,SPI3.MOSI,spi,remap-1,2,2,confirmed
CH32V317,PC12,TIM10.BKIN,timer,default,2,2,confirmed
CH32V317,PC12,USART3.CK,uart,remap-1,2,2,confirmed
CH32V317,PC12,USART5.TX,uart,default,2,2,confirmed
CH32V317,PC13-TAMPER-RTC,TIM8.CH4,timer,remap-1,2,2,confirmed
CH32V317,PC14-OSC32_IN,TIM9.CH4,timer,remap-1,2,2,confirmed
CH32V317,PC15-OSC32_OUT,TIM10.CH4,timer,remap-1,2,2,confirmed
CH32V317,PC2,ADC1.IN12,analog,default,2,2,confirmed
CH32V317,PC2,OPA3.CH1N,analog,default,2,2,confirmed
CH32V317,PC2,TIM9.CH3N,timer,default,2,2,confirmed
CH32V317,PC2,USART7.TX,uart,default,2,2,confirmed
CH32V317,PC3,ADC1.IN13,analog,default,2,2,confirmed
CH32V317,PC3,OPA4.CH1N,analog,default,2,2,confirmed
CH32V317,PC3,TIM10.CH3,timer,default,2,2,confirmed
CH32V317,PC3,USART7.RX,uart,default,2,2,confirmed
CH32V317,PC4,ADC1.IN14,analog,default,2,2,confirmed
CH32V317,PC4,OPA4.CH1P,analog,default,2,2,confirmed
CH32V317,PC4,TIM9.CH4,timer,default,2,2,confirmed
CH32V317,PC4,USART1.CTS,uart,remap-3,2,2,confirmed
CH32V317,PC4,USART8.TX,uart,default,2,2,confirmed
CH32V317,PC5,ADC1.IN15,analog,default,2,2,confirmed
CH32V317,PC5,OPA3.CH1P,analog,default,2,2,confirmed
CH32V317,PC5,TIM9.BKIN,timer,default,2,2,confirmed
CH32V317,PC5,USART1.RTS,uart,remap-3,2,2,confirmed
CH32V317,PC5,USART8.RX,uart,default,2,2,confirmed
CH32V317,PC6,TIM3.CH1,timer,remap-3,1,2,confirmed
CH32V317,PC6,TIM8.CH1,timer,default,1,2,confirmed
CH32V317,PC7,TIM3.CH2,timer,remap-3,1,2,confirmed
CH32V317,PC7,TIM8.CH2,timer,default,1,2,confirmed
CH32V317,PC8,TIM3.CH3,timer,remap-3,1,2,confirmed
CH32V317,PC8,TIM8.CH3,timer,default,1,2,confirmed
CH32V317,PC9,TIM3.CH4,timer,remap-3,1,2,confirmed
CH32V317,PC9,TIM8.CH4,timer,default,1,2,confirmed
CH32V317,PD0,TIM10.ETR,timer,remap-2;remap-3,1,2,confirmed
CH32V317,PD1,TIM10.CH1,timer,remap-2;remap-3,1,2,confirmed
CH32V317,PD10,TIM9.CH2N,timer,remap-2;remap-3,1,2,confirmed
CH32V317,PD10,USART3.CK,uart,remap-2;remap-3,1,2,confirmed
CH32V317,PD11,TIM9.CH2,timer,remap-2;remap-3,1,2,confirmed
CH32V317,PD11,USART3.CTS,uart,remap-2;remap-3,1,2,confirmed
CH32V317,PD12,TIM4.CH1,timer,remap-1,1,2,confirmed
CH32V317,PD12,TIM9.CH3N,timer,remap-2;remap-3,1,2,confirmed
CH32V317,PD12,USART3.RTS,uart,remap-2;remap-3,1,2,confirmed
CH32V317,PD13,TIM4.CH2,timer,remap-1,1,2,confirmed
CH32V317,PD13,TIM9.CH3,timer,remap-2;remap-3,1,2,confirmed
CH32V317,PD14,TIM4.CH3,timer,remap-1,2,2,confirmed
CH32V317,PD14,TIM9.BKIN,timer,remap-2;remap-3,2,2,confirmed
CH32V317,PD15,TIM4.CH4,timer,remap-1,2,2,confirmed
CH32V317,PD15,TIM9.CH4,timer,remap-2;remap-3,2,2,confirmed
CH32V317,PD2,TIM3.ETR,timer,default;remap-2;remap-3,2,2,confirmed
CH32V317,PD2,USART5.RX,uart,default,2,2,confirmed
CH32V317,PD3,TIM10.CH2,timer,remap-2;remap-3,1,2,confirmed
CH32V317,PD3,USART2.CTS,uart,remap-1,1,2,confirmed
CH32V317,PD4,USART2.RTS,uart,remap-1,1,2,confirmed
CH32V317,PD5,TIM10.CH3,timer,remap-2;remap-3,1,2,confirmed
CH32V317,PD5,USART2.TX,uart,remap-1,1,2,confirmed
CH32V317,PD6,USART2.RX,uart,remap-1,1,2,confirmed
CH32V317,PD7,TIM10.CH4,timer,remap-2;remap-3,1,2,confirmed
CH32V317,PD7,USART2.CK,uart,remap-1,1,2,confirmed
CH32V317,PD9,TIM9.CH1,timer,remap-2;remap-3,1,2,confirmed
CH32V317,PD9,TIM9.ETR,timer,remap-2;remap-3,1,2,confirmed
CH32V317,PD9,USART3.RX,uart,remap-3,1,2,confirmed
CH32V317,PE0,TIM4.ETR,timer,default;remap-1,2,2,confirmed
CH32V317,PE0,USART4.TX,uart,remap-2;remap-3,2,2,confirmed
CH32V317,PE1,USART4.RX,uart,remap-2;remap-3,1,2,confirmed
CH32V317,PE2,TIM10.BKIN,timer,remap-2;remap-3,1,2,confirmed
CH32V317,PE3,TIM10.CH1N,timer,remap-2;remap-3,1,2,confirmed
CH32V317,PE4,TIM10.CH2N,timer,remap-2;remap-3,1,2,confirmed
CH32V317,PE5,TIM10.CH3N,timer,remap-2;remap-3,1,2,confirmed
CH32V407,PA0-WKUP,ADC1.IN0,analog,default,3,3,confirmed
CH32V407,PA0-WKUP,TIM2.CH1,timer,default;remap-2,3,3,confirmed
CH32V407,PA0-WKUP,TIM2.ETR,timer,default;remap-2,3,3,confirmed
CH32V407,PA0-WKUP,TIM5.CH1,timer,default,3,3,confirmed
CH32V407,PA0-WKUP,TIM8.ETR,timer,default;remap-1,3,3,confirmed
CH32V407,PA0-WKUP,USART2.CTS,uart,default,3,3,confirmed
CH32V407,PA1,ADC1.IN1,analog,default,3,3,confirmed
CH32V407,PA1,TIM2.CH2,timer,default;remap-2,3,3,confirmed
CH32V407,PA1,TIM5.CH2,timer,default,3,3,confirmed
CH32V407,PA1,USART2.RTS,uart,default,3,3,confirmed
CH32V407,PA10,TIM1.CH3,timer,default;remap-1,3,3,confirmed
CH32V407,PA10,USART1.CK,uart,remap-2,3,3,confirmed
CH32V407,PA10,USART1.RX,uart,default,3,3,confirmed
CH32V407,PA10,USART7.RX,uart,remap-2;remap-3,3,3,confirmed
CH32V407,PA11,TIM1.CH4,timer,default;remap-1,3,3,confirmed
CH32V407,PA11,USART1.CTS,uart,default;remap-1,3,3,confirmed
CH32V407,PA12,TIM1.ETR,timer,default;remap-1,3,3,confirmed
CH32V407,PA12,USART1.RTS,uart,default;remap-1,3,3,confirmed
CH32V407,PA13,TIM8.CH1N,timer,remap-1,3,3,confirmed
CH32V407,PA13,USART3.TX,uart,remap-2,3,3,confirmed
CH32V407,PA13,USART4.CTS,uart,default,3,3,confirmed
CH32V407,PA13,USART6.CK,uart,remap-2,3,3,confirmed
CH32V407,PA14,TIM8.CH2N,timer,remap-1,3,3,confirmed
CH32V407,PA14,USART3.RX,uart,remap-2,3,3,confirmed
CH32V407,PA14,USART6.CTS,uart,remap-2,3,3,confirmed
CH32V407,PA14,USART8.TX,uart,remap-1,3,3,confirmed
CH32V407,PA15,SPI1.NSS,spi,remap-1,3,3,confirmed
CH32V407,PA15,SPI3.NSS,spi,default,3,3,confirmed
CH32V407,PA15,TIM2.CH1,timer,remap-1;remap-3,3,3,confirmed
CH32V407,PA15,TIM2.ETR,timer,remap-1;remap-3,3,3,confirmed
CH32V407,PA15,TIM8.CH3N,timer,remap-1,3,3,confirmed
CH32V407,PA15,USART6.RTS,uart,remap-2,3,3,confirmed
CH32V407,PA15,USART8.RX,uart,remap-1,3,3,confirmed
CH32V407,PA2,ADC1.IN2,analog,default,3,3,confirmed
CH32V407,PA2,TIM2.CH3,timer,default;remap-1,3,3,confirmed
CH32V407,PA2,TIM5.CH3,timer,default,3,3,confirmed
CH32V407,PA2,USART2.TX,uart,default,3,3,confirmed
CH32V407,PA3,ADC1.IN3,analog,default,3,3,confirmed
CH32V407,PA3,TIM2.CH4,timer,default;remap-1,3,3,confirmed
CH32V407,PA3,TIM5.CH4,timer,default,3,3,confirmed
CH32V407,PA3,USART2.RX,uart,default,3,3,confirmed
CH32V407,PA4,ADC1.IN4,analog,default,3,3,confirmed
CH32V407,PA4,DAC1.OUT,analog,default,3,3,confirmed
CH32V407,PA4,SPI1.NSS,spi,default,3,3,confirmed
CH32V407,PA4,SPI3.NSS,spi,remap-1,3,3,confirmed
CH32V407,PA4,USART2.CK,uart,default,3,3,confirmed
CH32V407,PA4,USART9.TX,uart,remap-1,3,3,confirmed
CH32V407,PA5,ADC1.IN5,analog,default,3,3,confirmed
CH32V407,PA5,DAC2.OUT,analog,default,3,3,confirmed
CH32V407,PA5,OPA.N2,analog,default,3,3,confirmed
CH32V407,PA5,SPI1.SCK,spi,default,3,3,confirmed
CH32V407,PA5,USART1.CK,uart,remap-3,3,3,confirmed
CH32V407,PA5,USART1.CTS,uart,remap-2,3,3,confirmed
CH32V407,PA5,USART6.CK,uart,remap-3,3,3,confirmed
CH32V407,PA5,USART9.RX,uart,remap-1,3,3,confirmed
CH32V407,PA6,ADC1.IN6,analog,default,3,3,confirmed
CH32V407,PA6,OPA.P2,analog,default,3,3,confirmed
CH32V407,PA6,SPI1.MISO,spi,default,3,3,confirmed
CH32V407,PA6,TIM1.BKIN,timer,remap-1,3,3,confirmed
CH32V407,PA6,TIM3.CH1,timer,default,3,3,confirmed
CH32V407,PA6,TIM8.BKIN,timer,default,3,3,confirmed
CH32V407,PA6,USART1.TX,uart,remap-3,3,3,confirmed
CH32V407,PA6,USART7.TX,uart,remap-1,3,3,confirmed
CH32V407,PA7,ADC1.IN7,analog,default,3,3,confirmed
CH32V407,PA7,OPA.OUT1,analog,default,3,3,confirmed
CH32V407,PA7,SPI1.MOSI,spi,default,3,3,confirmed
CH32V407,PA7,TIM1.CH1N,timer,remap-1,3,3,confirmed
CH32V407,PA7,TIM1.CH4,timer,remap-3,3,3,confirmed
CH32V407,PA7,TIM3.CH2,timer,default,3,3,confirmed
CH32V407,PA7,TIM8.CH1N,timer,default,3,3,confirmed
CH32V407,PA7,USART1.RX,uart,remap-3,3,3,confirmed
CH32V407,PA7,USART7.RX,uart,remap-1,3,3,confirmed
CH32V407,PA7,USART8.CK,uart,default,3,3,confirmed
CH32V407,PA8,RCC.MCO,clock,default,3,3,confirmed
CH32V407,PA8,TIM1.CH1,timer,default;remap-1,3,3,confirmed
CH32V407,PA8,USART1.CK,uart,default;remap-1,3,3,confirmed
CH32V407,PA8,USART1.RX,uart,remap-2,3,3,confirmed
CH32V407,PA8,USART7.CK,uart,remap-2;remap-3,3,3,confirmed
CH32V407,PA9,TIM1.CH2,timer,default;remap-1,3,3,confirmed
CH32V407,PA9,USART1.RTS,uart,remap-2,3,3,confirmed
CH32V407,PA9,USART1.TX,uart,default,3,3,confirmed
CH32V407,PA9,USART7.TX,uart,remap-2;remap-3,3,3,confirmed
CH32V407,PB0,ADC1.IN8,analog,default,3,3,confirmed
CH32V407,PB0,TIM1.CH2N,timer,remap-1,3,3,confirmed
CH32V407,PB0,TIM3.CH3,timer,default;remap-2,3,3,confirmed
CH32V407,PB0,TIM8.CH2N,timer,default,3,3,confirmed
CH32V407,PB0,USART4.TX,uart,remap-1,3,3,confirmed
CH32V407,PB0,USART5.CTS,uart,remap-2;remap-3,3,3,confirmed
CH32V407,PB0,USART6.CK,uart,default,3,3,confirmed
CH32V407,PB0,USART7.CK,uart,remap-1,3,3,confirmed
CH32V407,PB0,USART8.CTS,uart,default,3,3,confirmed
CH32V407,PB1,ADC1.IN9,analog,default,3,3,confirmed
CH32V407,PB1,OPA.OUT2,analog,default,3,3,confirmed
CH32V407,PB1,TIM1.CH3N,timer,remap-1,3,3,confirmed
CH32V407,PB1,TIM3.CH4,timer,default;remap-2,3,3,confirmed
CH32V407,PB1,TIM8.CH3N,timer,default,3,3,confirmed
CH32V407,PB1,USART4.RX,uart,remap-1,3,3,confirmed
CH32V407,PB1,USART5.RTS,uart,remap-2;remap-3,3,3,confirmed
CH32V407,PB1,USART8.RTS,uart,default,3,3,confirmed
CH32V407,PB1,USART9.TX,uart,default,3,3,confirmed
CH32V407,PB10,TIM1.BKIN,timer,remap-3,3,3,confirmed
CH32V407,PB10,TIM2.CH3,timer,remap-2;remap-3,3,3,confirmed
CH32V407,PB10,USART3.TX,uart,default,3,3,confirmed
CH32V407,PB11,TIM2.CH4,timer,remap-2;remap-3,3,3,confirmed
CH32V407,PB11,USART3.RX,uart,default,3,3,confirmed
CH32V407,PB11,USART8.CK,uart,remap-2;remap-3,3,3,confirmed
CH32V407,PB12,OPA.P1,analog,default,3,3,confirmed
CH32V407,PB12,SPI2.NSS,spi,default,3,3,confirmed
CH32V407,PB12,TIM1.BKIN,timer,default,3,3,confirmed
CH32V407,PB12,USART3.CK,uart,default,3,3,confirmed
CH32V407,PB12,USART8.RTS,uart,remap-2;remap-3,3,3,confirmed
CH32V407,PB13,OPA.N1,analog,default,3,3,confirmed
CH32V407,PB13,SPI2.SCK,spi,default,3,3,confirmed
CH32V407,PB13,TIM1.CH1N,timer,default,3,3,confirmed
CH32V407,PB13,USART3.CTS,uart,default;remap-1,3,3,confirmed
CH32V407,PB13,USART8.CTS,uart,remap-2;remap-3,3,3,confirmed
CH32V407,PB14,SPI2.MISO,spi,default,3,3,confirmed
CH32V407,PB14,TIM1.CH2N,timer,default,3,3,confirmed
CH32V407,PB14,USART3.RTS,uart,default;remap-1,3,3,confirmed
CH32V407,PB14,USART8.RX,uart,remap-2;remap-3,3,3,confirmed
CH32V407,PB15,SPI2.MOSI,spi,default,3,3,confirmed
CH32V407,PB15,TIM1.CH3N,timer,default,3,3,confirmed
CH32V407,PB15,USART1.TX,uart,remap-2,3,3,confirmed
CH32V407,PB15,USART8.CK,uart,remap-1,3,3,confirmed
CH32V407,PB15,USART8.TX,uart,remap-2;remap-3,3,3,confirmed
CH32V407,PB2,USART4.CK,uart,remap-1,2,3,confirmed
CH32V407,PB2,USART5.CK,uart,remap-2;remap-3,2,3,confirmed
CH32V407,PB2,USART9.RX,uart,default,2,3,confirmed
CH32V407,PB3,SPI1.SCK,spi,remap-1,3,3,confirmed
CH32V407,PB3,SPI3.SCK,spi,default,3,3,confirmed
CH32V407,PB3,TIM2.CH2,timer,remap-1;remap-3,3,3,confirmed
CH32V407,PB3,USART5.CK,uart,remap-1,3,3,confirmed
CH32V407,PB3,USART5.CTS,uart,default,3,3,confirmed
CH32V407,PB4,SPI1.MISO,spi,remap-1,3,3,confirmed
CH32V407,PB4,SPI3.MISO,spi,default,3,3,confirmed
CH32V407,PB4,TIM3.CH1,timer,remap-2,3,3,confirmed
CH32V407,PB4,USART5.RTS,uart,default,3,3,confirmed
CH32V407,PB4,USART5.TX,uart,remap-1,3,3,confirmed
CH32V407,PB5,I2C1.SMBA,i2c,default,3,3,confirmed
CH32V407,PB5,SPI1.MOSI,spi,remap-1,3,3,confirmed
CH32V407,PB5,SPI3.MOSI,spi,default,3,3,confirmed
CH32V407,PB5,TIM3.CH2,timer,remap-2,3,3,confirmed
CH32V407,PB5,USART5.CK,uart,default,3,3,confirmed
CH32V407,PB5,USART5.RX,uart,remap-1,3,3,confirmed
CH32V407,PB5,USART6.CK,uart,remap-1,3,3,confirmed
CH32V407,PB6,I2C1.SCL,i2c,default,3,3,confirmed
CH32V407,PB6,TIM4.CH1,timer,default,3,3,confirmed
CH32V407,PB6,TIM8.CH1,timer,remap-1,3,3,confirmed
CH32V407,PB6,USART1.TX,uart,remap-1,3,3,confirmed
CH32V407,PB6,USART7.CTS,uart,remap-2,3,3,confirmed
CH32V407,PB7,I2C1.SDA,i2c,default,3,3,confirmed
CH32V407,PB7,TIM4.CH2,timer,default,3,3,confirmed
CH32V407,PB7,TIM8.CH2,timer,remap-1,3,3,confirmed
CH32V407,PB7,USART1.RX,uart,remap-1,3,3,confirmed
CH32V407,PB7,USART7.RTS,uart,remap-2,3,3,confirmed
CH32V407,PB8,I2C1.SCL,i2c,remap-1,3,3,confirmed
CH32V407,PB8,TIM1.CH3,timer,remap-3,3,3,confirmed
CH32V407,PB8,TIM4.CH3,timer,default,3,3,confirmed
CH32V407,PB8,TIM8.CH3,timer,remap-1,3,3,confirmed
CH32V407,PB8,USART10.TX,uart,remap-1,3,3,confirmed
CH32V407,PB8,USART4.CTS,uart,remap-2;remap-3,3,3,confirmed
CH32V407,PB8,USART5.CTS,uart,remap-1,3,3,confirmed
CH32V407,PB8,USART6.TX,uart,remap-1,3,3,confirmed
CH32V407,PB9,I2C1.SDA,i2c,remap-1,3,3,confirmed
CH32V407,PB9,TIM4.CH4,timer,default,3,3,confirmed
CH32V407,PB9,TIM8.BKIN,timer,remap-1,3,3,confirmed
CH32V407,PB9,USART10.RX,uart,remap-1,3,3,confirmed
CH32V407,PB9,USART4.RTS,uart,remap-2;remap-3,3,3,confirmed
CH32V407,PB9,USART5.RTS,uart,remap-1,3,3,confirmed
CH32V407,PB9,USART6.RX,uart,remap-1,3,3,confirmed
CH32V407,PC0,ADC1.IN10,analog,default,3,3,confirmed
CH32V407,PC0,USART6.TX,uart,default;remap-3,3,3,confirmed
CH32V407,PC1,ADC1.IN11,analog,default,3,3,confirmed
CH32V407,PC1,USART6.RX,uart,default;remap-3,3,3,confirmed
CH32V407,PC1,USART7.CK,uart,default,3,3,confirmed
CH32V407,PC10,SPI3.SCK,spi,remap-1,3,3,confirmed
CH32V407,PC10,USART3.TX,uart,remap-1,3,3,confirmed
CH32V407,PC10,USART4.TX,uart,default,3,3,confirmed
CH32V407,PC11,SPI3.MISO,spi,remap-1,3,3,confirmed
CH32V407,PC11,USART3.RX,uart,remap-1,3,3,confirmed
CH32V407,PC11,USART4.RX,uart,default,3,3,confirmed
CH32V407,PC12,SPI3.MOSI,spi,remap-1,3,3,confirmed
CH32V407,PC12,USART3.CK,uart,remap-1,3,3,confirmed
CH32V407,PC12,USART4.CK,uart,default,3,3,confirmed
CH32V407,PC12,USART5.TX,uart,default,3,3,confirmed
CH32V407,PC13-TAMPER-RTC,TIM8.CH4,timer,remap-1,3,3,confirmed
CH32V407,PC14-OSC32_IN,USART10.CTS,uart,default;remap-1,3,3,confirmed
CH32V407,PC15-OSC32_OUT,USART10.RTS,uart,default;remap-1,3,3,confirmed
CH32V407,PC2,ADC1.IN12,analog,default,3,3,confirmed
CH32V407,PC2,USART6.CTS,uart,default;remap-3,3,3,confirmed
CH32V407,PC2,USART7.TX,uart,default,3,3,confirmed
CH32V407,PC3,ADC1.IN13,analog,default,3,3,confirmed
CH32V407,PC3,USART6.RTS,uart,default;remap-3,3,3,confirmed
CH32V407,PC3,USART7.RX,uart,default,3,3,confirmed
CH32V407,PC4,ADC1.IN14,analog,default,3,3,confirmed
CH32V407,PC4,USART1.CTS,uart,remap-3,3,3,confirmed
CH32V407,PC4,USART4.CTS,uart,remap-1,3,3,confirmed
CH32V407,PC4,USART7.CTS,uart,default;remap-1,3,3,confirmed
CH32V407,PC4,USART8.TX,uart,default,3,3,confirmed
CH32V407,PC5,ADC1.IN15,analog,default,3,3,confirmed
CH32V407,PC5,USART1.RTS,uart,remap-3,3,3,confirmed
CH32V407,PC5,USART4.RTS,uart,remap-1,3,3,confirmed
CH32V407,PC5,USART7.RTS,uart,default;remap-1,3,3,confirmed
CH32V407,PC5,USART8.RX,uart,default,3,3,confirmed
CH32V407,PC6,TIM3.CH1,timer,remap-3,1,3,confirmed
CH32V407,PC6,TIM8.CH1,timer,default,1,3,confirmed
CH32V407,PC7,TIM3.CH2,timer,remap-3,1,3,confirmed
CH32V407,PC7,TIM8.CH2,timer,default,1,3,confirmed
CH32V407,PC8,TIM3.CH3,timer,remap-3,1,3,confirmed
CH32V407,PC8,TIM8.CH3,timer,default,1,3,confirmed
CH32V407,PC8,USART7.CTS,uart,remap-3,1,3,confirmed
CH32V407,PC9,TIM3.CH4,timer,remap-3,1,3,confirmed
CH32V407,PC9,TIM8.CH4,timer,default,1,3,confirmed
CH32V407,PC9,USART7.RTS,uart,remap-3,1,3,confirmed
CH32V407,PD10,USART10.CK,uart,remap-2;remap-3,1,3,confirmed
CH32V407,PD10,USART3.CK,uart,remap-2;remap-3,1,3,confirmed
CH32V407,PD11,USART10.TX,uart,remap-2;remap-3,1,3,confirmed
CH32V407,PD11,USART3.CTS,uart,remap-2;remap-3,1,3,confirmed
CH32V407,PD12,TIM4.CH1,timer,remap-1,1,3,confirmed
CH32V407,PD12,USART10.RX,uart,remap-2;remap-3,1,3,confirmed
CH32V407,PD12,USART3.RTS,uart,remap-2;remap-3,1,3,confirmed
CH32V407,PD13,TIM4.CH2,timer,remap-1,1,3,confirmed
CH32V407,PD13,USART10.CTS,uart,remap-2;remap-3,1,3,confirmed
CH32V407,PD14,TIM4.CH3,timer,remap-1,2,3,confirmed
CH32V407,PD14,USART10.RTS,uart,remap-2;remap-3,2,3,confirmed
CH32V407,PD15,TIM4.CH4,timer,remap-1,2,3,confirmed
CH32V407,PD2,TIM3.ETR,timer,default;remap-1;remap-2,3,3,confirmed
CH32V407,PD2,USART4.RTS,uart,default,3,3,confirmed
CH32V407,PD2,USART5.RX,uart,default,3,3,confirmed
CH32V407,PD3,USART2.CTS,uart,remap-1,1,3,confirmed
CH32V407,PD4,USART2.RTS,uart,remap-1,1,3,confirmed
CH32V407,PD5,USART2.TX,uart,remap-1,1,3,confirmed
CH32V407,PD6,USART2.RX,uart,remap-1,1,3,confirmed
CH32V407,PD7,USART2.CK,uart,remap-1,1,3,confirmed
CH32V407,PD8,USART3.TX,uart,remap-3,3,3,confirmed
CH32V407,PD8,USART9.CK,uart,default;remap-1,3,3,confirmed
CH32V407,PD9,USART3.RX,uart,remap-3,1,3,confirmed
CH32V407,PE0,TIM4.ETR,timer,default;remap-1,2,3,confirmed
CH32V407,PE0,USART10.TX,uart,default,2,3,confirmed
CH32V407,PE0,USART4.TX,uart,remap-2;remap-3,2,3,confirmed
CH32V407,PE0,USART6.CTS,uart,remap-1,2,3,confirmed
CH32V407,PE1,USART10.RX,uart,default,2,3,confirmed
CH32V407,PE1,USART4.RX,uart,remap-2;remap-3,2,3,confirmed
CH32V407,PE1,USART6.RTS,uart,remap-1,2,3,confirmed
CH32V407,PE10,TIM1.CH2N,timer,remap-3,2,3,confirmed
CH32V407,PE10,USART6.TX,uart,remap-2,2,3,confirmed
CH32V407,PE10,USART8.CTS,uart,remap-1,2,3,confirmed
CH32V407,PE11,TIM1.CH2,timer,remap-3,2,3,confirmed
CH32V407,PE11,USART6.RX,uart,remap-2,2,3,confirmed
CH32V407,PE11,USART8.RTS,uart,remap-1,2,3,confirmed
CH32V407,PE12,USART10.CK,uart,default;remap-1,2,3,confirmed
CH32V407,PE12,USART4.CK,uart,remap-2;remap-3,2,3,confirmed
CH32V407,PE2,USART9.CK,uart,remap-2;remap-3,1,3,confirmed
CH32V407,PE3,USART9.TX,uart,remap-2;remap-3,1,3,confirmed
CH32V407,PE4,USART9.RX,uart,remap-2;remap-3,1,3,confirmed
CH32V407,PE5,USART9.CTS,uart,remap-2;remap-3,1,3,confirmed
CH32V407,PE6,USART9.RTS,uart,remap-2;remap-3,1,3,confirmed
CH32V407,PE7,TIM1.ETR,timer,remap-3,1,3,confirmed
CH32V407,PE8,TIM1.CH1N,timer,remap-3,2,3,confirmed
CH32V407,PE8,USART5.TX,uart,remap-2;remap-3,2,3,confirmed
CH32V407,PE8,USART9.CTS,uart,default;remap-1,2,3,confirmed
CH32V407,PE9,TIM1.CH1_3,timer,default,2,3,confirmed
CH32V407,PE9,USART5.RX,uart,remap-2;remap-3,2,3,confirmed
CH32V407,PE9,USART9.RTS,uart,default;remap-1,2,3,confirmed
CH32V467,PA0-WKUP,ADC1.IN0,analog,default,3,3,confirmed
CH32V467,PA0-WKUP,TIM2.CH1,timer,default;remap-2,3,3,confirmed
CH32V467,PA0-WKUP,TIM2.ETR,timer,default;remap-2,3,3,confirmed
CH32V467,PA0-WKUP,TIM5.CH1,timer,default,3,3,confirmed
CH32V467,PA0-WKUP,TIM8.ETR,timer,default;remap-1,3,3,confirmed
CH32V467,PA0-WKUP,USART2.CTS,uart,default,3,3,confirmed
CH32V467,PA1,ADC1.IN1,analog,default,3,3,confirmed
CH32V467,PA1,TIM2.CH2,timer,default;remap-2,3,3,confirmed
CH32V467,PA1,TIM5.CH2,timer,default,3,3,confirmed
CH32V467,PA1,USART2.RTS,uart,default,3,3,confirmed
CH32V467,PA10,TIM1.CH3,timer,default;remap-1,3,3,confirmed
CH32V467,PA10,USART1.CK,uart,remap-2,3,3,confirmed
CH32V467,PA10,USART1.RX,uart,default,3,3,confirmed
CH32V467,PA10,USART7.RX,uart,remap-2;remap-3,3,3,confirmed
CH32V467,PA11,TIM1.CH4,timer,default;remap-1,3,3,confirmed
CH32V467,PA11,USART1.CTS,uart,default;remap-1,3,3,confirmed
CH32V467,PA12,TIM1.ETR,timer,default;remap-1,3,3,confirmed
CH32V467,PA12,USART1.RTS,uart,default;remap-1,3,3,confirmed
CH32V467,PA13,TIM8.CH1N,timer,remap-1,3,3,confirmed
CH32V467,PA13,USART3.TX,uart,remap-2,3,3,confirmed
CH32V467,PA13,USART4.CTS,uart,default,3,3,confirmed
CH32V467,PA13,USART6.CK,uart,remap-2,3,3,confirmed
CH32V467,PA14,TIM8.CH2N,timer,remap-1,3,3,confirmed
CH32V467,PA14,USART3.RX,uart,remap-2,3,3,confirmed
CH32V467,PA14,USART6.CTS,uart,remap-2,3,3,confirmed
CH32V467,PA14,USART8.TX,uart,remap-1,3,3,confirmed
CH32V467,PA15,SPI1.NSS,spi,remap-1,3,3,confirmed
CH32V467,PA15,SPI3.NSS,spi,default,3,3,confirmed
CH32V467,PA15,TIM2.CH1,timer,remap-1;remap-3,3,3,confirmed
CH32V467,PA15,TIM2.ETR,timer,remap-1;remap-3,3,3,confirmed
CH32V467,PA15,TIM8.CH3N,timer,remap-1,3,3,confirmed
CH32V467,PA15,USART6.RTS,uart,remap-2,3,3,confirmed
CH32V467,PA15,USART8.RX,uart,remap-1,3,3,confirmed
CH32V467,PA2,ADC1.IN2,analog,default,3,3,confirmed
CH32V467,PA2,TIM2.CH3,timer,default;remap-1,3,3,confirmed
CH32V467,PA2,TIM5.CH3,timer,default,3,3,confirmed
CH32V467,PA2,USART2.TX,uart,default,3,3,confirmed
CH32V467,PA3,ADC1.IN3,analog,default,3,3,confirmed
CH32V467,PA3,TIM2.CH4,timer,default;remap-1,3,3,confirmed
CH32V467,PA3,TIM5.CH4,timer,default,3,3,confirmed
CH32V467,PA3,USART2.RX,uart,default,3,3,confirmed
CH32V467,PA4,ADC1.IN4,analog,default,3,3,confirmed
CH32V467,PA4,DAC1.OUT,analog,default,3,3,confirmed
CH32V467,PA4,SPI1.NSS,spi,default,3,3,confirmed
CH32V467,PA4,SPI3.NSS,spi,remap-1,3,3,confirmed
CH32V467,PA4,USART2.CK,uart,default,3,3,confirmed
CH32V467,PA4,USART9.TX,uart,remap-1,3,3,confirmed
CH32V467,PA5,ADC1.IN5,analog,default,3,3,confirmed
CH32V467,PA5,DAC2.OUT,analog,default,3,3,confirmed
CH32V467,PA5,OPA.N2,analog,default,3,3,confirmed
CH32V467,PA5,SPI1.SCK,spi,default,3,3,confirmed
CH32V467,PA5,USART1.CK,uart,remap-3,3,3,confirmed
CH32V467,PA5,USART1.CTS,uart,remap-2,3,3,confirmed
CH32V467,PA5,USART6.CK,uart,remap-3,3,3,confirmed
CH32V467,PA5,USART9.RX,uart,remap-1,3,3,confirmed
CH32V467,PA6,ADC1.IN6,analog,default,3,3,confirmed
CH32V467,PA6,OPA.P2,analog,default,3,3,confirmed
CH32V467,PA6,SPI1.MISO,spi,default,3,3,confirmed
CH32V467,PA6,TIM1.BKIN,timer,remap-1,3,3,confirmed
CH32V467,PA6,TIM3.CH1,timer,default,3,3,confirmed
CH32V467,PA6,TIM8.BKIN,timer,default,3,3,confirmed
CH32V467,PA6,USART1.TX,uart,remap-3,3,3,confirmed
CH32V467,PA6,USART7.TX,uart,remap-1,3,3,confirmed
CH32V467,PA7,ADC1.IN7,analog,default,3,3,confirmed
CH32V467,PA7,OPA.OUT1,analog,default,3,3,confirmed
CH32V467,PA7,SPI1.MOSI,spi,default,3,3,confirmed
CH32V467,PA7,TIM1.CH1N,timer,remap-1,3,3,confirmed
CH32V467,PA7,TIM1.CH4,timer,remap-3,3,3,confirmed
CH32V467,PA7,TIM3.CH2,timer,default,3,3,confirmed
CH32V467,PA7,TIM8.CH1N,timer,default,3,3,confirmed
CH32V467,PA7,USART1.RX,uart,remap-3,3,3,confirmed
CH32V467,PA7,USART7.RX,uart,remap-1,3,3,confirmed
CH32V467,PA7,USART8.CK,uart,default,3,3,confirmed
CH32V467,PA8,RCC.MCO,clock,default,3,3,confirmed
CH32V467,PA8,TIM1.CH1,timer,default;remap-1,3,3,confirmed
CH32V467,PA8,USART1.CK,uart,default;remap-1,3,3,confirmed
CH32V467,PA8,USART1.RX,uart,remap-2,3,3,confirmed
CH32V467,PA8,USART7.CK,uart,remap-2;remap-3,3,3,confirmed
CH32V467,PA9,TIM1.CH2,timer,default;remap-1,3,3,confirmed
CH32V467,PA9,USART1.RTS,uart,remap-2,3,3,confirmed
CH32V467,PA9,USART1.TX,uart,default,3,3,confirmed
CH32V467,PA9,USART7.TX,uart,remap-2;remap-3,3,3,confirmed
CH32V467,PB0,ADC1.IN8,analog,default,3,3,confirmed
CH32V467,PB0,TIM1.CH2N,timer,remap-1,3,3,confirmed
CH32V467,PB0,TIM3.CH3,timer,default;remap-2,3,3,confirmed
CH32V467,PB0,TIM8.CH2N,timer,default,3,3,confirmed
CH32V467,PB0,USART4.TX,uart,remap-1,3,3,confirmed
CH32V467,PB0,USART5.CTS,uart,remap-2;remap-3,3,3,confirmed
CH32V467,PB0,USART6.CK,uart,default,3,3,confirmed
CH32V467,PB0,USART7.CK,uart,remap-1,3,3,confirmed
CH32V467,PB0,USART8.CTS,uart,default,3,3,confirmed
CH32V467,PB1,ADC1.IN9,analog,default,3,3,confirmed
CH32V467,PB1,OPA.OUT2,analog,default,3,3,confirmed
CH32V467,PB1,TIM1.CH3N,timer,remap-1,3,3,confirmed
CH32V467,PB1,TIM3.CH4,timer,default;remap-2,3,3,confirmed
CH32V467,PB1,TIM8.CH3N,timer,default,3,3,confirmed
CH32V467,PB1,USART4.RX,uart,remap-1,3,3,confirmed
CH32V467,PB1,USART5.RTS,uart,remap-2;remap-3,3,3,confirmed
CH32V467,PB1,USART8.RTS,uart,default,3,3,confirmed
CH32V467,PB1,USART9.TX,uart,default,3,3,confirmed
CH32V467,PB10,TIM1.BKIN,timer,remap-3,3,3,confirmed
CH32V467,PB10,TIM2.CH3,timer,remap-2;remap-3,3,3,confirmed
CH32V467,PB10,USART3.TX,uart,default,3,3,confirmed
CH32V467,PB11,TIM2.CH4,timer,remap-2;remap-3,3,3,confirmed
CH32V467,PB11,USART3.RX,uart,default,3,3,confirmed
CH32V467,PB11,USART8.CK,uart,remap-2;remap-3,3,3,confirmed
CH32V467,PB12,OPA.P1,analog,default,3,3,confirmed
CH32V467,PB12,SPI2.NSS,spi,default,3,3,confirmed
CH32V467,PB12,TIM1.BKIN,timer,default,3,3,confirmed
CH32V467,PB12,USART3.CK,uart,default,3,3,confirmed
CH32V467,PB12,USART8.RTS,uart,remap-2;remap-3,3,3,confirmed
CH32V467,PB13,OPA.N1,analog,default,3,3,confirmed
CH32V467,PB13,SPI2.SCK,spi,default,3,3,confirmed
CH32V467,PB13,TIM1.CH1N,timer,default,3,3,confirmed
CH32V467,PB13,USART3.CTS,uart,default;remap-1,3,3,confirmed
CH32V467,PB13,USART8.CTS,uart,remap-2;remap-3,3,3,confirmed
CH32V467,PB14,SPI2.MISO,spi,default,3,3,confirmed
CH32V467,PB14,TIM1.CH2N,timer,default,3,3,confirmed
CH32V467,PB14,USART3.RTS,uart,default;remap-1,3,3,confirmed
CH32V467,PB14,USART8.RX,uart,remap-2;remap-3,3,3,confirmed
CH32V467,PB15,SPI2.MOSI,spi,default,3,3,confirmed
CH32V467,PB15,TIM1.CH3N,timer,default,3,3,confirmed
CH32V467,PB15,USART1.TX,uart,remap-2,3,3,confirmed
CH32V467,PB15,USART8.CK,uart,remap-1,3,3,confirmed
CH32V467,PB15,USART8.TX,uart,remap-2;remap-3,3,3,confirmed
CH32V467,PB2,USART4.CK,uart,remap-1,2,3,confirmed
CH32V467,PB2,USART5.CK,uart,remap-2;remap-3,2,3,confirmed
CH32V467,PB2,USART9.RX,uart,default,2,3,confirmed
CH32V467,PB3,SPI1.SCK,spi,remap-1,3,3,confirmed
CH32V467,PB3,SPI3.SCK,spi,default,3,3,confirmed
CH32V467,PB3,TIM2.CH2,timer,remap-1;remap-3,3,3,confirmed
CH32V467,PB3,USART5.CK,uart,remap-1,3,3,confirmed
CH32V467,PB3,USART5.CTS,uart,default,3,3,confirmed
CH32V467,PB4,SPI1.MISO,spi,remap-1,3,3,confirmed
CH32V467,PB4,SPI3.MISO,spi,default,3,3,confirmed
CH32V467,PB4,TIM3.CH1,timer,remap-2,3,3,confirmed
CH32V467,PB4,USART5.RTS,uart,default,3,3,confirmed
CH32V467,PB4,USART5.TX,uart,remap-1,3,3,confirmed
CH32V467,PB5,I2C1.SMBA,i2c,default,3,3,confirmed
CH32V467,PB5,SPI1.MOSI,spi,remap-1,3,3,confirmed
CH32V467,PB5,SPI3.MOSI,spi,default,3,3,confirmed
CH32V467,PB5,TIM3.CH2,timer,remap-2,3,3,confirmed
CH32V467,PB5,USART5.CK,uart,default,3,3,confirmed
CH32V467,PB5,USART5.RX,uart,remap-1,3,3,confirmed
CH32V467,PB5,USART6.CK,uart,remap-1,3,3,confirmed
CH32V467,PB6,I2C1.SCL,i2c,default,3,3,confirmed
CH32V467,PB6,TIM4.CH1,timer,default,3,3,confirmed
CH32V467,PB6,TIM8.CH1,timer,remap-1,3,3,confirmed
CH32V467,PB6,USART1.TX,uart,remap-1,3,3,confirmed
CH32V467,PB6,USART7.CTS,uart,remap-2,3,3,confirmed
CH32V467,PB7,I2C1.SDA,i2c,default,3,3,confirmed
CH32V467,PB7,TIM4.CH2,timer,default,3,3,confirmed
CH32V467,PB7,TIM8.CH2,timer,remap-1,3,3,confirmed
CH32V467,PB7,USART1.RX,uart,remap-1,3,3,confirmed
CH32V467,PB7,USART7.RTS,uart,remap-2,3,3,confirmed
CH32V467,PB8,I2C1.SCL,i2c,remap-1,3,3,confirmed
CH32V467,PB8,TIM1.CH3,timer,remap-3,3,3,confirmed
CH32V467,PB8,TIM4.CH3,timer,default,3,3,confirmed
CH32V467,PB8,TIM8.CH3,timer,remap-1,3,3,confirmed
CH32V467,PB8,USART10.TX,uart,remap-1,3,3,confirmed
CH32V467,PB8,USART4.CTS,uart,remap-2;remap-3,3,3,confirmed
CH32V467,PB8,USART5.CTS,uart,remap-1,3,3,confirmed
CH32V467,PB8,USART6.TX,uart,remap-1,3,3,confirmed
CH32V467,PB9,I2C1.SDA,i2c,remap-1,3,3,confirmed
CH32V467,PB9,TIM4.CH4,timer,default,3,3,confirmed
CH32V467,PB9,TIM8.BKIN,timer,remap-1,3,3,confirmed
CH32V467,PB9,USART10.RX,uart,remap-1,3,3,confirmed
CH32V467,PB9,USART4.RTS,uart,remap-2;remap-3,3,3,confirmed
CH32V467,PB9,USART5.RTS,uart,remap-1,3,3,confirmed
CH32V467,PB9,USART6.RX,uart,remap-1,3,3,confirmed
CH32V467,PC0,ADC1.IN10,analog,default,3,3,confirmed
CH32V467,PC0,USART6.TX,uart,default;remap-3,3,3,confirmed
CH32V467,PC1,ADC1.IN11,analog,default,3,3,confirmed
CH32V467,PC1,USART6.RX,uart,default;remap-3,3,3,confirmed
CH32V467,PC1,USART7.CK,uart,default,3,3,confirmed
CH32V467,PC10,SPI3.SCK,spi,remap-1,3,3,confirmed
CH32V467,PC10,USART3.TX,uart,remap-1,3,3,confirmed
CH32V467,PC10,USART4.TX,uart,default,3,3,confirmed
CH32V467,PC11,SPI3.MISO,spi,remap-1,3,3,confirmed
CH32V467,PC11,USART3.RX,uart,remap-1,3,3,confirmed
CH32V467,PC11,USART4.RX,uart,default,3,3,confirmed
CH32V467,PC12,SPI3.MOSI,spi,remap-1,3,3,confirmed
CH32V467,PC12,USART3.CK,uart,remap-1,3,3,confirmed
CH32V467,PC12,USART4.CK,uart,default,3,3,confirmed
CH32V467,PC12,USART5.TX,uart,default,3,3,confirmed
CH32V467,PC13-TAMPER-RTC,TIM8.CH4,timer,remap-1,3,3,confirmed
CH32V467,PC14-OSC32_IN,USART10.CTS,uart,default;remap-1,3,3,confirmed
CH32V467,PC15-OSC32_OUT,USART10.RTS,uart,default;remap-1,3,3,confirmed
CH32V467,PC2,ADC1.IN12,analog,default,3,3,confirmed
CH32V467,PC2,USART6.CTS,uart,default;remap-3,3,3,confirmed
CH32V467,PC2,USART7.TX,uart,default,3,3,confirmed
CH32V467,PC3,ADC1.IN13,analog,default,3,3,confirmed
CH32V467,PC3,USART6.RTS,uart,default;remap-3,3,3,confirmed
CH32V467,PC3,USART7.RX,uart,default,3,3,confirmed
CH32V467,PC4,ADC1.IN14,analog,default,3,3,confirmed
CH32V467,PC4,USART1.CTS,uart,remap-3,3,3,confirmed
CH32V467,PC4,USART4.CTS,uart,remap-1,3,3,confirmed
CH32V467,PC4,USART7.CTS,uart,default;remap-1,3,3,confirmed
CH32V467,PC4,USART8.TX,uart,default,3,3,confirmed
CH32V467,PC5,ADC1.IN15,analog,default,3,3,confirmed
CH32V467,PC5,USART1.RTS,uart,remap-3,3,3,confirmed
CH32V467,PC5,USART4.RTS,uart,remap-1,3,3,confirmed
CH32V467,PC5,USART7.RTS,uart,default;remap-1,3,3,confirmed
CH32V467,PC5,USART8.RX,uart,default,3,3,confirmed
CH32V467,PC6,TIM3.CH1,timer,remap-3,1,3,confirmed
CH32V467,PC6,TIM8.CH1,timer,default,1,3,confirmed
CH32V467,PC7,TIM3.CH2,timer,remap-3,1,3,confirmed
CH32V467,PC7,TIM8.CH2,timer,default,1,3,confirmed
CH32V467,PC8,TIM3.CH3,timer,remap-3,1,3,confirmed
CH32V467,PC8,TIM8.CH3,timer,default,1,3,confirmed
CH32V467,PC8,USART7.CTS,uart,remap-3,1,3,confirmed
CH32V467,PC9,TIM3.CH4,timer,remap-3,1,3,confirmed
CH32V467,PC9,TIM8.CH4,timer,default,1,3,confirmed
CH32V467,PC9,USART7.RTS,uart,remap-3,1,3,confirmed
CH32V467,PD10,USART10.CK,uart,remap-2;remap-3,1,3,confirmed
CH32V467,PD10,USART3.CK,uart,remap-2;remap-3,1,3,confirmed
CH32V467,PD11,USART10.TX,uart,remap-2;remap-3,1,3,confirmed
CH32V467,PD11,USART3.CTS,uart,remap-2;remap-3,1,3,confirmed
CH32V467,PD12,TIM4.CH1,timer,remap-1,1,3,confirmed
CH32V467,PD12,USART10.RX,uart,remap-2;remap-3,1,3,confirmed
CH32V467,PD12,USART3.RTS,uart,remap-2;remap-3,1,3,confirmed
CH32V467,PD13,TIM4.CH2,timer,remap-1,1,3,confirmed
CH32V467,PD13,USART10.CTS,uart,remap-2;remap-3,1,3,confirmed
CH32V467,PD14,TIM4.CH3,timer,remap-1,2,3,confirmed
CH32V467,PD14,USART10.RTS,uart,remap-2;remap-3,2,3,confirmed
CH32V467,PD15,TIM4.CH4,timer,remap-1,2,3,confirmed
CH32V467,PD2,TIM3.ETR,timer,default;remap-1;remap-2,3,3,confirmed
CH32V467,PD2,USART4.RTS,uart,default,3,3,confirmed
CH32V467,PD2,USART5.RX,uart,default,3,3,confirmed
CH32V467,PD3,USART2.CTS,uart,remap-1,1,3,confirmed
CH32V467,PD4,USART2.RTS,uart,remap-1,1,3,confirmed
CH32V467,PD5,USART2.TX,uart,remap-1,1,3,confirmed
CH32V467,PD6,USART2.RX,uart,remap-1,1,3,confirmed
CH32V467,PD7,USART2.CK,uart,remap-1,1,3,confirmed
CH32V467,PD8,USART3.TX,uart,remap-3,1,3,confirmed
CH32V467,PD8,USART9.CK,uart,default;remap-1,1,3,confirmed
CH32V467,PD9,USART3.RX,uart,remap-3,1,3,confirmed
CH32V467,PE0,TIM4.ETR,timer,default;remap-1,2,3,confirmed
CH32V467,PE0,USART10.TX,uart,default,2,3,confirmed
CH32V467,PE0,USART4.TX,uart,remap-2;remap-3,2,3,confirmed
CH32V467,PE0,USART6.CTS,uart,remap-1,2,3,confirmed
CH32V467,PE1,USART10.RX,uart,default,2,3,confirmed
CH32V467,PE1,USART4.RX,uart,remap-2;remap-3,2,3,confirmed
CH32V467,PE1,USART6.RTS,uart,remap-1,2,3,confirmed
CH32V467,PE10,TIM1.CH2N,timer,remap-3,2,3,confirmed
CH32V467,PE10,USART6.TX,uart,remap-2,2,3,confirmed
CH32V467,PE10,USART8.CTS,uart,remap-1,2,3,confirmed
CH32V467,PE11,TIM1.CH2,timer,remap-3,2,3,confirmed
CH32V467,PE11,USART6.RX,uart,remap-2,2,3,confirmed
CH32V467,PE11,USART8.RTS,uart,remap-1,2,3,confirmed
CH32V467,PE12,USART10.CK,uart,default;remap-1,2,3,confirmed
CH32V467,PE12,USART4.CK,uart,remap-2;remap-3,2,3,confirmed
CH32V467,PE2,USART9.CK,uart,remap-2;remap-3,1,3,confirmed
CH32V467,PE3,USART9.TX,uart,remap-2;remap-3,1,3,confirmed
CH32V467,PE4,USART9.RX,uart,remap-2;remap-3,1,3,confirmed
CH32V467,PE5,USART9.CTS,uart,remap-2;remap-3,1,3,confirmed
CH32V467,PE6,USART9.RTS,uart,remap-2;remap-3,1,3,confirmed
CH32V467,PE8,TIM1.CH1N,timer,remap-3,2,3,confirmed
CH32V467,PE8,USART5.TX,uart,remap-2;remap-3,2,3,confirmed
CH32V467,PE8,USART9.CTS,uart,default;remap-1,2,3,confirmed
CH32V467,PE9,TIM1.CH1_3,timer,default,2,3,confirmed
CH32V467,PE9,USART5.RX,uart,remap-2;remap-3,2,3,confirmed
CH32V467,PE9,USART9.RTS,uart,default;remap-1,2,3,confirmed
CH32X033,PA0,ADC1.IN0,analog,default,1,1,confirmed
CH32X033,PA0,CMP1.P1,analog,default,1,1,confirmed
CH32X033,PA0,TIM2.CH1,timer,default;remap-2,1,1,confirmed
CH32X033,PA0,USART2.CTS,uart,default,1,1,confirmed
CH32X033,PA1,ADC1.IN1,analog,default,1,1,confirmed
CH32X033,PA1,CMP1.OUT,analog,default,1,1,confirmed
CH32X033,PA1,OPA1.N2,analog,default,1,1,confirmed
CH32X033,PA1,OPA2.N2,analog,default,1,1,confirmed
CH32X033,PA1,TIM2.CH2,timer,default;remap-2,1,1,confirmed
CH32X033,PA1,USART2.CTS,uart,remap-1,1,1,confirmed
CH32X033,PA1,USART2.RTS,uart,default,1,1,confirmed
CH32X033,PA10,I2C1.SCL,i2c,default,1,1,confirmed
CH32X033,PA10,SPI1.MOSI,spi,remap-2,1,1,confirmed
CH32X033,PA10,USART1.TX,uart,remap-1,1,1,confirmed
CH32X033,PA10,USART4.RX,uart,remap-3,1,1,confirmed
CH32X033,PA11,CMP2.P1,analog,default,1,1,confirmed
CH32X033,PA11,I2C1.SDA,i2c,default,1,1,confirmed
CH32X033,PA11,SPI1.SCK,spi,remap-2,1,1,confirmed
CH32X033,PA11,USART1.RX,uart,remap-1,1,1,confirmed
CH32X033,PA2,ADC1.IN2,analog,default,1,1,confirmed
CH32X033,PA2,CMP3.N0,analog,default,1,1,confirmed
CH32X033,PA2,OPA2.OUT1,analog,default,1,1,confirmed
CH32X033,PA2,TIM2.CH3,timer,default;remap-1,1,1,confirmed
CH32X033,PA2,TIM2.ETR,timer,remap-5;remap-6,1,1,confirmed
CH32X033,PA2,USART2.RTS,uart,remap-1,1,1,confirmed
CH32X033,PA2,USART2.TX,uart,default,1,1,confirmed
CH32X033,PA3,ADC1.IN3,analog,default,1,1,confirmed
CH32X033,PA3,OPA1.OUT0,analog,default,1,1,confirmed
CH32X033,PA3,TIM2.CH4,timer,default;remap-1,1,1,confirmed
CH32X033,PA3,TIM3.CH1,timer,remap-3,1,1,confirmed
CH32X033,PA3,USART2.RX,uart,default,1,1,confirmed
CH32X033,PA3,USART3.CTS,uart,remap-2,1,1,confirmed
CH32X033,PA4,ADC1.IN4,analog,default,1,1,confirmed
CH32X033,PA4,OPA2.OUT0,analog,default,1,1,confirmed
CH32X033,PA4,SPI1.NSS,spi,default,1,1,confirmed
CH32X033,PA4,TIM3.CH2,timer,remap-3,1,1,confirmed
CH32X033,PA4,USART2.CK,uart,default,1,1,confirmed
CH32X033,PA4,USART3.RTS,uart,remap-2,1,1,confirmed
CH32X033,PA5,ADC1.IN5,analog,default,1,1,confirmed
CH32X033,PA5,OPA2.N0,analog,default,1,1,confirmed
CH32X033,PA5,SPI1.SCK,spi,default,1,1,confirmed
CH32X033,PA5,USART4.CTS,uart,remap-4,1,1,confirmed
CH32X033,PA5,USART4.TX,uart,remap-1,1,1,confirmed
CH32X033,PA6,ADC1.IN6,analog,default,1,1,confirmed
CH32X033,PA6,OPA1.N0,analog,default,1,1,confirmed
CH32X033,PA6,SPI1.MISO,spi,default,1,1,confirmed
CH32X033,PA6,TIM1.BKIN,timer,remap-1,1,1,confirmed
CH32X033,PA6,TIM3.CH1,timer,default,1,1,confirmed
CH32X033,PA6,USART4.CK,uart,remap-1,1,1,confirmed
CH32X033,PA6,USART4.RTS,uart,remap-4,1,1,confirmed
CH32X033,PA7,ADC1.IN7,analog,default,1,1,confirmed
CH32X033,PA7,OPA2.P0,analog,default,1,1,confirmed
CH32X033,PA7,SPI1.MOSI,spi,default,1,1,confirmed
CH32X033,PA7,TIM1.CH1N,timer,remap-1,1,1,confirmed
CH32X033,PA7,TIM3.CH2,timer,default,1,1,confirmed
CH32X033,PA7,USART1.TX,uart,remap-3,1,1,confirmed
CH32X033,PA7,USART4.CTS,uart,remap-1,1,1,confirmed
CH32X033,PA9,SPI1.MISO,spi,remap-2,1,1,confirmed
CH32X033,PA9,SPI1.MOSI,spi,remap-1,1,1,confirmed
CH32X033,PA9,TIM2.BKIN,timer,remap-1;remap-3,1,1,confirmed
CH32X033,PA9,USART1.CTS,uart,remap-2,1,1,confirmed
CH32X033,PA9,USART4.RX,uart,remap-1,1,1,confirmed
CH32X033,PB0,ADC1.IN8,analog,default,1,1,confirmed
CH32X033,PB0,OPA1.P0,analog,default,1,1,confirmed
CH32X033,PB0,TIM1.CH2N,timer,remap-1,1,1,confirmed
CH32X033,PB0,USART4.TX,uart,default,1,1,confirmed
CH32X033,PB1,ADC1.IN9,analog,default,1,1,confirmed
CH32X033,PB1,OPA2.N1,analog,default,1,1,confirmed
CH32X033,PB1,TIM1.CH3N,timer,remap-1,1,1,confirmed
CH32X033,PB1,USART4.RX,uart,default,1,1,confirmed
CH32X033,PB7,OPA2.P2,analog,default,1,1,confirmed
CH32X033,PB7,TIM1.CH2N,timer,default;remap-2,1,1,confirmed
CH32X033,PB7,USART3.RTS,uart,default;remap-1,1,1,confirmed
CH32X033,PC16,I2C1.SCL,i2c,remap-2,1,1,confirmed
CH32X033,PC16,I2C1.SDA,i2c,remap-4,1,1,confirmed
CH32X033,PC16,TIM1.CH4,timer,default;remap-1,1,1,confirmed
CH32X033,PC16,USART1.CTS,uart,default;remap-1,1,1,confirmed
CH32X033,PC16,USART4.RX,uart,remap-5,1,1,confirmed
CH32X033,PC16,USART4.TX,uart,remap-2,1,1,confirmed
CH32X033,PC17,I2C1.SCL,i2c,remap-4,1,1,confirmed
CH32X033,PC17,I2C1.SDA,i2c,remap-2,1,1,confirmed
CH32X033,PC17,TIM1.ETR,timer,default;remap-1,1,1,confirmed
CH32X033,PC17,USART1.RTS,uart,default;remap-1,1,1,confirmed
CH32X033,PC17,USART4.RX,uart,remap-2,1,1,confirmed
CH32X033,PC17,USART4.TX,uart,remap-5,1,1,confirmed
CH32X033,PC18,I2C1.SCL,i2c,remap-5,1,1,confirmed
CH32X033,PC18,I2C1.SDA,i2c,remap-3,1,1,confirmed
CH32X033,PC18,PIOC.IO0,pioc,default,1,1,confirmed
CH32X033,PC18,TIM1.ETR,timer,remap-2;remap-3,1,1,confirmed
CH32X033,PC18,TIM2.CH1N,timer,remap-5,1,1,confirmed
CH32X033,PC18,TIM3.CH2,timer,remap-2,1,1,confirmed
CH32X033,PC18,USART3.TX,uart,remap-1,1,1,confirmed
CH32X033,PC19,CMP1.P0,analog,default,1,1,confirmed
CH32X033,PC19,I2C1.SCL,i2c,remap-3,1,1,confirmed
CH32X033,PC19,I2C1.SDA,i2c,remap-5,1,1,confirmed
CH32X033,PC19,PIOC.IO1,pioc,default,1,1,confirmed
CH32X033,PC19,TIM2.CH1,timer,remap-5;remap-6,1,1,confirmed
CH32X033,PC19,TIM3.CH1,timer,remap-2,1,1,confirmed
CH32X033,PC19,USART3.RX,uart,remap-1,1,1,confirmed
CH32X033,PC19,USART4.RX,uart,remap-4,1,1,confirmed
CH32X033,PC3,ADC1.IN13,analog,default,1,1,confirmed
CH32X033,PC3,CMP1.N0,analog,default,1,1,confirmed
CH32X033,PC3,CMP2.N1,analog,default,1,1,confirmed
CH32X033,PC3,CMP3.N1,analog,default,1,1,confirmed
CH32X033,PC3,TIM1.CH4,timer,remap-3,1,1,confirmed
CH32X033,PC3,TIM2.CH1N,timer,remap-2,1,1,confirmed
CH32X033,PC3,TIM2.CH3N,timer,remap-4,1,1,confirmed
CH32X033,PC3,USART2.RTS,uart,remap-3;remap-4,1,1,confirmed
CH32X035,PA0,ADC1.IN0,analog,default,6,7,confirmed
CH32X035,PA0,CMP1.P1,analog,default,6,7,confirmed
CH32X035,PA0,TIM2.CH1,timer,default;remap-2,6,7,confirmed
CH32X035,PA0,USART2.CTS,uart,default,6,7,confirmed
CH32X035,PA1,ADC1.IN1,analog,default,6,7,confirmed
CH32X035,PA1,CMP1.OUT,analog,default,6,7,confirmed
CH32X035,PA1,OPA1.N2,analog,default,6,7,confirmed
CH32X035,PA1,OPA2.N2,analog,default,6,7,confirmed
CH32X035,PA1,TIM2.CH2,timer,default;remap-2,6,7,confirmed
CH32X035,PA1,USART2.CTS,uart,remap-1,6,7,confirmed
CH32X035,PA1,USART2.RTS,uart,default,6,7,confirmed
CH32X035,PA10,I2C1.SCL,i2c,default,2,7,confirmed
CH32X035,PA10,SPI1.MOSI,spi,remap-2,2,7,confirmed
CH32X035,PA10,USART1.TX,uart,remap-1,2,7,confirmed
CH32X035,PA10,USART4.RX,uart,remap-3,2,7,confirmed
CH32X035,PA11,CMP2.P1,analog,default,2,7,confirmed
CH32X035,PA11,I2C1.SDA,i2c,default,2,7,confirmed
CH32X035,PA11,SPI1.SCK,spi,remap-2,2,7,confirmed
CH32X035,PA11,USART1.RX,uart,remap-1,2,7,confirmed
CH32X035,PA12,CMP2.P0,analog,default,3,7,confirmed
CH32X035,PA12,SPI1.NSS,spi,remap-2,3,7,confirmed
CH32X035,PA12,TIM2.CH1N,timer,remap-1;remap-3,3,7,confirmed
CH32X035,PA12,TIM2.CH2,timer,remap-5,3,7,confirmed
CH32X035,PA13,CMP3.P0,analog,default,3,7,confirmed
CH32X035,PA13,I2C1.SCL,i2c,remap-1,3,7,confirmed
CH32X035,PA13,TIM2.CH2N,timer,remap-1;remap-3,3,7,confirmed
CH32X035,PA13,TIM2.CH3,timer,remap-5,3,7,confirmed
CH32X035,PA13,USART1.CTS,uart,remap-3,3,7,confirmed
CH32X035,PA13,USART4.RTS,uart,remap-3,3,7,confirmed
CH32X035,PA14,CMP3.P1,analog,default,2,7,confirmed
CH32X035,PA14,I2C1.SDA,i2c,remap-1,2,7,confirmed
CH32X035,PA14,TIM2.CH3N,timer,remap-1;remap-3,2,7,confirmed
CH32X035,PA14,USART1.RTS,uart,remap-3,2,7,confirmed
CH32X035,PA14,USART4.CTS,uart,remap-3,2,7,confirmed
CH32X035,PA15,USART2.TX,uart,remap-2;remap-4,2,7,confirmed
CH32X035,PA16,USART2.RX,uart,remap-2;remap-4,2,7,confirmed
CH32X035,PA17,USART2.CTS,uart,remap-2;remap-4,2,7,confirmed
CH32X035,PA18,TIM2.ETR,timer,remap-1;remap-3,2,7,confirmed
CH32X035,PA18,USART3.TX,uart,remap-2,2,7,confirmed
CH32X035,PA19,TIM2.ETR,timer,default;remap-2,2,7,confirmed
CH32X035,PA19,USART2.RX,uart,remap-1,2,7,confirmed
CH32X035,PA2,ADC1.IN2,analog,default,7,7,confirmed
CH32X035,PA2,CMP3.N0,analog,default,7,7,confirmed
CH32X035,PA2,OPA2.OUT1,analog,default,7,7,confirmed
CH32X035,PA2,TIM2.CH3,timer,default;remap-1,7,7,confirmed
CH32X035,PA2,TIM2.ETR,timer,remap-5;remap-6,7,7,confirmed
CH32X035,PA2,USART2.RTS,uart,remap-1,7,7,confirmed
CH32X035,PA2,USART2.TX,uart,default,7,7,confirmed
CH32X035,PA20,TIM2.BKIN,timer,default;remap-2,2,7,confirmed
CH32X035,PA20,USART2.TX,uart,remap-1,2,7,confirmed
CH32X035,PA21,TIM2.CH1N,timer,default,2,7,confirmed
CH32X035,PA21,USART2.RTS,uart,remap-2,2,7,confirmed
CH32X035,PA22,CMP2.N0,analog,default,2,7,confirmed
CH32X035,PA22,TIM2.CH2N,timer,default;remap-2,2,7,confirmed
CH32X035,PA22,USART2.CK,uart,remap-2;remap-4,2,7,confirmed
CH32X035,PA23,CMP1.N1,analog,default,2,7,confirmed
CH32X035,PA23,TIM2.CH3N,timer,default;remap-2,2,7,confirmed
CH32X035,PA23,USART2.CK,uart,remap-1,2,7,confirmed
CH32X035,PA3,ADC1.IN3,analog,default,7,7,confirmed
CH32X035,PA3,OPA1.OUT0,analog,default,7,7,confirmed
CH32X035,PA3,TIM2.CH4,timer,default;remap-1,7,7,confirmed
CH32X035,PA3,TIM3.CH1,timer,remap-3,7,7,confirmed
CH32X035,PA3,USART2.RX,uart,default,7,7,confirmed
CH32X035,PA3,USART3.CTS,uart,remap-2,7,7,confirmed
CH32X035,PA4,ADC1.IN4,analog,default,6,7,confirmed
CH32X035,PA4,OPA2.OUT0,analog,default,6,7,confirmed
CH32X035,PA4,SPI1.NSS,spi,default,6,7,confirmed
CH32X035,PA4,TIM3.CH2,timer,remap-3,6,7,confirmed
CH32X035,PA4,USART2.CK,uart,default,6,7,confirmed
CH32X035,PA4,USART3.RTS,uart,remap-2,6,7,confirmed
CH32X035,PA5,ADC1.IN5,analog,default,7,7,confirmed
CH32X035,PA5,OPA2.N0,analog,default,7,7,confirmed
CH32X035,PA5,SPI1.SCK,spi,default,7,7,confirmed
CH32X035,PA5,USART4.CTS,uart,remap-4,7,7,confirmed
CH32X035,PA5,USART4.TX,uart,remap-1,7,7,confirmed
CH32X035,PA6,ADC1.IN6,analog,default,7,7,confirmed
CH32X035,PA6,OPA1.N0,analog,default,7,7,confirmed
CH32X035,PA6,SPI1.MISO,spi,default,7,7,confirmed
CH32X035,PA6,TIM1.BKIN,timer,remap-1,7,7,confirmed
CH32X035,PA6,TIM3.CH1,timer,default,7,7,confirmed
CH32X035,PA6,USART4.CK,uart,remap-1,7,7,confirmed
CH32X035,PA6,USART4.RTS,uart,remap-4,7,7,confirmed
CH32X035,PA7,ADC1.IN7,analog,default,7,7,confirmed
CH32X035,PA7,OPA2.P0,analog,default,7,7,confirmed
CH32X035,PA7,SPI1.MOSI,spi,default,7,7,confirmed
CH32X035,PA7,TIM1.CH1N,timer,remap-1,7,7,confirmed
CH32X035,PA7,TIM3.CH2,timer,default,7,7,confirmed
CH32X035,PA7,USART1.TX,uart,remap-3,7,7,confirmed
CH32X035,PA7,USART4.CTS,uart,remap-1,7,7,confirmed
CH32X035,PA8,SPI1.MISO,spi,remap-1,2,7,confirmed
CH32X035,PA8,USART1.RTS,uart,remap-2,2,7,confirmed
CH32X035,PA8,USART4.CK,uart,remap-4,2,7,confirmed
CH32X035,PA8,USART4.RTS,uart,default;remap-2;remap-5,2,7,confirmed
CH32X035,PA9,SPI1.MISO,spi,remap-2,2,7,confirmed
CH32X035,PA9,SPI1.MOSI,spi,remap-1,2,7,confirmed
CH32X035,PA9,TIM2.BKIN,timer,remap-1;remap-3,2,7,confirmed
CH32X035,PA9,USART1.CTS,uart,remap-2,2,7,confirmed
CH32X035,PA9,USART4.RX,uart,remap-1,2,7,confirmed
CH32X035,PB0,ADC1.IN8,analog,default,5,7,confirmed
CH32X035,PB0,OPA1.P0,analog,default,5,7,confirmed
CH32X035,PB0,TIM1.CH2N,timer,remap-1,5,7,confirmed
CH32X035,PB0,USART4.TX,uart,default,5,7,confirmed
CH32X035,PB1,ADC1.IN9,analog,default,6,7,confirmed
CH32X035,PB1,OPA2.N1,analog,default,6,7,confirmed
CH32X035,PB1,TIM1.CH3N,timer,remap-1,6,7,confirmed
CH32X035,PB1,USART4.RX,uart,default,6,7,confirmed
CH32X035,PB10,TIM1.CH2,timer,default;remap-1;remap-2,4,7,confirmed
CH32X035,PB10,USART1.TX,uart,default;remap-2,4,7,confirmed
CH32X035,PB11,TIM1.CH3,timer,default;remap-1;remap-2,5,7,confirmed
CH32X035,PB11,TIM2.CH1N,timer,remap-6,5,7,confirmed
CH32X035,PB11,USART1.RX,uart,default;remap-2,5,7,confirmed
CH32X035,PB12,TIM1.CH4,timer,remap-2,6,7,confirmed
CH32X035,PB12,TIM2.CH2N,timer,remap-5;remap-6,6,7,confirmed
CH32X035,PB12,USART1.CK,uart,remap-3,6,7,confirmed
CH32X035,PB13,USART4.TX,uart,remap-4,2,7,confirmed
CH32X035,PB14,USART3.RX,uart,remap-2,1,7,confirmed
CH32X035,PB15,SPI1.SCK,spi,remap-1,1,7,confirmed
CH32X035,PB15,TIM2.CH2,timer,remap-1;remap-3,1,7,confirmed
CH32X035,PB15,USART4.CTS,uart,default;remap-2;remap-5,1,7,confirmed
CH32X035,PB16,TIM2.CH1,timer,remap-4,1,7,confirmed
CH32X035,PB16,USART3.TX,uart,remap-3,1,7,confirmed
CH32X035,PB17,TIM2.CH2,timer,remap-4,1,7,confirmed
CH32X035,PB17,USART3.RX,uart,remap-3,1,7,confirmed
CH32X035,PB18,TIM2.CH3,timer,remap-4,1,7,confirmed
CH32X035,PB18,USART3.CTS,uart,remap-3,1,7,confirmed
CH32X035,PB19,TIM2.CH4,timer,remap-4,1,7,confirmed
CH32X035,PB19,USART3.RTS,uart,remap-3,1,7,confirmed
CH32X035,PB2,CMP2.OUT,analog,default,2,7,confirmed
CH32X035,PB2,USART1.RX,uart,remap-3,2,7,confirmed
CH32X035,PB2,USART4.CK,uart,default;remap-2;remap-5,2,7,confirmed
CH32X035,PB20,USART2.CK,uart,remap-3,1,7,confirmed
CH32X035,PB21,SPI1.NSS,spi,remap-1,1,7,confirmed
CH32X035,PB21,TIM2.CH1,timer,remap-1;remap-3,1,7,confirmed
CH32X035,PB21,USART4.RTS,uart,remap-1,1,7,confirmed
CH32X035,PB3,CMP3.OUT,analog,default,5,7,confirmed
CH32X035,PB3,OPA2.P1,analog,default,5,7,confirmed
CH32X035,PB3,TIM2.CH3,timer,remap-2;remap-3,5,7,confirmed
CH32X035,PB3,TIM2.CH3N,timer,remap-5;remap-6,5,7,confirmed
CH32X035,PB3,USART3.TX,uart,default,5,7,confirmed
CH32X035,PB4,OPA1.P2,analog,default,4,7,confirmed
CH32X035,PB4,TIM2.BKIN,timer,remap-5;remap-6,4,7,confirmed
CH32X035,PB4,TIM2.CH4,timer,remap-2;remap-3,4,7,confirmed
CH32X035,PB4,TIM3.CH1,timer,remap-1,4,7,confirmed
CH32X035,PB4,USART3.RX,uart,default,4,7,confirmed
CH32X035,PB5,OPA1.OUT1,analog,default,4,7,confirmed
CH32X035,PB5,TIM1.BKIN,timer,default;remap-2,4,7,confirmed
CH32X035,PB5,TIM3.CH2,timer,remap-1,4,7,confirmed
CH32X035,PB5,USART1.CK,uart,remap-2,4,7,confirmed
CH32X035,PB5,USART3.CK,uart,default;remap-1,4,7,confirmed
CH32X035,PB6,OPA1.N1,analog,default,4,7,confirmed
CH32X035,PB6,TIM1.CH1N,timer,default;remap-2,4,7,confirmed
CH32X035,PB6,USART3.CTS,uart,default;remap-1,4,7,confirmed
CH32X035,PB7,OPA2.P2,analog,default,4,7,confirmed
CH32X035,PB7,TIM1.CH2N,timer,default;remap-2,4,7,confirmed
CH32X035,PB7,USART3.RTS,uart,default;remap-1,4,7,confirmed
CH32X035,PB8,OPA1.P1,analog,default,4,7,confirmed
CH32X035,PB8,TIM1.CH3N,timer,default;remap-2,4,7,confirmed
CH32X035,PB8,USART3.CK,uart,remap-2,4,7,confirmed
CH32X035,PB8,USART4.CK,uart,remap-3,4,7,confirmed
CH32X035,PB9,RCC.MCO,clock,default,4,7,confirmed
CH32X035,PB9,TIM1.CH1,timer,default;remap-1;remap-2,4,7,confirmed
CH32X035,PB9,USART1.CK,uart,default;remap-1,4,7,confirmed
CH32X035,PB9,USART4.TX,uart,remap-3,4,7,confirmed
CH32X035,PC0,ADC1.IN10,analog,default,2,7,confirmed
CH32X035,PC0,TIM1.CH1,timer,remap-3,2,7,confirmed
CH32X035,PC0,TIM2.BKIN,timer,remap-4,2,7,confirmed
CH32X035,PC0,TIM2.CH4,timer,remap-5;remap-6,2,7,confirmed
CH32X035,PC0,USART2.TX,uart,remap-3,2,7,confirmed
CH32X035,PC1,ADC1.IN11,analog,default,2,7,confirmed
CH32X035,PC1,TIM1.CH2,timer,remap-3,2,7,confirmed
CH32X035,PC1,TIM2.CH1N,timer,remap-4,2,7,confirmed
CH32X035,PC1,USART2.RX,uart,remap-3,2,7,confirmed
CH32X035,PC14,TIM1.CH3,timer,remap-4,7,7,confirmed
CH32X035,PC14,TIM2.CH2,timer,remap-6,7,7,confirmed
CH32X035,PC15,TIM1.ETR,timer,remap-4,7,7,confirmed
CH32X035,PC15,TIM2.CH3,timer,remap-6,7,7,confirmed
CH32X035,PC16,I2C1.SCL,i2c,remap-2,7,7,confirmed
CH32X035,PC16,I2C1.SDA,i2c,remap-4,7,7,confirmed
CH32X035,PC16,TIM1.CH4,timer,default;remap-1,7,7,confirmed
CH32X035,PC16,USART1.CTS,uart,default;remap-1,7,7,confirmed
CH32X035,PC16,USART4.RX,uart,remap-5,7,7,confirmed
CH32X035,PC16,USART4.TX,uart,remap-2,7,7,confirmed
CH32X035,PC17,I2C1.SCL,i2c,remap-4,7,7,confirmed
CH32X035,PC17,I2C1.SDA,i2c,remap-2,7,7,confirmed
CH32X035,PC17,TIM1.ETR,timer,default;remap-1,7,7,confirmed
CH32X035,PC17,USART1.RTS,uart,default;remap-1,7,7,confirmed
CH32X035,PC17,USART4.RX,uart,remap-2,7,7,confirmed
CH32X035,PC17,USART4.TX,uart,remap-5,7,7,confirmed
CH32X035,PC18,I2C1.SCL,i2c,remap-5,7,7,confirmed
CH32X035,PC18,I2C1.SDA,i2c,remap-3,7,7,confirmed
CH32X035,PC18,PIOC.IO0,pioc,default,7,7,confirmed
CH32X035,PC18,TIM1.ETR,timer,remap-2;remap-3,7,7,confirmed
CH32X035,PC18,TIM2.CH1N,timer,remap-5,7,7,confirmed
CH32X035,PC18,TIM3.CH2,timer,remap-2,7,7,confirmed
CH32X035,PC18,USART3.TX,uart,remap-1,7,7,confirmed
CH32X035,PC19,CMP1.P0,analog,default,7,7,confirmed
CH32X035,PC19,I2C1.SCL,i2c,remap-3,7,7,confirmed
CH32X035,PC19,I2C1.SDA,i2c,remap-5,7,7,confirmed
CH32X035,PC19,PIOC.IO1,pioc,default,7,7,confirmed
CH32X035,PC19,TIM2.CH1,timer,remap-5;remap-6,7,7,confirmed
CH32X035,PC19,TIM3.CH1,timer,remap-2,7,7,confirmed
CH32X035,PC19,USART3.RX,uart,remap-1,7,7,confirmed
CH32X035,PC19,USART4.RX,uart,remap-4,7,7,confirmed
CH32X035,PC2,ADC1.IN12,analog,default,1,7,confirmed
CH32X035,PC2,TIM1.CH3,timer,remap-3,1,7,confirmed
CH32X035,PC2,TIM2.CH2N,timer,remap-4,1,7,confirmed
CH32X035,PC2,USART2.CTS,uart,remap-3,1,7,confirmed
CH32X035,PC3,ADC1.IN13,analog,default,4,7,confirmed
CH32X035,PC3,CMP1.N0,analog,default,4,7,confirmed
CH32X035,PC3,CMP2.N1,analog,default,4,7,confirmed
CH32X035,PC3,CMP3.N1,analog,default,4,7,confirmed
CH32X035,PC3,TIM1.CH4,timer,remap-3,4,7,confirmed
CH32X035,PC3,TIM2.CH1N,timer,remap-2,4,7,confirmed
CH32X035,PC3,TIM2.CH3N,timer,remap-4,4,7,confirmed
CH32X035,PC3,USART2.RTS,uart,remap-3;remap-4,4,7,confirmed
CH32X035,PC4,SPI1.NSS,spi,remap-3,1,7,confirmed
CH32X035,PC4,TIM1.BKIN,timer,remap-3,1,7,confirmed
CH32X035,PC4,TIM2.ETR,timer,remap-4,1,7,confirmed
CH32X035,PC5,SPI1.SCK,spi,remap-3,1,7,confirmed
CH32X035,PC5,TIM1.CH1N,timer,remap-3,1,7,confirmed
CH32X035,PC6,SPI1.MISO,spi,remap-3,2,7,confirmed
CH32X035,PC6,TIM1.CH2N,timer,remap-3,2,7,confirmed
CH32X035,PC7,PIOC.IO0,pioc,remap-1,3,7,confirmed
CH32X035,PC7,SPI1.MOSI,spi,remap-3,3,7,confirmed
CH32X035,PC7,TIM1.CH3N,timer,remap-3,3,7,confirmed
CH32X305,PA0,ADC4.IN10,analog,default,1,1,confirmed
CH32X305,PA0,I2C1.SCL,i2c,af-3,1,1,confirmed
CH32X305,PA0,TIM1.CH1N,timer,af-6,1,1,confirmed
CH32X305,PA0,TIM4.ETR,timer,af-7,1,1,confirmed
CH32X305,PA1,ADC4.IN11,analog,default,1,1,confirmed
CH32X305,PA1,I2C1.SDA,i2c,af-3,1,1,confirmed
CH32X305,PA1,TIM1.CH2N,timer,af-6,1,1,confirmed
CH32X305,PA10,ADC1.S0,analog,af-5,1,1,confirmed
CH32X305,PA10,TIM1.CH1,timer,af-6,1,1,confirmed
CH32X305,PA10,USART1.RX,uart,af-1,1,1,confirmed
CH32X305,PA11,ADC1.S1,analog,af-5,1,1,confirmed
CH32X305,PA11,I2C2.SCL,i2c,af-3,1,1,confirmed
CH32X305,PA11,TIM1.CH2,timer,af-6,1,1,confirmed
CH32X305,PA11,USART1.TX,uart,af-1,1,1,confirmed
CH32X305,PA12,ADC1.S2,analog,af-5,1,1,confirmed
CH32X305,PA12,I2C2.SDA,i2c,af-3,1,1,confirmed
CH32X305,PA12,SPI1.SCS,spi,af-4,1,1,confirmed
CH32X305,PA12,TIM1.CH3,timer,af-6,1,1,confirmed
CH32X305,PA12,USART1.RX,uart,af-1,1,1,confirmed
CH32X305,PA13,I2C1.SDA,i2c,af-3,1,1,confirmed
CH32X305,PA13,SPI1.SCK,spi,af-4,1,1,confirmed
CH32X305,PA13,TIM1.CH1N,timer,af-6,1,1,confirmed
CH32X305,PA13,USART2.RX,uart,af-2,1,1,confirmed
CH32X305,PA13,USART3.TX,uart,af-1,1,1,confirmed
CH32X305,PA14,I2C1.SCL,i2c,af-3,1,1,confirmed
CH32X305,PA14,SPI1.MOSI,spi,af-4,1,1,confirmed
CH32X305,PA14,TIM1.CH2N,timer,af-6,1,1,confirmed
CH32X305,PA14,USART2.TX,uart,af-2,1,1,confirmed
CH32X305,PA14,USART3.RX,uart,af-1,1,1,confirmed
CH32X305,PA15,RCC.MCO,clock,af-0,1,1,confirmed
CH32X305,PA15,SPI1.MISO,spi,af-4,1,1,confirmed
CH32X305,PA15,TIM1.CH3N,timer,af-6,1,1,confirmed
CH32X305,PA15,TIM3.CH4,timer,af-7,1,1,confirmed
CH32X305,PA2,ADC1.IN0,analog,default,1,1,confirmed
CH32X305,PA2,TIM1.CH3N,timer,af-6,1,1,confirmed
CH32X305,PA3,ADC1.IN1,analog,default,1,1,confirmed
CH32X305,PA3,USART2.CK,uart,af-1,1,1,confirmed
CH32X305,PA4,ADC1.IN2,analog,default,1,1,confirmed
CH32X305,PA4,SPI1.SCS,spi,af-4,1,1,confirmed
CH32X305,PA4,TIM2.CH1_ETR,timer,af-6,1,1,confirmed
CH32X305,PA4,USART2.TX,uart,af-1,1,1,confirmed
CH32X305,PA5,ADC1.IN3,analog,default,1,1,confirmed
CH32X305,PA5,SPI1.SCK,spi,af-4,1,1,confirmed
CH32X305,PA5,TIM2.CH2,timer,af-6,1,1,confirmed
CH32X305,PA5,USART2.RX,uart,af-1,1,1,confirmed
CH32X305,PA6,ADC1.IN4,analog,default,1,1,confirmed
CH32X305,PA6,SPI1.MOSI,spi,af-4,1,1,confirmed
CH32X305,PA6,TIM2.CH3,timer,af-6,1,1,confirmed
CH32X305,PA6,USART2.CTS,uart,af-1,1,1,confirmed
CH32X305,PA7,ADC1.IN5,analog,default,1,1,confirmed
CH32X305,PA7,SPI1.MISO,spi,af-4,1,1,confirmed
CH32X305,PA7,TIM2.CH4,timer,af-6,1,1,confirmed
CH32X305,PA7,USART2.RTS,uart,af-1,1,1,confirmed
CH32X305,PA8,ADC3.IN8,analog,default,1,1,confirmed
CH32X305,PA8,I2C1.SCL,i2c,af-3,1,1,confirmed
CH32X305,PA8,TIM1.CH2N,timer,af-6,1,1,confirmed
CH32X305,PA8,USART4.TX,uart,af-1,1,1,confirmed
CH32X305,PA9,ADC3.IN9,analog,default,1,1,confirmed
CH32X305,PA9,I2C1.SDA,i2c,af-3,1,1,confirmed
CH32X305,PA9,TIM1.CH3N,timer,af-6,1,1,confirmed
CH32X305,PA9,USART4.RX,uart,af-1,1,1,confirmed
CH32X305,PB0,ADC1.IN6,analog,default,1,1,confirmed
CH32X305,PB0,SPI1.SCS,spi,af-4,1,1,confirmed
CH32X305,PB10,ADC3.IN0,analog,default,1,1,confirmed
CH32X305,PB10,I2C2.SDA,i2c,af-3,1,1,confirmed
CH32X305,PB10,TIM1.CH3,timer,af-6,1,1,confirmed
CH32X305,PB11,ADC3.IN1,analog,default,1,1,confirmed
CH32X305,PB11,TIM1.CH4,timer,af-6,1,1,confirmed
CH32X305,PB12,SPI2.SCS,spi,af-4,1,1,confirmed
CH32X305,PB12,USART4.TX,uart,af-1,1,1,confirmed
CH32X305,PB13,SPI2.SCK,spi,af-4,1,1,confirmed
CH32X305,PB13,USART4.RX,uart,af-1,1,1,confirmed
CH32X305,PB14,I2C1.SCL,i2c,af-3,1,1,confirmed
CH32X305,PB14,SPI2.MOSI,spi,af-4,1,1,confirmed
CH32X305,PB15,I2C1.SDA,i2c,af-3,1,1,confirmed
CH32X305,PB15,SPI2.MISO,spi,af-4,1,1,confirmed
CH32X305,PB4,ADC1.IN10,analog,default,1,1,confirmed
CH32X305,PB4,SPI2.SCS,spi,af-4,1,1,confirmed
CH32X305,PB4,TIM2.CH1_ETR,timer,af-6,1,1,confirmed
CH32X305,PB5,ADC1.IN11,analog,default,1,1,confirmed
CH32X305,PB5,SPI2.SCK,spi,af-4,1,1,confirmed
CH32X305,PB5,TIM2.CH2,timer,af-6,1,1,confirmed
CH32X305,PB6,ADC2.IN0,analog,default,1,1,confirmed
CH32X305,PB6,SPI2.MOSI,spi,af-4,1,1,confirmed
CH32X305,PB6,TIM2.CH3,timer,af-6,1,1,confirmed
CH32X305,PB6,USART3.CTS,uart,af-1,1,1,confirmed
CH32X305,PB7,ADC2.IN1,analog,default,1,1,confirmed
CH32X305,PB7,SPI2.MISO,spi,af-4,1,1,confirmed
CH32X305,PB7,TIM2.CH4,timer,af-6,1,1,confirmed
CH32X305,PB7,USART3.RTS,uart,af-1,1,1,confirmed
CH32X305,PB8,ADC2.IN10,analog,default,1,1,confirmed
CH32X305,PB8,TIM1.CH1,timer,af-6,1,1,confirmed
CH32X305,PB9,ADC2.IN11,analog,default,1,1,confirmed
CH32X305,PB9,I2C2.SCL,i2c,af-3,1,1,confirmed
CH32X305,PB9,TIM1.CH2,timer,af-6,1,1,confirmed
CH32X305,PC0,ADC4.IN2,analog,default,1,1,confirmed
CH32X305,PC1,ADC4.IN3,analog,default,1,1,confirmed
CH32X305,PC10,ADC2.IN4,analog,default,1,1,confirmed
CH32X305,PC10,I2C2.SCL,i2c,af-3,1,1,confirmed
CH32X305,PC10,SPI3.MOSI,spi,af-4,1,1,confirmed
CH32X305,PC10,TIM3.CH3,timer,af-7,1,1,confirmed
CH32X305,PC10,USART3.CK,uart,af-1,1,1,confirmed
CH32X305,PC11,ADC2.IN5,analog,default,1,1,confirmed
CH32X305,PC11,I2C2.SDA,i2c,af-3,1,1,confirmed
CH32X305,PC11,SPI3.MISO,spi,af-4,1,1,confirmed
CH32X305,PC11,TIM3.CH4,timer,af-7,1,1,confirmed
CH32X305,PC12,ADC2.IN6,analog,default,1,1,confirmed
CH32X305,PC12,TIM3.ETR,timer,af-7,1,1,confirmed
CH32X305,PC12,USART2.TX,uart,af-1,1,1,confirmed
CH32X305,PC13,ADC2.IN7,analog,default,1,1,confirmed
CH32X305,PC13,USART2.RX,uart,af-1,1,1,confirmed
CH32X305,PC2,ADC4.IN4,analog,default,1,1,confirmed
CH32X305,PC3,ADC4.IN5,analog,default,1,1,confirmed
CH32X305,PC3,TIM1.ETR,timer,af-6,1,1,confirmed
CH32X305,PC3,USART1.CK,uart,af-1,1,1,confirmed
CH32X305,PC4,ADC4.IN6,analog,default,1,1,confirmed
CH32X305,PC4,SPI3.SCS,spi,af-4,1,1,confirmed
CH32X305,PC4,TIM1.CH1,timer,af-6,1,1,confirmed
CH32X305,PC4,TIM4.CH1,timer,af-7,1,1,confirmed
CH32X305,PC4,USART1.TX,uart,af-1,1,1,confirmed
CH32X305,PC5,ADC4.IN7,analog,default,1,1,confirmed
CH32X305,PC5,SPI3.SCK,spi,af-4,1,1,confirmed
CH32X305,PC5,TIM1.CH2,timer,af-6,1,1,confirmed
CH32X305,PC5,TIM4.CH2,timer,af-7,1,1,confirmed
CH32X305,PC5,USART1.RX,uart,af-1,1,1,confirmed
CH32X305,PC6,ADC4.IN8,analog,default,1,1,confirmed
CH32X305,PC6,SPI3.MOSI,spi,af-4,1,1,confirmed
CH32X305,PC6,TIM1.CH3,timer,af-6,1,1,confirmed
CH32X305,PC6,TIM4.CH3,timer,af-7,1,1,confirmed
CH32X305,PC6,USART1.CTS,uart,af-1,1,1,confirmed
CH32X305,PC7,ADC4.IN9,analog,default,1,1,confirmed
CH32X305,PC7,SPI3.MISO,spi,af-4,1,1,confirmed
CH32X305,PC7,TIM1.CH4,timer,af-6,1,1,confirmed
CH32X305,PC7,TIM4.CH4,timer,af-7,1,1,confirmed
CH32X305,PC7,USART1.RTS,uart,af-1,1,1,confirmed
CH32X305,PC8,ADC2.IN2,analog,default,1,1,confirmed
CH32X305,PC8,SPI3.SCS,spi,af-4,1,1,confirmed
CH32X305,PC8,TIM3.CH1,timer,af-7,1,1,confirmed
CH32X305,PC8,USART3.TX,uart,af-1,1,1,confirmed
CH32X305,PC9,ADC2.IN3,analog,default,1,1,confirmed
CH32X305,PC9,SPI3.SCK,spi,af-4,1,1,confirmed
CH32X305,PC9,TIM3.CH2,timer,af-7,1,1,confirmed
CH32X305,PC9,USART3.RX,uart,af-1,1,1,confirmed
CH32X305,PD10,ADC3.IN4,analog,default,1,1,confirmed
CH32X305,PD10,SPI3.SCS,spi,af-4,1,1,confirmed
CH32X305,PD10,TIM4.CH1,timer,af-7,1,1,confirmed
CH32X305,PD11,ADC3.IN5,analog,default,1,1,confirmed
CH32X305,PD11,SPI3.SCK,spi,af-4,1,1,confirmed
CH32X305,PD11,TIM4.CH2,timer,af-7,1,1,confirmed
CH32X305,PD11,USART4.CK,uart,af-1,1,1,confirmed
CH32X305,PD12,ADC3.IN6,analog,default,1,1,confirmed
CH32X305,PD12,SPI3.MOSI,spi,af-4,1,1,confirmed
CH32X305,PD12,TIM4.CH3,timer,af-7,1,1,confirmed
CH32X305,PD12,USART4.CTS,uart,af-1,1,1,confirmed
CH32X305,PD13,ADC3.IN7,analog,default,1,1,confirmed
CH32X305,PD13,SPI3.MISO,spi,af-4,1,1,confirmed
CH32X305,PD13,TIM1.CH1N,timer,af-6,1,1,confirmed
CH32X305,PD13,TIM4.CH4,timer,af-7,1,1,confirmed
CH32X305,PD13,USART4.RTS,uart,af-1,1,1,confirmed
CH32X305,PD2,SPI1.MOSI,spi,af-4,1,1,confirmed
CH32X305,PD3,SPI1.MISO,spi,af-4,1,1,confirmed
CH32X305,PD3,TIM1.BKIN,timer,af-6,1,1,confirmed
CH32X305,PD3,TIM3.CH1,timer,af-7,1,1,confirmed
CH32X305,PD4,ADC3.IN10,analog,default,1,1,confirmed
CH32X305,PD4,I2C1.SCL,i2c,af-3,1,1,confirmed
CH32X305,PD4,TIM1.CH4,timer,af-6,1,1,confirmed
CH32X305,PD4,TIM3.CH2,timer,af-7,1,1,confirmed
CH32X305,PD4,USART1.TX,uart,af-1,1,1,confirmed
CH32X305,PD5,ADC3.IN11,analog,default,1,1,confirmed
CH32X305,PD5,I2C1.SDA,i2c,af-3,1,1,confirmed
CH32X305,PD5,TIM3.CH3,timer,af-7,1,1,confirmed
CH32X305,PD5,USART1.RX,uart,af-1,1,1,confirmed
CH32X305,PD6,I2C2.SCL,i2c,af-3,1,1,confirmed
CH32X305,PD6,USART2.TX,uart,af-1,1,1,confirmed
CH32X305,PD7,I2C2.SDA,i2c,af-3,1,1,confirmed
CH32X305,PD7,USART2.RX,uart,af-1,1,1,confirmed
CH32X305,XI,I2C2.SCL,i2c,af-3,1,1,confirmed
CH32X305,XI,SPI1.SCS,spi,af-4,1,1,confirmed
CH32X305,XI,USART1.RX,uart,af-1,1,1,confirmed
CH32X305,XO,I2C2.SDA,i2c,af-3,1,1,confirmed
CH32X305,XO,SPI1.SCK,spi,af-4,1,1,confirmed
CH32X305,XO,USART1.TX,uart,af-1,1,1,confirmed
CH32X315,PA0,ADC4.IN10,analog,default,3,3,confirmed
CH32X315,PA0,I2C1.SCL,i2c,af-3,3,3,confirmed
CH32X315,PA0,TIM1.CH1N,timer,af-6,3,3,confirmed
CH32X315,PA0,TIM4.ETR,timer,af-7,3,3,confirmed
CH32X315,PA1,ADC4.IN11,analog,default,3,3,confirmed
CH32X315,PA1,I2C1.SDA,i2c,af-3,3,3,confirmed
CH32X315,PA1,TIM1.CH2N,timer,af-6,3,3,confirmed
CH32X315,PA10,ADC1.S0,analog,af-5,3,3,confirmed
CH32X315,PA10,TIM1.CH1,timer,af-6,3,3,confirmed
CH32X315,PA10,USART1.RX,uart,af-1,3,3,confirmed
CH32X315,PA11,ADC1.S1,analog,af-5,3,3,confirmed
CH32X315,PA11,I2C2.SCL,i2c,af-3,3,3,confirmed
CH32X315,PA11,TIM1.CH2,timer,af-6,3,3,confirmed
CH32X315,PA11,USART1.TX,uart,af-1,3,3,confirmed
CH32X315,PA12,ADC1.S2,analog,af-5,3,3,confirmed
CH32X315,PA12,I2C2.SDA,i2c,af-3,3,3,confirmed
CH32X315,PA12,SPI1.SCS,spi,af-4,3,3,confirmed
CH32X315,PA12,TIM1.CH3,timer,af-6,3,3,confirmed
CH32X315,PA12,USART1.RX,uart,af-1,3,3,confirmed
CH32X315,PA13,I2C1.SDA,i2c,af-3,3,3,confirmed
CH32X315,PA13,SPI1.SCK,spi,af-4,3,3,confirmed
CH32X315,PA13,TIM1.CH1N,timer,af-6,3,3,confirmed
CH32X315,PA13,USART2.RX,uart,af-2,3,3,confirmed
CH32X315,PA13,USART3.TX,uart,af-1,3,3,confirmed
CH32X315,PA14,I2C1.SCL,i2c,af-3,3,3,confirmed
CH32X315,PA14,SPI1.MOSI,spi,af-4,3,3,confirmed
CH32X315,PA14,TIM1.CH2N,timer,af-6,3,3,confirmed
CH32X315,PA14,USART2.TX,uart,af-2,3,3,confirmed
CH32X315,PA14,USART3.RX,uart,af-1,3,3,confirmed
CH32X315,PA15,RCC.MCO,clock,af-0,3,3,confirmed
CH32X315,PA15,SPI1.MISO,spi,af-4,3,3,confirmed
CH32X315,PA15,TIM1.CH3N,timer,af-6,3,3,confirmed
CH32X315,PA15,TIM3.CH4,timer,af-7,3,3,confirmed
CH32X315,PA2,ADC1.IN0,analog,default,3,3,confirmed
CH32X315,PA2,TIM1.CH3N,timer,af-6,3,3,confirmed
CH32X315,PA3,ADC1.IN1,analog,default,3,3,confirmed
CH32X315,PA3,USART2.CK,uart,af-1,3,3,confirmed
CH32X315,PA4,ADC1.IN2,analog,default,3,3,confirmed
CH32X315,PA4,SPI1.SCS,spi,af-4,3,3,confirmed
CH32X315,PA4,TIM2.CH1_ETR,timer,af-6,3,3,confirmed
CH32X315,PA4,USART2.TX,uart,af-1,3,3,confirmed
CH32X315,PA5,ADC1.IN3,analog,default,3,3,confirmed
CH32X315,PA5,SPI1.SCK,spi,af-4,3,3,confirmed
CH32X315,PA5,TIM2.CH2,timer,af-6,3,3,confirmed
CH32X315,PA5,USART2.RX,uart,af-1,3,3,confirmed
CH32X315,PA6,ADC1.IN4,analog,default,3,3,confirmed
CH32X315,PA6,SPI1.MOSI,spi,af-4,3,3,confirmed
CH32X315,PA6,TIM2.CH3,timer,af-6,3,3,confirmed
CH32X315,PA6,USART2.CTS,uart,af-1,3,3,confirmed
CH32X315,PA7,ADC1.IN5,analog,default,3,3,confirmed
CH32X315,PA7,SPI1.MISO,spi,af-4,3,3,confirmed
CH32X315,PA7,TIM2.CH4,timer,af-6,3,3,confirmed
CH32X315,PA7,USART2.RTS,uart,af-1,3,3,confirmed
CH32X315,PA8,ADC3.IN8,analog,default,3,3,confirmed
CH32X315,PA8,I2C1.SCL,i2c,af-3,3,3,confirmed
CH32X315,PA8,TIM1.CH2N,timer,af-6,3,3,confirmed
CH32X315,PA8,USART4.TX,uart,af-1,3,3,confirmed
CH32X315,PA9,ADC3.IN9,analog,default,3,3,confirmed
CH32X315,PA9,I2C1.SDA,i2c,af-3,3,3,confirmed
CH32X315,PA9,TIM1.CH3N,timer,af-6,3,3,confirmed
CH32X315,PA9,USART4.RX,uart,af-1,3,3,confirmed
CH32X315,PB0,ADC1.IN6,analog,default,2,3,confirmed
CH32X315,PB0,SPI1.SCS,spi,af-4,2,3,confirmed
CH32X315,PB1,ADC1.IN7,analog,default,2,3,confirmed
CH32X315,PB1,SPI1.SCK,spi,af-4,2,3,confirmed
CH32X315,PB10,ADC3.IN0,analog,default,3,3,confirmed
CH32X315,PB10,I2C2.SDA,i2c,af-3,3,3,confirmed
CH32X315,PB10,TIM1.CH3,timer,af-6,3,3,confirmed
CH32X315,PB11,ADC3.IN1,analog,default,3,3,confirmed
CH32X315,PB11,TIM1.CH4,timer,af-6,3,3,confirmed
CH32X315,PB12,SPI2.SCS,spi,af-4,1,3,confirmed
CH32X315,PB12,USART4.TX,uart,af-1,1,3,confirmed
CH32X315,PB13,SPI2.SCK,spi,af-4,1,3,confirmed
CH32X315,PB13,USART4.RX,uart,af-1,1,3,confirmed
CH32X315,PB14,I2C1.SCL,i2c,af-3,1,3,confirmed
CH32X315,PB14,SPI2.MOSI,spi,af-4,1,3,confirmed
CH32X315,PB15,I2C1.SDA,i2c,af-3,1,3,confirmed
CH32X315,PB15,SPI2.MISO,spi,af-4,1,3,confirmed
CH32X315,PB2,ADC1.IN8,analog,default,2,3,confirmed
CH32X315,PB2,SPI1.MOSI,spi,af-4,2,3,confirmed
CH32X315,PB3,ADC1.IN9,analog,default,2,3,confirmed
CH32X315,PB3,SPI1.MISO,spi,af-4,2,3,confirmed
CH32X315,PB4,ADC1.IN10,analog,default,3,3,confirmed
CH32X315,PB4,SPI2.SCS,spi,af-4,3,3,confirmed
CH32X315,PB4,TIM2.CH1_ETR,timer,af-6,3,3,confirmed
CH32X315,PB5,ADC1.IN11,analog,default,3,3,confirmed
CH32X315,PB5,SPI2.SCK,spi,af-4,3,3,confirmed
CH32X315,PB5,TIM2.CH2,timer,af-6,3,3,confirmed
CH32X315,PB6,ADC2.IN0,analog,default,3,3,confirmed
CH32X315,PB6,SPI2.MOSI,spi,af-4,3,3,confirmed
CH32X315,PB6,TIM2.CH3,timer,af-6,3,3,confirmed
CH32X315,PB6,USART3.CTS,uart,af-1,3,3,confirmed
CH32X315,PB7,ADC2.IN1,analog,default,3,3,confirmed
CH32X315,PB7,SPI2.MISO,spi,af-4,3,3,confirmed
CH32X315,PB7,TIM2.CH4,timer,af-6,3,3,confirmed
CH32X315,PB7,USART3.RTS,uart,af-1,3,3,confirmed
CH32X315,PB8,ADC2.IN10,analog,default,3,3,confirmed
CH32X315,PB8,TIM1.CH1,timer,af-6,3,3,confirmed
CH32X315,PB9,ADC2.IN11,analog,default,3,3,confirmed
CH32X315,PB9,I2C2.SCL,i2c,af-3,3,3,confirmed
CH32X315,PB9,TIM1.CH2,timer,af-6,3,3,confirmed
CH32X315,PC0,ADC4.IN2,analog,default,2,3,confirmed
CH32X315,PC1,ADC4.IN3,analog,default,2,3,confirmed
CH32X315,PC10,ADC2.IN4,analog,default,2,3,confirmed
CH32X315,PC10,I2C2.SCL,i2c,af-3,2,3,confirmed
CH32X315,PC10,SPI3.MOSI,spi,af-4,2,3,confirmed
CH32X315,PC10,TIM3.CH3,timer,af-7,2,3,confirmed
CH32X315,PC10,USART3.CK,uart,af-1,2,3,confirmed
CH32X315,PC11,ADC2.IN5,analog,default,2,3,confirmed
CH32X315,PC11,I2C2.SDA,i2c,af-3,2,3,confirmed
CH32X315,PC11,SPI3.MISO,spi,af-4,2,3,confirmed
CH32X315,PC11,TIM3.CH4,timer,af-7,2,3,confirmed
CH32X315,PC12,ADC2.IN6,analog,default,2,3,confirmed
CH32X315,PC12,TIM3.ETR,timer,af-7,2,3,confirmed
CH32X315,PC12,USART2.TX,uart,af-1,2,3,confirmed
CH32X315,PC13,ADC2.IN7,analog,default,2,3,confirmed
CH32X315,PC13,USART2.RX,uart,af-1,2,3,confirmed
CH32X315,PC14,ADC2.IN8,analog,default,2,3,confirmed
CH32X315,PC14,I2C1.SCL,i2c,af-3,2,3,confirmed
CH32X315,PC15,ADC2.IN9,analog,default,2,3,confirmed
CH32X315,PC15,I2C1.SDA,i2c,af-3,2,3,confirmed
CH32X315,PC2,ADC4.IN4,analog,default,2,3,confirmed
CH32X315,PC3,ADC4.IN5,analog,default,2,3,confirmed
CH32X315,PC3,TIM1.ETR,timer,af-6,2,3,confirmed
CH32X315,PC3,USART1.CK,uart,af-1,2,3,confirmed
CH32X315,PC4,ADC4.IN6,analog,default,3,3,confirmed
CH32X315,PC4,SPI3.SCS,spi,af-4,3,3,confirmed
CH32X315,PC4,TIM1.CH1,timer,af-6,3,3,confirmed
CH32X315,PC4,TIM4.CH1,timer,af-7,3,3,confirmed
CH32X315,PC4,USART1.TX,uart,af-1,3,3,confirmed
CH32X315,PC5,ADC4.IN7,analog,default,3,3,confirmed
CH32X315,PC5,SPI3.SCK,spi,af-4,3,3,confirmed
CH32X315,PC5,TIM1.CH2,timer,af-6,3,3,confirmed
CH32X315,PC5,TIM4.CH2,timer,af-7,3,3,confirmed
CH32X315,PC5,USART1.RX,uart,af-1,3,3,confirmed
CH32X315,PC6,ADC4.IN8,analog,default,3,3,confirmed
CH32X315,PC6,SPI3.MOSI,spi,af-4,3,3,confirmed
CH32X315,PC6,TIM1.CH3,timer,af-6,3,3,confirmed
CH32X315,PC6,TIM4.CH3,timer,af-7,3,3,confirmed
CH32X315,PC6,USART1.CTS,uart,af-1,3,3,confirmed
CH32X315,PC7,ADC4.IN9,analog,default,3,3,confirmed
CH32X315,PC7,SPI3.MISO,spi,af-4,3,3,confirmed
CH32X315,PC7,TIM1.CH4,timer,af-6,3,3,confirmed
CH32X315,PC7,TIM4.CH4,timer,af-7,3,3,confirmed
CH32X315,PC7,USART1.RTS,uart,af-1,3,3,confirmed
CH32X315,PC8,ADC2.IN2,analog,default,3,3,confirmed
CH32X315,PC8,SPI3.SCS,spi,af-4,3,3,confirmed
CH32X315,PC8,TIM3.CH1,timer,af-7,3,3,confirmed
CH32X315,PC8,USART3.TX,uart,af-1,3,3,confirmed
CH32X315,PC9,ADC2.IN3,analog,default,3,3,confirmed
CH32X315,PC9,SPI3.SCK,spi,af-4,3,3,confirmed
CH32X315,PC9,TIM3.CH2,timer,af-7,3,3,confirmed
CH32X315,PC9,USART3.RX,uart,af-1,3,3,confirmed
CH32X315,PD10,ADC3.IN4,analog,default,2,3,confirmed
CH32X315,PD10,SPI3.SCS,spi,af-4,2,3,confirmed
CH32X315,PD10,TIM4.CH1,timer,af-7,2,3,confirmed
CH32X315,PD11,ADC3.IN5,analog,default,2,3,confirmed
CH32X315,PD11,SPI3.SCK,spi,af-4,2,3,confirmed
CH32X315,PD11,TIM4.CH2,timer,af-7,2,3,confirmed
CH32X315,PD11,USART4.CK,uart,af-1,2,3,confirmed
CH32X315,PD12,ADC3.IN6,analog,default,3,3,confirmed
CH32X315,PD12,SPI3.MOSI,spi,af-4,3,3,confirmed
CH32X315,PD12,TIM4.CH3,timer,af-7,3,3,confirmed
CH32X315,PD12,USART4.CTS,uart,af-1,3,3,confirmed
CH32X315,PD13,ADC3.IN7,analog,default,3,3,confirmed
CH32X315,PD13,SPI3.MISO,spi,af-4,3,3,confirmed
CH32X315,PD13,TIM1.CH1N,timer,af-6,3,3,confirmed
CH32X315,PD13,TIM4.CH4,timer,af-7,3,3,confirmed
CH32X315,PD13,USART4.RTS,uart,af-1,3,3,confirmed
CH32X315,PD14,ADC4.IN0,analog,default,2,3,confirmed
CH32X315,PD14,SPI1.MISO,spi,af-4,2,3,confirmed
CH32X315,PD15,ADC4.IN1,analog,default,2,3,confirmed
CH32X315,PD2,SPI1.MOSI,spi,af-4,2,3,confirmed
CH32X315,PD3,SPI1.MISO,spi,af-4,3,3,confirmed
CH32X315,PD3,TIM1.BKIN,timer,af-6,3,3,confirmed
CH32X315,PD3,TIM3.CH1,timer,af-7,3,3,confirmed
CH32X315,PD4,ADC3.IN10,analog,default,3,3,confirmed
CH32X315,PD4,I2C1.SCL,i2c,af-3,3,3,confirmed
CH32X315,PD4,TIM1.CH4,timer,af-6,3,3,confirmed
CH32X315,PD4,TIM3.CH2,timer,af-7,3,3,confirmed
CH32X315,PD4,USART1.TX,uart,af-1,3,3,confirmed
CH32X315,PD5,ADC3.IN11,analog,default,3,3,confirmed
CH32X315,PD5,I2C1.SDA,i2c,af-3,3,3,confirmed
CH32X315,PD5,TIM3.CH3,timer,af-7,3,3,confirmed
CH32X315,PD5,USART1.RX,uart,af-1,3,3,confirmed
CH32X315,PD6,I2C2.SCL,i2c,af-3,3,3,confirmed
CH32X315,PD6,USART2.TX,uart,af-1,3,3,confirmed
CH32X315,PD7,I2C2.SDA,i2c,af-3,3,3,confirmed
CH32X315,PD7,USART2.RX,uart,af-1,3,3,confirmed
CH32X315,PD8,ADC3.IN2,analog,default,2,3,confirmed
CH32X315,PD8,USART1.TX,uart,af-1,2,3,confirmed
CH32X315,PD9,ADC3.IN3,analog,default,2,3,confirmed
CH32X315,PD9,USART1.RX,uart,af-1,2,3,confirmed
CH32X315,XI,I2C2.SCL,i2c,af-3,3,3,confirmed
CH32X315,XI,SPI1.SCS,spi,af-4,3,3,confirmed
CH32X315,XI,USART1.RX,uart,af-1,3,3,confirmed
CH32X315,XO,I2C2.SDA,i2c,af-3,3,3,confirmed
CH32X315,XO,SPI1.SCK,spi,af-4,3,3,confirmed
CH32X315,XO,USART1.TX,uart,af-1,3,3,confirmed
